chain_name,hotel_name,description,email,country,city,street,number,room_type,capacity,price,room_number,checkin,checkout,status,rating,comment,review_date
Marriott,Marriott Mountain Resort,Mountain Resort description,info0@hotel.com,Ukraine,Dnipro,Shevchenka,40,Double,3,69,59,2024-08-31,2024-09-04,checked-in,5,Good hotel,2024-08-31
Marriott,Marriott Grand Hotel,Grand Hotel description,info1@hotel.com,Ukraine,Kyiv,Shevchenka,42,Single,2,236,34,2024-07-25,2024-07-27,checked-in,4,Good hotel,2024-07-25
Hyatt,Hyatt Grand Hotel,Grand Hotel description,info2@hotel.com,Ukraine,Lviv,Shevchenka,12,Suite,1,282,241,2024-05-28,2024-06-01,confirmed,3,Good hotel,2024-05-28
Accor,Accor City Inn,City Inn description,info3@hotel.com,Ukraine,Odesa,Shevchenka,97,Suite,2,271,261,2024-05-02,2024-05-09,confirmed,2,Good hotel,2024-05-02
Radisson,Radisson Grand Hotel,Grand Hotel description,info4@hotel.com,Ukraine,Lviv,Shevchenka,69,Suite,2,167,276,2024-02-09,2024-02-12,pending,5,Good hotel,2024-02-09
Hilton,Hilton Sea View,Sea View description,info5@hotel.com,Ukraine,Odesa,Shevchenka,43,Suite,1,80,1,2024-08-29,2024-09-02,confirmed,1,Good hotel,2024-08-29
Hilton,Hilton Grand Hotel,Grand Hotel description,info6@hotel.com,Ukraine,Lviv,Shevchenka,24,Double,4,245,398,2024-02-23,2024-02-26,confirmed,1,Good hotel,2024-02-23
Hilton,Hilton Mountain Resort,Mountain Resort description,info7@hotel.com,Ukraine,Dnipro,Shevchenka,81,Single,2,178,428,2024-10-25,2024-10-27,pending,4,Good hotel,2024-10-25
Hilton,Hilton Mountain Resort,Mountain Resort description,info8@hotel.com,Ukraine,Dnipro,Shevchenka,23,Suite,3,265,399,2024-11-09,2024-11-15,pending,1,Good hotel,2024-11-09
Marriott,Marriott Mountain Resort,Mountain Resort description,info9@hotel.com,Ukraine,Odesa,Shevchenka,62,Double,4,244,71,2024-10-15,2024-10-22,checked-out,2,Good hotel,2024-10-15
Marriott,Marriott Mountain Resort,Mountain Resort description,info10@hotel.com,Ukraine,Kyiv,Shevchenka,42,Double,1,218,283,2024-11-12,2024-11-17,confirmed,3,Good hotel,2024-11-12
Marriott,Marriott Grand Hotel,Grand Hotel description,info11@hotel.com,Ukraine,Kyiv,Shevchenka,23,Suite,1,249,47,2024-08-11,2024-08-17,confirmed,2,Good hotel,2024-08-11
Radisson,Radisson Mountain Resort,Mountain Resort description,info12@hotel.com,Ukraine,Kyiv,Shevchenka,44,Single,4,253,345,2024-08-06,2024-08-12,confirmed,3,Good hotel,2024-08-06
Hilton,Hilton Sea View,Sea View description,info13@hotel.com,Ukraine,Kyiv,Shevchenka,76,Suite,4,174,214,2024-06-05,2024-06-12,checked-in,1,Good hotel,2024-06-05
Marriott,Marriott Sea View,Sea View description,info14@hotel.com,Ukraine,Odesa,Shevchenka,65,Double,2,136,72,2024-12-07,2024-12-10,confirmed,1,Good hotel,2024-12-07
Hilton,Hilton Grand Hotel,Grand Hotel description,info15@hotel.com,Ukraine,Kyiv,Shevchenka,92,Double,2,226,166,2024-02-14,2024-02-16,checked-in,2,Good hotel,2024-02-14
Hilton,Hilton Sea View,Sea View description,info16@hotel.com,Ukraine,Kyiv,Shevchenka,51,Double,4,209,308,2024-11-15,2024-11-22,confirmed,2,Good hotel,2024-11-15
Hyatt,Hyatt Sea View,Sea View description,info17@hotel.com,Ukraine,Dnipro,Shevchenka,2,Double,1,147,303,2024-07-18,2024-07-22,pending,5,Good hotel,2024-07-18
Hilton,Hilton Mountain Resort,Mountain Resort description,info18@hotel.com,Ukraine,Odesa,Shevchenka,34,Suite,3,162,368,2024-12-14,2024-12-17,checked-in,5,Good hotel,2024-12-14
Marriott,Marriott City Inn,City Inn description,info19@hotel.com,Ukraine,Lviv,Shevchenka,38,Double,1,161,151,2024-11-25,2024-11-28,checked-out,2,Good hotel,2024-11-25
Hilton,Hilton City Inn,City Inn description,info20@hotel.com,Ukraine,Kyiv,Shevchenka,74,Double,2,188,167,2024-08-01,2024-08-06,checked-out,4,Good hotel,2024-08-01
Hyatt,Hyatt Grand Hotel,Grand Hotel description,info21@hotel.com,Ukraine,Kyiv,Shevchenka,20,Single,4,125,474,2024-12-22,2024-12-25,checked-in,1,Good hotel,2024-12-22
Marriott,Marriott Grand Hotel,Grand Hotel description,info22@hotel.com,Ukraine,Kyiv,Shevchenka,17,Suite,4,249,377,2024-10-13,2024-10-20,checked-out,1,Good hotel,2024-10-13
Hilton,Hilton Grand Hotel,Grand Hotel description,info23@hotel.com,Ukraine,Dnipro,Shevchenka,46,Suite,3,281,243,2024-12-22,2024-12-27,confirmed,4,Good hotel,2024-12-22
Radisson,Radisson City Inn,City Inn description,info24@hotel.com,Ukraine,Lviv,Shevchenka,81,Double,1,87,343,2024-05-25,2024-05-31,checked-out,5,Good hotel,2024-05-25
Accor,Accor Grand Hotel,Grand Hotel description,info25@hotel.com,Ukraine,Odesa,Shevchenka,29,Suite,3,126,62,2024-01-20,2024-01-21,checked-out,1,Good hotel,2024-01-20
Radisson,Radisson Mountain Resort,Mountain Resort description,info26@hotel.com,Ukraine,Odesa,Shevchenka,44,Single,4,201,26,2024-02-24,2024-02-29,pending,5,Good hotel,2024-02-24
Accor,Accor Grand Hotel,Grand Hotel description,info27@hotel.com,Ukraine,Kyiv,Shevchenka,90,Single,2,181,104,2024-05-07,2024-05-08,pending,1,Good hotel,2024-05-07
Hilton,Hilton City Inn,City Inn description,info28@hotel.com,Ukraine,Lviv,Shevchenka,49,Single,2,211,181,2024-12-22,2024-12-24,checked-in,2,Good hotel,2024-12-22
Marriott,Marriott Mountain Resort,Mountain Resort description,info29@hotel.com,Ukraine,Lviv,Shevchenka,48,Suite,1,243,269,2024-07-27,2024-07-29,checked-out,3,Good hotel,2024-07-27
Radisson,Radisson City Inn,City Inn description,info30@hotel.com,Ukraine,Lviv,Shevchenka,14,Single,2,170,200,2024-12-21,2024-12-28,pending,5,Good hotel,2024-12-21
Hilton,Hilton Sea View,Sea View description,info31@hotel.com,Ukraine,Dnipro,Shevchenka,36,Single,2,279,170,2024-02-01,2024-02-07,confirmed,3,Good hotel,2024-02-01
Marriott,Marriott Sea View,Sea View description,info32@hotel.com,Ukraine,Odesa,Shevchenka,83,Single,1,237,464,2024-01-15,2024-01-16,checked-out,2,Good hotel,2024-01-15
Marriott,Marriott Grand Hotel,Grand Hotel description,info33@hotel.com,Ukraine,Kyiv,Shevchenka,2,Double,2,189,392,2024-07-03,2024-07-05,confirmed,1,Good hotel,2024-07-03
Hilton,Hilton Sea View,Sea View description,info34@hotel.com,Ukraine,Kyiv,Shevchenka,42,Suite,2,171,357,2024-07-17,2024-07-23,pending,3,Good hotel,2024-07-17
Radisson,Radisson City Inn,City Inn description,info35@hotel.com,Ukraine,Dnipro,Shevchenka,8,Single,2,131,453,2024-11-11,2024-11-13,checked-in,5,Good hotel,2024-11-11
Marriott,Marriott Mountain Resort,Mountain Resort description,info36@hotel.com,Ukraine,Kyiv,Shevchenka,86,Single,3,145,84,2024-02-17,2024-02-21,pending,2,Good hotel,2024-02-17
Radisson,Radisson City Inn,City Inn description,info37@hotel.com,Ukraine,Kyiv,Shevchenka,2,Suite,2,145,190,2024-03-29,2024-03-30,checked-in,5,Good hotel,2024-03-29
Hilton,Hilton Mountain Resort,Mountain Resort description,info38@hotel.com,Ukraine,Kyiv,Shevchenka,37,Suite,1,262,357,2024-02-19,2024-02-22,checked-in,4,Good hotel,2024-02-19
Accor,Accor Sea View,Sea View description,info39@hotel.com,Ukraine,Kyiv,Shevchenka,9,Single,3,60,500,2024-08-18,2024-08-20,pending,4,Good hotel,2024-08-18
Radisson,Radisson Sea View,Sea View description,info40@hotel.com,Ukraine,Lviv,Shevchenka,54,Suite,4,130,72,2024-01-03,2024-01-09,checked-out,3,Good hotel,2024-01-03
Radisson,Radisson Mountain Resort,Mountain Resort description,info41@hotel.com,Ukraine,Lviv,Shevchenka,98,Double,3,92,175,2024-05-15,2024-05-17,confirmed,1,Good hotel,2024-05-15
Hilton,Hilton Sea View,Sea View description,info42@hotel.com,Ukraine,Odesa,Shevchenka,41,Single,1,184,43,2024-08-14,2024-08-20,pending,2,Good hotel,2024-08-14
Accor,Accor City Inn,City Inn description,info43@hotel.com,Ukraine,Kyiv,Shevchenka,38,Suite,4,253,216,2024-08-29,2024-09-03,checked-out,4,Good hotel,2024-08-29
Hyatt,Hyatt Sea View,Sea View description,info44@hotel.com,Ukraine,Dnipro,Shevchenka,82,Single,4,153,372,2024-07-24,2024-07-26,confirmed,1,Good hotel,2024-07-24
Hyatt,Hyatt Sea View,Sea View description,info45@hotel.com,Ukraine,Lviv,Shevchenka,58,Suite,4,79,227,2024-09-08,2024-09-13,checked-in,5,Good hotel,2024-09-08
Hyatt,Hyatt Grand Hotel,Grand Hotel description,info46@hotel.com,Ukraine,Kyiv,Shevchenka,1,Double,3,88,431,2024-12-17,2024-12-20,checked-in,3,Good hotel,2024-12-17
Marriott,Marriott Grand Hotel,Grand Hotel description,info47@hotel.com,Ukraine,Odesa,Shevchenka,75,Single,1,234,354,2024-06-18,2024-06-25,pending,4,Good hotel,2024-06-18
Hilton,Hilton Grand Hotel,Grand Hotel description,info48@hotel.com,Ukraine,Odesa,Shevchenka,35,Suite,3,173,171,2024-06-02,2024-06-03,checked-in,1,Good hotel,2024-06-02
Accor,Accor Sea View,Sea View description,info49@hotel.com,Ukraine,Lviv,Shevchenka,40,Suite,1,86,67,2024-02-22,2024-02-25,pending,3,Good hotel,2024-02-22
Marriott,Marriott City Inn,City Inn description,info50@hotel.com,Ukraine,Dnipro,Shevchenka,2,Single,1,247,103,2024-03-16,2024-03-20,pending,1,Good hotel,2024-03-16
Marriott,Marriott Sea View,Sea View description,info51@hotel.com,Ukraine,Lviv,Shevchenka,96,Double,1,170,86,2024-02-07,2024-02-14,confirmed,3,Good hotel,2024-02-07
Hilton,Hilton Sea View,Sea View description,info52@hotel.com,Ukraine,Kyiv,Shevchenka,57,Suite,2,251,139,2024-03-10,2024-03-13,confirmed,2,Good hotel,2024-03-10
Accor,Accor Sea View,Sea View description,info53@hotel.com,Ukraine,Lviv,Shevchenka,24,Double,2,144,354,2024-10-29,2024-11-03,confirmed,5,Good hotel,2024-10-29
Radisson,Radisson Mountain Resort,Mountain Resort description,info54@hotel.com,Ukraine,Kyiv,Shevchenka,53,Suite,4,62,42,2024-01-15,2024-01-19,checked-out,2,Good hotel,2024-01-15
Hilton,Hilton Grand Hotel,Grand Hotel description,info55@hotel.com,Ukraine,Odesa,Shevchenka,72,Suite,1,289,472,2024-07-07,2024-07-11,confirmed,3,Good hotel,2024-07-07
Hyatt,Hyatt Sea View,Sea View description,info56@hotel.com,Ukraine,Odesa,Shevchenka,86,Suite,3,134,399,2024-01-15,2024-01-18,checked-in,3,Good hotel,2024-01-15
Marriott,Marriott Mountain Resort,Mountain Resort description,info57@hotel.com,Ukraine,Dnipro,Shevchenka,59,Suite,2,300,448,2024-11-30,2024-12-03,confirmed,3,Good hotel,2024-11-30
Accor,Accor Grand Hotel,Grand Hotel description,info58@hotel.com,Ukraine,Lviv,Shevchenka,34,Single,2,116,87,2024-07-21,2024-07-24,checked-out,3,Good hotel,2024-07-21
Hyatt,Hyatt Grand Hotel,Grand Hotel description,info59@hotel.com,Ukraine,Lviv,Shevchenka,94,Single,2,111,411,2024-03-07,2024-03-14,confirmed,2,Good hotel,2024-03-07
Hyatt,Hyatt Grand Hotel,Grand Hotel description,info60@hotel.com,Ukraine,Dnipro,Shevchenka,48,Single,3,68,248,2024-04-08,2024-04-14,checked-in,3,Good hotel,2024-04-08
Hyatt,Hyatt Mountain Resort,Mountain Resort description,info61@hotel.com,Ukraine,Dnipro,Shevchenka,94,Single,3,221,257,2024-02-21,2024-02-25,confirmed,1,Good hotel,2024-02-21
Hilton,Hilton Mountain Resort,Mountain Resort description,info62@hotel.com,Ukraine,Kyiv,Shevchenka,73,Suite,3,176,400,2024-05-30,2024-06-06,confirmed,1,Good hotel,2024-05-30
Marriott,Marriott Grand Hotel,Grand Hotel description,info63@hotel.com,Ukraine,Lviv,Shevchenka,17,Single,4,244,151,2024-08-30,2024-08-31,confirmed,1,Good hotel,2024-08-30
Hyatt,Hyatt Sea View,Sea View description,info64@hotel.com,Ukraine,Lviv,Shevchenka,9,Single,1,117,441,2024-10-19,2024-10-26,pending,2,Good hotel,2024-10-19
Hyatt,Hyatt Mountain Resort,Mountain Resort description,info65@hotel.com,Ukraine,Dnipro,Shevchenka,49,Suite,4,137,101,2024-03-15,2024-03-19,pending,2,Good hotel,2024-03-15
Marriott,Marriott City Inn,City Inn description,info66@hotel.com,Ukraine,Odesa,Shevchenka,79,Single,2,87,204,2024-03-16,2024-03-17,checked-out,5,Good hotel,2024-03-16
Marriott,Marriott Mountain Resort,Mountain Resort description,info67@hotel.com,Ukraine,Odesa,Shevchenka,12,Suite,3,143,140,2024-02-01,2024-02-03,checked-out,4,Good hotel,2024-02-01
Accor,Accor Grand Hotel,Grand Hotel description,info68@hotel.com,Ukraine,Lviv,Shevchenka,75,Suite,1,135,346,2024-08-27,2024-08-31,checked-in,1,Good hotel,2024-08-27
Radisson,Radisson Grand Hotel,Grand Hotel description,info69@hotel.com,Ukraine,Dnipro,Shevchenka,36,Double,4,96,248,2024-09-03,2024-09-07,checked-in,2,Good hotel,2024-09-03
Hyatt,Hyatt Grand Hotel,Grand Hotel description,info70@hotel.com,Ukraine,Dnipro,Shevchenka,75,Double,4,186,205,2024-01-09,2024-01-15,confirmed,2,Good hotel,2024-01-09
Radisson,Radisson Mountain Resort,Mountain Resort description,info71@hotel.com,Ukraine,Lviv,Shevchenka,48,Single,4,259,173,2024-11-05,2024-11-08,pending,2,Good hotel,2024-11-05
Radisson,Radisson City Inn,City Inn description,info72@hotel.com,Ukraine,Odesa,Shevchenka,65,Single,3,110,434,2024-07-26,2024-08-02,pending,2,Good hotel,2024-07-26
Hyatt,Hyatt Grand Hotel,Grand Hotel description,info73@hotel.com,Ukraine,Dnipro,Shevchenka,29,Single,2,190,77,2024-04-16,2024-04-23,pending,4,Good hotel,2024-04-16
Hyatt,Hyatt Mountain Resort,Mountain Resort description,info74@hotel.com,Ukraine,Odesa,Shevchenka,16,Single,4,284,141,2024-12-12,2024-12-16,confirmed,4,Good hotel,2024-12-12
Hilton,Hilton City Inn,City Inn description,info75@hotel.com,Ukraine,Lviv,Shevchenka,51,Single,1,225,126,2024-10-15,2024-10-22,checked-in,2,Good hotel,2024-10-15
Hyatt,Hyatt Sea View,Sea View description,info76@hotel.com,Ukraine,Kyiv,Shevchenka,57,Suite,1,155,444,2024-11-22,2024-11-29,confirmed,2,Good hotel,2024-11-22
Radisson,Radisson City Inn,City Inn description,info77@hotel.com,Ukraine,Kyiv,Shevchenka,88,Suite,4,147,125,2024-05-11,2024-05-12,pending,3,Good hotel,2024-05-11
Marriott,Marriott City Inn,City Inn description,info78@hotel.com,Ukraine,Odesa,Shevchenka,27,Double,3,227,450,2024-08-29,2024-09-03,checked-in,5,Good hotel,2024-08-29
Accor,Accor Sea View,Sea View description,info79@hotel.com,Ukraine,Lviv,Shevchenka,28,Suite,3,224,159,2024-01-14,2024-01-17,checked-in,5,Good hotel,2024-01-14
Hilton,Hilton Grand Hotel,Grand Hotel description,info80@hotel.com,Ukraine,Kyiv,Shevchenka,58,Single,1,276,288,2024-06-17,2024-06-23,checked-out,3,Good hotel,2024-06-17
Marriott,Marriott Sea View,Sea View description,info81@hotel.com,Ukraine,Kyiv,Shevchenka,32,Single,4,248,146,2024-04-29,2024-05-04,checked-out,3,Good hotel,2024-04-29
Radisson,Radisson Grand Hotel,Grand Hotel description,info82@hotel.com,Ukraine,Lviv,Shevchenka,3,Double,3,92,82,2024-09-14,2024-09-16,confirmed,3,Good hotel,2024-09-14
Radisson,Radisson City Inn,City Inn description,info83@hotel.com,Ukraine,Dnipro,Shevchenka,5,Suite,3,80,124,2024-10-09,2024-10-13,checked-out,5,Good hotel,2024-10-09
Hilton,Hilton Mountain Resort,Mountain Resort description,info84@hotel.com,Ukraine,Odesa,Shevchenka,5,Double,3,148,441,2024-02-16,2024-02-23,confirmed,5,Good hotel,2024-02-16
Marriott,Marriott Sea View,Sea View description,info85@hotel.com,Ukraine,Dnipro,Shevchenka,38,Double,4,136,11,2024-10-09,2024-10-12,checked-out,4,Good hotel,2024-10-09
Hilton,Hilton City Inn,City Inn description,info86@hotel.com,Ukraine,Lviv,Shevchenka,54,Suite,4,77,12,2024-11-22,2024-11-25,checked-in,5,Good hotel,2024-11-22
Marriott,Marriott Sea View,Sea View description,info87@hotel.com,Ukraine,Kyiv,Shevchenka,47,Double,1,290,170,2024-03-28,2024-03-30,pending,4,Good hotel,2024-03-28
Hilton,Hilton City Inn,City Inn description,info88@hotel.com,Ukraine,Lviv,Shevchenka,1,Single,2,188,73,2024-04-18,2024-04-23,confirmed,1,Good hotel,2024-04-18
Hyatt,Hyatt Grand Hotel,Grand Hotel description,info89@hotel.com,Ukraine,Kyiv,Shevchenka,28,Suite,2,124,37,2024-09-12,2024-09-17,checked-in,3,Good hotel,2024-09-12
Hyatt,Hyatt Grand Hotel,Grand Hotel description,info90@hotel.com,Ukraine,Lviv,Shevchenka,16,Double,2,235,365,2024-02-17,2024-02-21,checked-out,2,Good hotel,2024-02-17
Accor,Accor Mountain Resort,Mountain Resort description,info91@hotel.com,Ukraine,Odesa,Shevchenka,33,Single,4,279,287,2024-07-05,2024-07-07,checked-in,5,Good hotel,2024-07-05
Hyatt,Hyatt City Inn,City Inn description,info92@hotel.com,Ukraine,Kyiv,Shevchenka,78,Double,1,210,273,2024-08-26,2024-08-31,confirmed,1,Good hotel,2024-08-26
Accor,Accor City Inn,City Inn description,info93@hotel.com,Ukraine,Dnipro,Shevchenka,44,Double,4,61,403,2024-11-26,2024-12-02,checked-out,3,Good hotel,2024-11-26
Accor,Accor Mountain Resort,Mountain Resort description,info94@hotel.com,Ukraine,Lviv,Shevchenka,74,Suite,4,117,374,2024-11-23,2024-11-25,confirmed,4,Good hotel,2024-11-23
Hilton,Hilton Grand Hotel,Grand Hotel description,info95@hotel.com,Ukraine,Dnipro,Shevchenka,3,Double,3,63,192,2024-06-23,2024-06-26,checked-in,2,Good hotel,2024-06-23
Hyatt,Hyatt Mountain Resort,Mountain Resort description,info96@hotel.com,Ukraine,Dnipro,Shevchenka,42,Single,3,297,437,2024-05-08,2024-05-09,checked-in,1,Good hotel,2024-05-08
Hyatt,Hyatt Sea View,Sea View description,info97@hotel.com,Ukraine,Kyiv,Shevchenka,84,Suite,2,247,345,2024-07-04,2024-07-06,checked-in,2,Good hotel,2024-07-04
Radisson,Radisson City Inn,City Inn description,info98@hotel.com,Ukraine,Odesa,Shevchenka,69,Single,1,62,360,2024-11-29,2024-12-04,pending,5,Good hotel,2024-11-29
Radisson,Radisson City Inn,City Inn description,info99@hotel.com,Ukraine,Lviv,Shevchenka,4,Double,1,168,321,2024-05-25,2024-05-31,pending,2,Good hotel,2024-05-25
Hilton,Hilton Grand Hotel,Grand Hotel description,info100@hotel.com,Ukraine,Kyiv,Shevchenka,39,Single,2,126,434,2024-09-04,2024-09-09,confirmed,2,Good hotel,2024-09-04
Hyatt,Hyatt City Inn,City Inn description,info101@hotel.com,Ukraine,Dnipro,Shevchenka,9,Single,2,186,482,2024-01-10,2024-01-12,pending,2,Good hotel,2024-01-10
Marriott,Marriott City Inn,City Inn description,info102@hotel.com,Ukraine,Lviv,Shevchenka,11,Suite,3,261,469,2024-03-21,2024-03-26,confirmed,1,Good hotel,2024-03-21
Hyatt,Hyatt Sea View,Sea View description,info103@hotel.com,Ukraine,Odesa,Shevchenka,58,Suite,1,280,427,2024-02-18,2024-02-19,checked-in,5,Good hotel,2024-02-18
Accor,Accor Mountain Resort,Mountain Resort description,info104@hotel.com,Ukraine,Lviv,Shevchenka,21,Single,4,278,281,2024-11-22,2024-11-26,checked-out,2,Good hotel,2024-11-22
Radisson,Radisson Sea View,Sea View description,info105@hotel.com,Ukraine,Kyiv,Shevchenka,92,Suite,1,274,50,2024-10-04,2024-10-05,pending,2,Good hotel,2024-10-04
Hyatt,Hyatt Sea View,Sea View description,info106@hotel.com,Ukraine,Odesa,Shevchenka,90,Suite,2,251,106,2024-07-18,2024-07-25,confirmed,4,Good hotel,2024-07-18
Radisson,Radisson Sea View,Sea View description,info107@hotel.com,Ukraine,Odesa,Shevchenka,96,Single,2,70,83,2024-01-10,2024-01-17,checked-out,5,Good hotel,2024-01-10
Accor,Accor City Inn,City Inn description,info108@hotel.com,Ukraine,Odesa,Shevchenka,93,Single,2,280,202,2024-03-14,2024-03-17,pending,3,Good hotel,2024-03-14
Hyatt,Hyatt Sea View,Sea View description,info109@hotel.com,Ukraine,Dnipro,Shevchenka,78,Suite,3,124,104,2024-10-13,2024-10-20,confirmed,1,Good hotel,2024-10-13
Hilton,Hilton Mountain Resort,Mountain Resort description,info110@hotel.com,Ukraine,Lviv,Shevchenka,85,Single,1,267,372,2024-02-09,2024-02-11,pending,5,Good hotel,2024-02-09
Marriott,Marriott Mountain Resort,Mountain Resort description,info111@hotel.com,Ukraine,Odesa,Shevchenka,39,Double,1,119,191,2024-05-10,2024-05-12,checked-in,3,Good hotel,2024-05-10
Hyatt,Hyatt City Inn,City Inn description,info112@hotel.com,Ukraine,Dnipro,Shevchenka,53,Double,2,270,462,2024-06-24,2024-06-25,confirmed,5,Good hotel,2024-06-24
Hilton,Hilton Mountain Resort,Mountain Resort description,info113@hotel.com,Ukraine,Odesa,Shevchenka,6,Suite,4,256,109,2024-10-15,2024-10-22,checked-in,2,Good hotel,2024-10-15
Accor,Accor Grand Hotel,Grand Hotel description,info114@hotel.com,Ukraine,Kyiv,Shevchenka,45,Double,4,83,350,2024-04-01,2024-04-02,checked-in,1,Good hotel,2024-04-01
Marriott,Marriott Mountain Resort,Mountain Resort description,info115@hotel.com,Ukraine,Odesa,Shevchenka,60,Suite,3,181,143,2024-09-02,2024-09-03,pending,3,Good hotel,2024-09-02
Accor,Accor Sea View,Sea View description,info116@hotel.com,Ukraine,Kyiv,Shevchenka,45,Single,3,81,474,2024-10-09,2024-10-14,pending,2,Good hotel,2024-10-09
Hilton,Hilton Sea View,Sea View description,info117@hotel.com,Ukraine,Dnipro,Shevchenka,99,Double,2,281,229,2024-04-02,2024-04-09,checked-in,2,Good hotel,2024-04-02
Marriott,Marriott Mountain Resort,Mountain Resort description,info118@hotel.com,Ukraine,Dnipro,Shevchenka,56,Double,4,271,389,2024-06-19,2024-06-20,confirmed,3,Good hotel,2024-06-19
Hilton,Hilton Mountain Resort,Mountain Resort description,info119@hotel.com,Ukraine,Lviv,Shevchenka,5,Suite,3,51,399,2024-12-02,2024-12-04,confirmed,4,Good hotel,2024-12-02
Hilton,Hilton Grand Hotel,Grand Hotel description,info120@hotel.com,Ukraine,Kyiv,Shevchenka,54,Single,2,225,405,2024-11-11,2024-11-14,checked-out,2,Good hotel,2024-11-11
Hyatt,Hyatt Sea View,Sea View description,info121@hotel.com,Ukraine,Dnipro,Shevchenka,34,Single,4,185,277,2024-09-05,2024-09-10,confirmed,5,Good hotel,2024-09-05
Radisson,Radisson Grand Hotel,Grand Hotel description,info122@hotel.com,Ukraine,Lviv,Shevchenka,63,Double,4,165,463,2024-02-08,2024-02-10,checked-out,5,Good hotel,2024-02-08
Hyatt,Hyatt City Inn,City Inn description,info123@hotel.com,Ukraine,Kyiv,Shevchenka,84,Suite,1,267,127,2024-08-16,2024-08-21,checked-in,5,Good hotel,2024-08-16
Marriott,Marriott Sea View,Sea View description,info124@hotel.com,Ukraine,Lviv,Shevchenka,70,Double,4,155,12,2024-08-15,2024-08-20,pending,5,Good hotel,2024-08-15
Marriott,Marriott Mountain Resort,Mountain Resort description,info125@hotel.com,Ukraine,Dnipro,Shevchenka,69,Single,3,191,458,2024-04-03,2024-04-09,checked-out,1,Good hotel,2024-04-03
Hilton,Hilton Mountain Resort,Mountain Resort description,info126@hotel.com,Ukraine,Odesa,Shevchenka,58,Double,2,105,332,2024-09-28,2024-09-29,checked-in,4,Good hotel,2024-09-28
Hyatt,Hyatt City Inn,City Inn description,info127@hotel.com,Ukraine,Dnipro,Shevchenka,73,Suite,2,113,435,2024-05-14,2024-05-17,confirmed,5,Good hotel,2024-05-14
Marriott,Marriott Mountain Resort,Mountain Resort description,info128@hotel.com,Ukraine,Lviv,Shevchenka,64,Double,1,243,144,2024-12-14,2024-12-17,confirmed,4,Good hotel,2024-12-14
Accor,Accor Grand Hotel,Grand Hotel description,info129@hotel.com,Ukraine,Odesa,Shevchenka,35,Suite,4,154,482,2024-02-24,2024-03-01,pending,4,Good hotel,2024-02-24
Hilton,Hilton Sea View,Sea View description,info130@hotel.com,Ukraine,Lviv,Shevchenka,85,Suite,2,256,301,2024-03-25,2024-03-28,confirmed,1,Good hotel,2024-03-25
Hyatt,Hyatt Grand Hotel,Grand Hotel description,info131@hotel.com,Ukraine,Odesa,Shevchenka,58,Suite,2,118,395,2024-04-07,2024-04-14,confirmed,3,Good hotel,2024-04-07
Accor,Accor Sea View,Sea View description,info132@hotel.com,Ukraine,Odesa,Shevchenka,74,Suite,3,161,323,2024-04-22,2024-04-27,pending,3,Good hotel,2024-04-22
Hyatt,Hyatt Mountain Resort,Mountain Resort description,info133@hotel.com,Ukraine,Kyiv,Shevchenka,29,Single,4,277,8,2024-05-08,2024-05-11,checked-out,1,Good hotel,2024-05-08
Hilton,Hilton Mountain Resort,Mountain Resort description,info134@hotel.com,Ukraine,Lviv,Shevchenka,72,Single,3,198,145,2024-10-13,2024-10-20,checked-out,3,Good hotel,2024-10-13
Hyatt,Hyatt Grand Hotel,Grand Hotel description,info135@hotel.com,Ukraine,Lviv,Shevchenka,23,Single,3,279,113,2024-07-07,2024-07-09,pending,1,Good hotel,2024-07-07
Hilton,Hilton Grand Hotel,Grand Hotel description,info136@hotel.com,Ukraine,Dnipro,Shevchenka,68,Suite,4,253,303,2024-04-14,2024-04-17,confirmed,3,Good hotel,2024-04-14
Accor,Accor Grand Hotel,Grand Hotel description,info137@hotel.com,Ukraine,Odesa,Shevchenka,72,Double,1,129,97,2024-05-08,2024-05-15,checked-in,1,Good hotel,2024-05-08
Radisson,Radisson City Inn,City Inn description,info138@hotel.com,Ukraine,Odesa,Shevchenka,67,Suite,2,289,210,2024-01-22,2024-01-25,confirmed,2,Good hotel,2024-01-22
Accor,Accor Sea View,Sea View description,info139@hotel.com,Ukraine,Kyiv,Shevchenka,70,Suite,4,81,416,2024-07-15,2024-07-16,confirmed,1,Good hotel,2024-07-15
Radisson,Radisson Sea View,Sea View description,info140@hotel.com,Ukraine,Odesa,Shevchenka,49,Double,3,180,24,2024-09-02,2024-09-04,confirmed,5,Good hotel,2024-09-02
Radisson,Radisson City Inn,City Inn description,info141@hotel.com,Ukraine,Lviv,Shevchenka,16,Double,4,267,98,2024-08-17,2024-08-21,checked-out,5,Good hotel,2024-08-17
Hyatt,Hyatt City Inn,City Inn description,info142@hotel.com,Ukraine,Odesa,Shevchenka,8,Suite,1,223,143,2024-09-28,2024-10-05,pending,1,Good hotel,2024-09-28
Hyatt,Hyatt City Inn,City Inn description,info143@hotel.com,Ukraine,Dnipro,Shevchenka,100,Suite,1,252,390,2024-06-21,2024-06-25,checked-out,3,Good hotel,2024-06-21
Radisson,Radisson Mountain Resort,Mountain Resort description,info144@hotel.com,Ukraine,Odesa,Shevchenka,36,Double,4,198,21,2024-11-21,2024-11-26,checked-in,4,Good hotel,2024-11-21
Hyatt,Hyatt City Inn,City Inn description,info145@hotel.com,Ukraine,Kyiv,Shevchenka,9,Single,2,254,395,2024-08-26,2024-08-31,pending,1,Good hotel,2024-08-26
Radisson,Radisson Mountain Resort,Mountain Resort description,info146@hotel.com,Ukraine,Lviv,Shevchenka,10,Single,1,59,204,2024-11-24,2024-11-25,checked-out,5,Good hotel,2024-11-24
Hilton,Hilton Grand Hotel,Grand Hotel description,info147@hotel.com,Ukraine,Lviv,Shevchenka,37,Single,4,78,94,2024-09-09,2024-09-12,checked-in,1,Good hotel,2024-09-09
Accor,Accor Grand Hotel,Grand Hotel description,info148@hotel.com,Ukraine,Odesa,Shevchenka,65,Double,1,295,23,2024-03-24,2024-03-25,pending,1,Good hotel,2024-03-24
Marriott,Marriott City Inn,City Inn description,info149@hotel.com,Ukraine,Dnipro,Shevchenka,66,Single,2,160,256,2024-03-28,2024-03-29,pending,4,Good hotel,2024-03-28
Radisson,Radisson Mountain Resort,Mountain Resort description,info150@hotel.com,Ukraine,Dnipro,Shevchenka,42,Double,3,187,202,2024-03-25,2024-04-01,confirmed,2,Good hotel,2024-03-25
Hyatt,Hyatt City Inn,City Inn description,info151@hotel.com,Ukraine,Lviv,Shevchenka,26,Double,3,72,108,2024-10-28,2024-10-30,confirmed,2,Good hotel,2024-10-28
Radisson,Radisson Grand Hotel,Grand Hotel description,info152@hotel.com,Ukraine,Kyiv,Shevchenka,61,Double,1,99,407,2024-07-27,2024-08-03,confirmed,3,Good hotel,2024-07-27
Hilton,Hilton Grand Hotel,Grand Hotel description,info153@hotel.com,Ukraine,Odesa,Shevchenka,67,Suite,4,51,315,2024-11-22,2024-11-28,checked-in,1,Good hotel,2024-11-22
Radisson,Radisson Grand Hotel,Grand Hotel description,info154@hotel.com,Ukraine,Odesa,Shevchenka,75,Single,2,103,357,2024-09-17,2024-09-20,pending,1,Good hotel,2024-09-17
Accor,Accor City Inn,City Inn description,info155@hotel.com,Ukraine,Dnipro,Shevchenka,81,Single,4,58,435,2024-09-22,2024-09-27,confirmed,1,Good hotel,2024-09-22
Radisson,Radisson Sea View,Sea View description,info156@hotel.com,Ukraine,Kyiv,Shevchenka,92,Suite,2,162,139,2024-05-08,2024-05-12,confirmed,2,Good hotel,2024-05-08
Hilton,Hilton City Inn,City Inn description,info157@hotel.com,Ukraine,Kyiv,Shevchenka,50,Double,3,275,13,2024-06-15,2024-06-22,checked-in,2,Good hotel,2024-06-15
Hyatt,Hyatt Mountain Resort,Mountain Resort description,info158@hotel.com,Ukraine,Dnipro,Shevchenka,20,Double,3,51,205,2024-01-06,2024-01-07,checked-out,4,Good hotel,2024-01-06
Hilton,Hilton Sea View,Sea View description,info159@hotel.com,Ukraine,Dnipro,Shevchenka,21,Single,4,185,315,2024-09-12,2024-09-13,confirmed,4,Good hotel,2024-09-12
Radisson,Radisson Grand Hotel,Grand Hotel description,info160@hotel.com,Ukraine,Kyiv,Shevchenka,38,Single,2,191,362,2024-06-20,2024-06-22,confirmed,2,Good hotel,2024-06-20
Marriott,Marriott Grand Hotel,Grand Hotel description,info161@hotel.com,Ukraine,Kyiv,Shevchenka,37,Double,3,51,176,2024-12-13,2024-12-16,checked-in,1,Good hotel,2024-12-13
Hilton,Hilton City Inn,City Inn description,info162@hotel.com,Ukraine,Lviv,Shevchenka,45,Suite,1,157,300,2024-07-26,2024-07-28,checked-in,2,Good hotel,2024-07-26
Hyatt,Hyatt Mountain Resort,Mountain Resort description,info163@hotel.com,Ukraine,Odesa,Shevchenka,14,Single,3,186,156,2024-12-22,2024-12-28,checked-in,2,Good hotel,2024-12-22
Hilton,Hilton Grand Hotel,Grand Hotel description,info164@hotel.com,Ukraine,Lviv,Shevchenka,85,Single,2,160,353,2024-10-30,2024-11-03,confirmed,2,Good hotel,2024-10-30
Radisson,Radisson Sea View,Sea View description,info165@hotel.com,Ukraine,Dnipro,Shevchenka,75,Suite,4,147,306,2024-03-03,2024-03-05,checked-in,1,Good hotel,2024-03-03
Hyatt,Hyatt City Inn,City Inn description,info166@hotel.com,Ukraine,Odesa,Shevchenka,88,Single,1,262,158,2024-05-04,2024-05-07,checked-in,5,Good hotel,2024-05-04
Accor,Accor Grand Hotel,Grand Hotel description,info167@hotel.com,Ukraine,Odesa,Shevchenka,15,Double,4,223,202,2024-08-10,2024-08-13,checked-out,1,Good hotel,2024-08-10
Hilton,Hilton Grand Hotel,Grand Hotel description,info168@hotel.com,Ukraine,Lviv,Shevchenka,98,Single,4,125,237,2024-01-03,2024-01-04,confirmed,3,Good hotel,2024-01-03
Accor,Accor Grand Hotel,Grand Hotel description,info169@hotel.com,Ukraine,Kyiv,Shevchenka,33,Single,4,147,396,2024-11-04,2024-11-09,checked-out,2,Good hotel,2024-11-04
Marriott,Marriott City Inn,City Inn description,info170@hotel.com,Ukraine,Lviv,Shevchenka,77,Suite,3,264,278,2024-10-26,2024-11-01,checked-in,5,Good hotel,2024-10-26
Hyatt,Hyatt Grand Hotel,Grand Hotel description,info171@hotel.com,Ukraine,Kyiv,Shevchenka,95,Single,4,120,261,2024-11-03,2024-11-09,checked-in,3,Good hotel,2024-11-03
Radisson,Radisson City Inn,City Inn description,info172@hotel.com,Ukraine,Kyiv,Shevchenka,24,Single,1,88,235,2024-05-11,2024-05-15,checked-out,5,Good hotel,2024-05-11
Marriott,Marriott Grand Hotel,Grand Hotel description,info173@hotel.com,Ukraine,Kyiv,Shevchenka,59,Single,2,194,399,2024-09-24,2024-09-28,checked-out,3,Good hotel,2024-09-24
Marriott,Marriott Mountain Resort,Mountain Resort description,info174@hotel.com,Ukraine,Dnipro,Shevchenka,73,Single,3,208,279,2024-08-04,2024-08-07,checked-out,1,Good hotel,2024-08-04
Accor,Accor Grand Hotel,Grand Hotel description,info175@hotel.com,Ukraine,Odesa,Shevchenka,71,Suite,1,125,199,2024-02-19,2024-02-26,checked-in,3,Good hotel,2024-02-19
Accor,Accor Grand Hotel,Grand Hotel description,info176@hotel.com,Ukraine,Odesa,Shevchenka,75,Suite,4,213,163,2024-11-29,2024-12-01,confirmed,2,Good hotel,2024-11-29
Radisson,Radisson City Inn,City Inn description,info177@hotel.com,Ukraine,Dnipro,Shevchenka,34,Single,4,175,182,2024-04-22,2024-04-23,confirmed,2,Good hotel,2024-04-22
Marriott,Marriott Mountain Resort,Mountain Resort description,info178@hotel.com,Ukraine,Dnipro,Shevchenka,25,Suite,2,279,394,2024-04-14,2024-04-17,pending,2,Good hotel,2024-04-14
Hyatt,Hyatt Mountain Resort,Mountain Resort description,info179@hotel.com,Ukraine,Dnipro,Shevchenka,47,Suite,2,118,350,2024-09-24,2024-09-28,pending,4,Good hotel,2024-09-24
Accor,Accor Sea View,Sea View description,info180@hotel.com,Ukraine,Dnipro,Shevchenka,90,Double,1,240,476,2024-08-02,2024-08-04,confirmed,5,Good hotel,2024-08-02
Accor,Accor City Inn,City Inn description,info181@hotel.com,Ukraine,Lviv,Shevchenka,9,Double,4,274,404,2024-04-03,2024-04-04,checked-out,3,Good hotel,2024-04-03
Radisson,Radisson Grand Hotel,Grand Hotel description,info182@hotel.com,Ukraine,Kyiv,Shevchenka,50,Suite,2,262,151,2024-03-10,2024-03-14,checked-out,5,Good hotel,2024-03-10
Radisson,Radisson Grand Hotel,Grand Hotel description,info183@hotel.com,Ukraine,Dnipro,Shevchenka,61,Double,2,297,79,2024-04-09,2024-04-10,checked-out,1,Good hotel,2024-04-09
Hilton,Hilton Sea View,Sea View description,info184@hotel.com,Ukraine,Kyiv,Shevchenka,75,Single,1,235,65,2024-06-28,2024-06-30,checked-in,4,Good hotel,2024-06-28
Hilton,Hilton Grand Hotel,Grand Hotel description,info185@hotel.com,Ukraine,Odesa,Shevchenka,1,Double,1,158,16,2024-04-07,2024-04-10,pending,4,Good hotel,2024-04-07
Marriott,Marriott Mountain Resort,Mountain Resort description,info186@hotel.com,Ukraine,Lviv,Shevchenka,1,Suite,2,171,321,2024-03-22,2024-03-23,checked-out,2,Good hotel,2024-03-22
Radisson,Radisson Sea View,Sea View description,info187@hotel.com,Ukraine,Odesa,Shevchenka,74,Single,4,158,58,2024-10-14,2024-10-20,checked-in,2,Good hotel,2024-10-14
Marriott,Marriott City Inn,City Inn description,info188@hotel.com,Ukraine,Odesa,Shevchenka,59,Double,3,289,103,2024-12-11,2024-12-15,pending,4,Good hotel,2024-12-11
Marriott,Marriott Mountain Resort,Mountain Resort description,info189@hotel.com,Ukraine,Odesa,Shevchenka,100,Single,3,119,109,2024-08-18,2024-08-20,checked-out,4,Good hotel,2024-08-18
Accor,Accor Sea View,Sea View description,info190@hotel.com,Ukraine,Dnipro,Shevchenka,25,Suite,2,289,63,2024-07-04,2024-07-05,checked-out,3,Good hotel,2024-07-04
Hyatt,Hyatt Sea View,Sea View description,info191@hotel.com,Ukraine,Odesa,Shevchenka,62,Double,1,215,177,2024-09-01,2024-09-05,checked-out,2,Good hotel,2024-09-01
Radisson,Radisson Mountain Resort,Mountain Resort description,info192@hotel.com,Ukraine,Dnipro,Shevchenka,37,Single,3,83,109,2024-09-29,2024-10-02,pending,5,Good hotel,2024-09-29
Hilton,Hilton Mountain Resort,Mountain Resort description,info193@hotel.com,Ukraine,Kyiv,Shevchenka,14,Double,4,298,236,2024-07-24,2024-07-28,checked-in,5,Good hotel,2024-07-24
Marriott,Marriott City Inn,City Inn description,info194@hotel.com,Ukraine,Lviv,Shevchenka,6,Single,1,233,250,2024-07-22,2024-07-29,pending,5,Good hotel,2024-07-22
Hyatt,Hyatt City Inn,City Inn description,info195@hotel.com,Ukraine,Lviv,Shevchenka,43,Double,1,94,167,2024-12-28,2025-01-04,checked-in,2,Good hotel,2024-12-28
Marriott,Marriott City Inn,City Inn description,info196@hotel.com,Ukraine,Kyiv,Shevchenka,47,Suite,3,146,14,2024-11-16,2024-11-18,confirmed,3,Good hotel,2024-11-16
Marriott,Marriott Grand Hotel,Grand Hotel description,info197@hotel.com,Ukraine,Dnipro,Shevchenka,43,Suite,3,270,312,2024-07-31,2024-08-07,pending,2,Good hotel,2024-07-31
Hilton,Hilton Mountain Resort,Mountain Resort description,info198@hotel.com,Ukraine,Dnipro,Shevchenka,62,Single,4,108,170,2024-01-02,2024-01-03,pending,5,Good hotel,2024-01-02
Radisson,Radisson Mountain Resort,Mountain Resort description,info199@hotel.com,Ukraine,Lviv,Shevchenka,27,Double,1,233,477,2024-07-06,2024-07-07,checked-in,5,Good hotel,2024-07-06
Hilton,Hilton Grand Hotel,Grand Hotel description,info200@hotel.com,Ukraine,Dnipro,Shevchenka,6,Double,1,98,81,2024-12-02,2024-12-05,checked-in,4,Good hotel,2024-12-02
Hyatt,Hyatt Sea View,Sea View description,info201@hotel.com,Ukraine,Odesa,Shevchenka,84,Double,1,256,392,2024-11-21,2024-11-26,confirmed,3,Good hotel,2024-11-21
Radisson,Radisson Sea View,Sea View description,info202@hotel.com,Ukraine,Dnipro,Shevchenka,98,Double,3,178,170,2024-03-03,2024-03-10,checked-out,1,Good hotel,2024-03-03
Radisson,Radisson Grand Hotel,Grand Hotel description,info203@hotel.com,Ukraine,Odesa,Shevchenka,47,Double,1,181,176,2024-10-05,2024-10-10,checked-out,5,Good hotel,2024-10-05
Accor,Accor City Inn,City Inn description,info204@hotel.com,Ukraine,Dnipro,Shevchenka,12,Double,1,142,100,2024-05-25,2024-05-29,checked-in,5,Good hotel,2024-05-25
Hyatt,Hyatt Sea View,Sea View description,info205@hotel.com,Ukraine,Odesa,Shevchenka,41,Double,4,124,128,2024-02-09,2024-02-10,confirmed,5,Good hotel,2024-02-09
Radisson,Radisson Sea View,Sea View description,info206@hotel.com,Ukraine,Dnipro,Shevchenka,46,Single,3,98,81,2024-04-03,2024-04-09,pending,4,Good hotel,2024-04-03
Hilton,Hilton Grand Hotel,Grand Hotel description,info207@hotel.com,Ukraine,Lviv,Shevchenka,66,Single,1,50,428,2024-04-17,2024-04-19,checked-out,1,Good hotel,2024-04-17
Hyatt,Hyatt City Inn,City Inn description,info208@hotel.com,Ukraine,Odesa,Shevchenka,21,Suite,3,179,76,2024-07-19,2024-07-23,pending,3,Good hotel,2024-07-19
Hyatt,Hyatt Mountain Resort,Mountain Resort description,info209@hotel.com,Ukraine,Dnipro,Shevchenka,94,Single,2,163,498,2024-01-05,2024-01-08,checked-in,5,Good hotel,2024-01-05
Hilton,Hilton Sea View,Sea View description,info210@hotel.com,Ukraine,Kyiv,Shevchenka,41,Suite,2,111,154,2024-12-31,2025-01-05,confirmed,1,Good hotel,2024-12-31
Hilton,Hilton City Inn,City Inn description,info211@hotel.com,Ukraine,Odesa,Shevchenka,41,Single,4,100,239,2024-03-03,2024-03-10,pending,1,Good hotel,2024-03-03
Accor,Accor Sea View,Sea View description,info212@hotel.com,Ukraine,Lviv,Shevchenka,50,Double,2,139,101,2024-05-19,2024-05-21,pending,5,Good hotel,2024-05-19
Hyatt,Hyatt City Inn,City Inn description,info213@hotel.com,Ukraine,Odesa,Shevchenka,23,Suite,3,52,20,2024-02-10,2024-02-12,pending,5,Good hotel,2024-02-10
Hyatt,Hyatt City Inn,City Inn description,info214@hotel.com,Ukraine,Dnipro,Shevchenka,65,Suite,2,147,300,2024-06-22,2024-06-29,pending,1,Good hotel,2024-06-22
Radisson,Radisson Mountain Resort,Mountain Resort description,info215@hotel.com,Ukraine,Odesa,Shevchenka,94,Double,2,126,331,2024-11-10,2024-11-14,pending,2,Good hotel,2024-11-10
Radisson,Radisson City Inn,City Inn description,info216@hotel.com,Ukraine,Kyiv,Shevchenka,17,Double,1,205,88,2024-05-22,2024-05-29,confirmed,4,Good hotel,2024-05-22
Hyatt,Hyatt City Inn,City Inn description,info217@hotel.com,Ukraine,Lviv,Shevchenka,69,Suite,1,246,99,2024-10-26,2024-10-30,checked-out,4,Good hotel,2024-10-26
Hyatt,Hyatt Sea View,Sea View description,info218@hotel.com,Ukraine,Kyiv,Shevchenka,72,Double,1,106,450,2024-11-05,2024-11-07,pending,3,Good hotel,2024-11-05
Accor,Accor Sea View,Sea View description,info219@hotel.com,Ukraine,Dnipro,Shevchenka,89,Single,4,289,395,2024-06-10,2024-06-11,checked-in,2,Good hotel,2024-06-10
Accor,Accor City Inn,City Inn description,info220@hotel.com,Ukraine,Kyiv,Shevchenka,65,Single,3,258,35,2024-01-11,2024-01-15,checked-in,3,Good hotel,2024-01-11
Radisson,Radisson Grand Hotel,Grand Hotel description,info221@hotel.com,Ukraine,Odesa,Shevchenka,67,Suite,2,209,285,2024-04-03,2024-04-09,pending,5,Good hotel,2024-04-03
Marriott,Marriott Grand Hotel,Grand Hotel description,info222@hotel.com,Ukraine,Dnipro,Shevchenka,43,Suite,2,135,313,2024-01-11,2024-01-17,confirmed,4,Good hotel,2024-01-11
Hyatt,Hyatt Sea View,Sea View description,info223@hotel.com,Ukraine,Lviv,Shevchenka,11,Double,4,270,276,2024-09-05,2024-09-12,confirmed,2,Good hotel,2024-09-05
Hyatt,Hyatt Sea View,Sea View description,info224@hotel.com,Ukraine,Kyiv,Shevchenka,30,Suite,2,242,409,2024-11-20,2024-11-21,checked-out,1,Good hotel,2024-11-20
Radisson,Radisson City Inn,City Inn description,info225@hotel.com,Ukraine,Kyiv,Shevchenka,15,Double,4,169,195,2024-12-13,2024-12-20,checked-out,5,Good hotel,2024-12-13
Accor,Accor Mountain Resort,Mountain Resort description,info226@hotel.com,Ukraine,Lviv,Shevchenka,39,Suite,1,153,472,2024-01-26,2024-01-30,confirmed,2,Good hotel,2024-01-26
Radisson,Radisson Mountain Resort,Mountain Resort description,info227@hotel.com,Ukraine,Kyiv,Shevchenka,32,Suite,1,125,193,2024-05-05,2024-05-08,confirmed,4,Good hotel,2024-05-05
Accor,Accor Mountain Resort,Mountain Resort description,info228@hotel.com,Ukraine,Kyiv,Shevchenka,74,Single,4,58,264,2024-03-05,2024-03-07,pending,3,Good hotel,2024-03-05
Marriott,Marriott Grand Hotel,Grand Hotel description,info229@hotel.com,Ukraine,Lviv,Shevchenka,97,Single,4,184,246,2024-06-10,2024-06-12,checked-in,1,Good hotel,2024-06-10
Hyatt,Hyatt Grand Hotel,Grand Hotel description,info230@hotel.com,Ukraine,Kyiv,Shevchenka,31,Double,4,160,457,2024-03-26,2024-03-28,checked-in,2,Good hotel,2024-03-26
Hilton,Hilton City Inn,City Inn description,info231@hotel.com,Ukraine,Lviv,Shevchenka,42,Single,4,110,156,2024-07-28,2024-07-30,confirmed,3,Good hotel,2024-07-28
Hyatt,Hyatt Grand Hotel,Grand Hotel description,info232@hotel.com,Ukraine,Lviv,Shevchenka,47,Single,1,76,216,2024-11-07,2024-11-09,confirmed,3,Good hotel,2024-11-07
Accor,Accor Mountain Resort,Mountain Resort description,info233@hotel.com,Ukraine,Lviv,Shevchenka,12,Suite,1,253,232,2024-10-09,2024-10-13,confirmed,3,Good hotel,2024-10-09
Hyatt,Hyatt Mountain Resort,Mountain Resort description,info234@hotel.com,Ukraine,Kyiv,Shevchenka,35,Suite,2,56,171,2024-01-29,2024-01-30,checked-in,5,Good hotel,2024-01-29
Marriott,Marriott Mountain Resort,Mountain Resort description,info235@hotel.com,Ukraine,Kyiv,Shevchenka,24,Suite,2,54,18,2024-06-11,2024-06-13,checked-in,5,Good hotel,2024-06-11
Radisson,Radisson Grand Hotel,Grand Hotel description,info236@hotel.com,Ukraine,Kyiv,Shevchenka,18,Single,1,218,409,2024-10-10,2024-10-14,checked-in,3,Good hotel,2024-10-10
Accor,Accor Grand Hotel,Grand Hotel description,info237@hotel.com,Ukraine,Odesa,Shevchenka,7,Double,1,284,343,2024-08-24,2024-08-27,checked-in,3,Good hotel,2024-08-24
Hilton,Hilton Sea View,Sea View description,info238@hotel.com,Ukraine,Odesa,Shevchenka,63,Suite,3,116,250,2024-02-08,2024-02-09,confirmed,2,Good hotel,2024-02-08
Marriott,Marriott City Inn,City Inn description,info239@hotel.com,Ukraine,Lviv,Shevchenka,6,Suite,4,156,292,2024-09-06,2024-09-09,pending,3,Good hotel,2024-09-06
Radisson,Radisson City Inn,City Inn description,info240@hotel.com,Ukraine,Dnipro,Shevchenka,58,Suite,3,204,410,2024-05-30,2024-06-06,confirmed,4,Good hotel,2024-05-30
Marriott,Marriott City Inn,City Inn description,info241@hotel.com,Ukraine,Dnipro,Shevchenka,69,Single,3,273,279,2024-01-31,2024-02-05,pending,2,Good hotel,2024-01-31
Accor,Accor Sea View,Sea View description,info242@hotel.com,Ukraine,Odesa,Shevchenka,16,Single,3,98,164,2024-07-25,2024-07-27,checked-out,4,Good hotel,2024-07-25
Marriott,Marriott Sea View,Sea View description,info243@hotel.com,Ukraine,Kyiv,Shevchenka,100,Single,3,84,293,2024-12-11,2024-12-12,checked-in,1,Good hotel,2024-12-11
Radisson,Radisson Mountain Resort,Mountain Resort description,info244@hotel.com,Ukraine,Dnipro,Shevchenka,68,Suite,1,84,29,2024-01-13,2024-01-19,confirmed,1,Good hotel,2024-01-13
Hyatt,Hyatt City Inn,City Inn description,info245@hotel.com,Ukraine,Kyiv,Shevchenka,70,Suite,3,172,376,2024-10-25,2024-10-27,checked-in,3,Good hotel,2024-10-25
Marriott,Marriott City Inn,City Inn description,info246@hotel.com,Ukraine,Dnipro,Shevchenka,2,Double,3,273,111,2024-12-08,2024-12-10,confirmed,5,Good hotel,2024-12-08
Radisson,Radisson Sea View,Sea View description,info247@hotel.com,Ukraine,Lviv,Shevchenka,30,Suite,4,183,63,2024-02-16,2024-02-22,pending,5,Good hotel,2024-02-16
Accor,Accor Sea View,Sea View description,info248@hotel.com,Ukraine,Odesa,Shevchenka,56,Double,1,57,489,2024-12-28,2025-01-04,checked-out,1,Good hotel,2024-12-28
Hilton,Hilton Sea View,Sea View description,info249@hotel.com,Ukraine,Kyiv,Shevchenka,74,Single,3,289,58,2024-12-15,2024-12-20,checked-in,3,Good hotel,2024-12-15
Radisson,Radisson City Inn,City Inn description,info250@hotel.com,Ukraine,Dnipro,Shevchenka,75,Double,4,70,267,2024-07-26,2024-07-30,checked-in,1,Good hotel,2024-07-26
Accor,Accor Sea View,Sea View description,info251@hotel.com,Ukraine,Kyiv,Shevchenka,76,Double,2,105,83,2024-04-03,2024-04-06,checked-in,4,Good hotel,2024-04-03
Marriott,Marriott Grand Hotel,Grand Hotel description,info252@hotel.com,Ukraine,Kyiv,Shevchenka,57,Single,2,169,228,2024-01-26,2024-02-01,checked-out,3,Good hotel,2024-01-26
Hilton,Hilton Grand Hotel,Grand Hotel description,info253@hotel.com,Ukraine,Odesa,Shevchenka,13,Single,4,126,69,2024-08-04,2024-08-05,checked-out,4,Good hotel,2024-08-04
Marriott,Marriott Grand Hotel,Grand Hotel description,info254@hotel.com,Ukraine,Lviv,Shevchenka,13,Single,2,264,390,2024-03-14,2024-03-21,checked-in,5,Good hotel,2024-03-14
Hyatt,Hyatt City Inn,City Inn description,info255@hotel.com,Ukraine,Dnipro,Shevchenka,23,Double,4,279,361,2024-04-11,2024-04-18,pending,3,Good hotel,2024-04-11
Radisson,Radisson Grand Hotel,Grand Hotel description,info256@hotel.com,Ukraine,Odesa,Shevchenka,42,Double,2,223,156,2024-08-26,2024-08-29,checked-out,2,Good hotel,2024-08-26
Marriott,Marriott Sea View,Sea View description,info257@hotel.com,Ukraine,Odesa,Shevchenka,26,Suite,3,240,419,2024-09-12,2024-09-14,checked-in,5,Good hotel,2024-09-12
Marriott,Marriott Sea View,Sea View description,info258@hotel.com,Ukraine,Lviv,Shevchenka,1,Double,4,76,428,2024-10-19,2024-10-20,checked-in,2,Good hotel,2024-10-19
Hyatt,Hyatt Mountain Resort,Mountain Resort description,info259@hotel.com,Ukraine,Dnipro,Shevchenka,97,Double,1,297,175,2024-08-01,2024-08-03,pending,4,Good hotel,2024-08-01
Marriott,Marriott City Inn,City Inn description,info260@hotel.com,Ukraine,Dnipro,Shevchenka,87,Single,3,286,476,2024-11-10,2024-11-17,pending,2,Good hotel,2024-11-10
Marriott,Marriott City Inn,City Inn description,info261@hotel.com,Ukraine,Kyiv,Shevchenka,44,Suite,1,249,210,2024-05-05,2024-05-10,confirmed,1,Good hotel,2024-05-05
Marriott,Marriott Grand Hotel,Grand Hotel description,info262@hotel.com,Ukraine,Lviv,Shevchenka,62,Suite,3,176,446,2024-08-20,2024-08-21,checked-out,5,Good hotel,2024-08-20
Hilton,Hilton Mountain Resort,Mountain Resort description,info263@hotel.com,Ukraine,Odesa,Shevchenka,17,Single,1,172,441,2024-03-22,2024-03-29,checked-in,4,Good hotel,2024-03-22
Hyatt,Hyatt Mountain Resort,Mountain Resort description,info264@hotel.com,Ukraine,Kyiv,Shevchenka,30,Double,2,136,279,2024-04-03,2024-04-07,confirmed,4,Good hotel,2024-04-03
Hilton,Hilton Sea View,Sea View description,info265@hotel.com,Ukraine,Dnipro,Shevchenka,6,Suite,1,75,108,2024-05-25,2024-05-31,checked-out,3,Good hotel,2024-05-25
Radisson,Radisson Sea View,Sea View description,info266@hotel.com,Ukraine,Kyiv,Shevchenka,38,Double,4,255,404,2024-10-23,2024-10-28,pending,4,Good hotel,2024-10-23
Hyatt,Hyatt Sea View,Sea View description,info267@hotel.com,Ukraine,Odesa,Shevchenka,42,Single,2,288,245,2024-07-17,2024-07-21,checked-out,4,Good hotel,2024-07-17
Hilton,Hilton Grand Hotel,Grand Hotel description,info268@hotel.com,Ukraine,Odesa,Shevchenka,51,Single,3,123,106,2024-08-02,2024-08-07,checked-out,4,Good hotel,2024-08-02
Accor,Accor Mountain Resort,Mountain Resort description,info269@hotel.com,Ukraine,Odesa,Shevchenka,78,Double,2,94,366,2024-09-29,2024-10-04,pending,1,Good hotel,2024-09-29
Hyatt,Hyatt Grand Hotel,Grand Hotel description,info270@hotel.com,Ukraine,Lviv,Shevchenka,10,Double,1,80,366,2024-05-07,2024-05-13,pending,5,Good hotel,2024-05-07
Hilton,Hilton Mountain Resort,Mountain Resort description,info271@hotel.com,Ukraine,Lviv,Shevchenka,40,Suite,4,236,359,2024-08-08,2024-08-13,confirmed,1,Good hotel,2024-08-08
Hilton,Hilton Mountain Resort,Mountain Resort description,info272@hotel.com,Ukraine,Odesa,Shevchenka,40,Suite,4,221,108,2024-02-03,2024-02-09,pending,4,Good hotel,2024-02-03
Marriott,Marriott Grand Hotel,Grand Hotel description,info273@hotel.com,Ukraine,Kyiv,Shevchenka,97,Single,2,202,343,2024-06-27,2024-07-03,pending,1,Good hotel,2024-06-27
Marriott,Marriott Mountain Resort,Mountain Resort description,info274@hotel.com,Ukraine,Odesa,Shevchenka,23,Single,2,236,280,2024-11-23,2024-11-24,checked-in,4,Good hotel,2024-11-23
Accor,Accor Grand Hotel,Grand Hotel description,info275@hotel.com,Ukraine,Lviv,Shevchenka,43,Suite,3,137,225,2024-03-23,2024-03-24,confirmed,1,Good hotel,2024-03-23
Hyatt,Hyatt Sea View,Sea View description,info276@hotel.com,Ukraine,Odesa,Shevchenka,41,Suite,3,196,271,2024-08-25,2024-08-30,checked-in,3,Good hotel,2024-08-25
Radisson,Radisson Grand Hotel,Grand Hotel description,info277@hotel.com,Ukraine,Lviv,Shevchenka,83,Suite,4,218,256,2024-06-09,2024-06-13,checked-out,4,Good hotel,2024-06-09
Radisson,Radisson City Inn,City Inn description,info278@hotel.com,Ukraine,Lviv,Shevchenka,42,Suite,3,58,426,2024-04-08,2024-04-14,pending,2,Good hotel,2024-04-08
Radisson,Radisson Grand Hotel,Grand Hotel description,info279@hotel.com,Ukraine,Odesa,Shevchenka,76,Single,2,149,348,2024-08-16,2024-08-17,checked-in,3,Good hotel,2024-08-16
Marriott,Marriott Grand Hotel,Grand Hotel description,info280@hotel.com,Ukraine,Lviv,Shevchenka,42,Double,1,124,241,2024-05-24,2024-05-31,confirmed,2,Good hotel,2024-05-24
Hyatt,Hyatt Mountain Resort,Mountain Resort description,info281@hotel.com,Ukraine,Odesa,Shevchenka,40,Suite,1,164,223,2024-01-06,2024-01-08,checked-in,3,Good hotel,2024-01-06
Hyatt,Hyatt City Inn,City Inn description,info282@hotel.com,Ukraine,Odesa,Shevchenka,39,Single,3,160,13,2024-11-13,2024-11-20,checked-out,1,Good hotel,2024-11-13
Accor,Accor Grand Hotel,Grand Hotel description,info283@hotel.com,Ukraine,Lviv,Shevchenka,6,Suite,2,256,400,2024-01-29,2024-02-02,checked-out,4,Good hotel,2024-01-29
Marriott,Marriott Mountain Resort,Mountain Resort description,info284@hotel.com,Ukraine,Lviv,Shevchenka,92,Suite,1,200,425,2024-01-17,2024-01-24,confirmed,1,Good hotel,2024-01-17
Marriott,Marriott City Inn,City Inn description,info285@hotel.com,Ukraine,Odesa,Shevchenka,4,Double,3,262,10,2024-04-05,2024-04-09,checked-out,2,Good hotel,2024-04-05
Radisson,Radisson Grand Hotel,Grand Hotel description,info286@hotel.com,Ukraine,Lviv,Shevchenka,72,Single,1,77,208,2024-10-25,2024-10-29,checked-in,1,Good hotel,2024-10-25
Hyatt,Hyatt Grand Hotel,Grand Hotel description,info287@hotel.com,Ukraine,Kyiv,Shevchenka,38,Suite,4,109,258,2024-03-18,2024-03-22,checked-in,5,Good hotel,2024-03-18
Accor,Accor Grand Hotel,Grand Hotel description,info288@hotel.com,Ukraine,Kyiv,Shevchenka,73,Single,3,52,461,2024-09-23,2024-09-30,checked-out,3,Good hotel,2024-09-23
Accor,Accor Sea View,Sea View description,info289@hotel.com,Ukraine,Odesa,Shevchenka,81,Single,3,74,56,2024-06-13,2024-06-16,pending,1,Good hotel,2024-06-13
Hyatt,Hyatt Grand Hotel,Grand Hotel description,info290@hotel.com,Ukraine,Lviv,Shevchenka,15,Single,4,54,497,2024-01-27,2024-01-28,checked-out,5,Good hotel,2024-01-27
Radisson,Radisson Mountain Resort,Mountain Resort description,info291@hotel.com,Ukraine,Kyiv,Shevchenka,88,Single,4,112,322,2024-07-30,2024-08-03,checked-in,2,Good hotel,2024-07-30
Marriott,Marriott Sea View,Sea View description,info292@hotel.com,Ukraine,Dnipro,Shevchenka,3,Single,4,90,334,2024-11-13,2024-11-15,checked-in,4,Good hotel,2024-11-13
Hilton,Hilton Mountain Resort,Mountain Resort description,info293@hotel.com,Ukraine,Odesa,Shevchenka,78,Suite,4,221,441,2024-05-04,2024-05-06,confirmed,3,Good hotel,2024-05-04
Hilton,Hilton City Inn,City Inn description,info294@hotel.com,Ukraine,Dnipro,Shevchenka,78,Double,4,165,86,2024-08-06,2024-08-12,confirmed,1,Good hotel,2024-08-06
Accor,Accor Grand Hotel,Grand Hotel description,info295@hotel.com,Ukraine,Dnipro,Shevchenka,89,Suite,4,88,160,2024-07-10,2024-07-16,confirmed,5,Good hotel,2024-07-10
Hyatt,Hyatt Mountain Resort,Mountain Resort description,info296@hotel.com,Ukraine,Odesa,Shevchenka,67,Double,1,153,431,2024-05-08,2024-05-10,checked-in,1,Good hotel,2024-05-08
Hilton,Hilton City Inn,City Inn description,info297@hotel.com,Ukraine,Lviv,Shevchenka,88,Suite,2,134,360,2024-12-14,2024-12-20,checked-out,4,Good hotel,2024-12-14
Accor,Accor City Inn,City Inn description,info298@hotel.com,Ukraine,Dnipro,Shevchenka,56,Double,3,102,287,2024-04-28,2024-05-05,pending,5,Good hotel,2024-04-28
Accor,Accor Sea View,Sea View description,info299@hotel.com,Ukraine,Kyiv,Shevchenka,39,Suite,4,117,300,2024-11-16,2024-11-18,checked-in,2,Good hotel,2024-11-16
Accor,Accor Grand Hotel,Grand Hotel description,info300@hotel.com,Ukraine,Lviv,Shevchenka,48,Suite,2,288,399,2024-06-22,2024-06-27,checked-in,4,Good hotel,2024-06-22
Radisson,Radisson Sea View,Sea View description,info301@hotel.com,Ukraine,Dnipro,Shevchenka,8,Double,4,138,181,2024-07-11,2024-07-18,checked-out,5,Good hotel,2024-07-11
Radisson,Radisson Grand Hotel,Grand Hotel description,info302@hotel.com,Ukraine,Lviv,Shevchenka,81,Double,3,80,426,2024-03-15,2024-03-22,pending,1,Good hotel,2024-03-15
Marriott,Marriott Sea View,Sea View description,info303@hotel.com,Ukraine,Dnipro,Shevchenka,61,Double,2,211,354,2024-06-10,2024-06-17,pending,2,Good hotel,2024-06-10
Hilton,Hilton Grand Hotel,Grand Hotel description,info304@hotel.com,Ukraine,Lviv,Shevchenka,67,Single,1,208,191,2024-07-30,2024-08-03,confirmed,1,Good hotel,2024-07-30
Accor,Accor Sea View,Sea View description,info305@hotel.com,Ukraine,Lviv,Shevchenka,84,Suite,4,58,224,2024-11-30,2024-12-01,checked-in,2,Good hotel,2024-11-30
Accor,Accor Sea View,Sea View description,info306@hotel.com,Ukraine,Dnipro,Shevchenka,13,Suite,4,242,381,2024-05-22,2024-05-28,pending,1,Good hotel,2024-05-22
Accor,Accor Grand Hotel,Grand Hotel description,info307@hotel.com,Ukraine,Odesa,Shevchenka,76,Double,1,250,257,2024-05-24,2024-05-31,checked-out,2,Good hotel,2024-05-24
Accor,Accor City Inn,City Inn description,info308@hotel.com,Ukraine,Lviv,Shevchenka,74,Single,2,287,112,2024-10-10,2024-10-13,checked-in,1,Good hotel,2024-10-10
Hilton,Hilton Mountain Resort,Mountain Resort description,info309@hotel.com,Ukraine,Lviv,Shevchenka,92,Single,2,288,473,2024-03-23,2024-03-30,checked-out,4,Good hotel,2024-03-23
Accor,Accor City Inn,City Inn description,info310@hotel.com,Ukraine,Lviv,Shevchenka,1,Single,3,125,305,2024-03-10,2024-03-15,confirmed,1,Good hotel,2024-03-10
Marriott,Marriott Sea View,Sea View description,info311@hotel.com,Ukraine,Dnipro,Shevchenka,26,Double,2,155,385,2024-04-20,2024-04-26,confirmed,2,Good hotel,2024-04-20
Radisson,Radisson Mountain Resort,Mountain Resort description,info312@hotel.com,Ukraine,Lviv,Shevchenka,27,Single,4,79,220,2024-04-07,2024-04-09,checked-out,3,Good hotel,2024-04-07
Hilton,Hilton Sea View,Sea View description,info313@hotel.com,Ukraine,Odesa,Shevchenka,64,Single,4,164,401,2024-10-27,2024-10-28,checked-in,5,Good hotel,2024-10-27
Hyatt,Hyatt Mountain Resort,Mountain Resort description,info314@hotel.com,Ukraine,Lviv,Shevchenka,100,Suite,4,163,298,2024-07-15,2024-07-16,pending,4,Good hotel,2024-07-15
Hyatt,Hyatt City Inn,City Inn description,info315@hotel.com,Ukraine,Kyiv,Shevchenka,86,Suite,1,110,9,2024-05-12,2024-05-14,checked-in,3,Good hotel,2024-05-12
Radisson,Radisson Grand Hotel,Grand Hotel description,info316@hotel.com,Ukraine,Kyiv,Shevchenka,35,Single,3,215,331,2024-07-21,2024-07-27,pending,4,Good hotel,2024-07-21
Radisson,Radisson Grand Hotel,Grand Hotel description,info317@hotel.com,Ukraine,Odesa,Shevchenka,42,Suite,1,244,473,2024-05-17,2024-05-19,pending,4,Good hotel,2024-05-17
Hilton,Hilton Grand Hotel,Grand Hotel description,info318@hotel.com,Ukraine,Kyiv,Shevchenka,49,Suite,4,207,365,2024-09-10,2024-09-11,pending,1,Good hotel,2024-09-10
Hilton,Hilton City Inn,City Inn description,info319@hotel.com,Ukraine,Dnipro,Shevchenka,78,Double,1,77,377,2024-03-14,2024-03-15,pending,5,Good hotel,2024-03-14
Radisson,Radisson Mountain Resort,Mountain Resort description,info320@hotel.com,Ukraine,Lviv,Shevchenka,3,Suite,4,77,241,2024-08-20,2024-08-24,checked-out,2,Good hotel,2024-08-20
Marriott,Marriott Sea View,Sea View description,info321@hotel.com,Ukraine,Kyiv,Shevchenka,95,Double,1,108,345,2024-08-29,2024-08-31,checked-in,3,Good hotel,2024-08-29
Hyatt,Hyatt Grand Hotel,Grand Hotel description,info322@hotel.com,Ukraine,Lviv,Shevchenka,30,Suite,3,136,373,2024-10-21,2024-10-22,confirmed,1,Good hotel,2024-10-21
Marriott,Marriott City Inn,City Inn description,info323@hotel.com,Ukraine,Kyiv,Shevchenka,13,Single,2,151,461,2024-03-20,2024-03-27,confirmed,4,Good hotel,2024-03-20
Marriott,Marriott City Inn,City Inn description,info324@hotel.com,Ukraine,Lviv,Shevchenka,57,Double,2,81,482,2024-01-18,2024-01-19,checked-in,3,Good hotel,2024-01-18
Accor,Accor City Inn,City Inn description,info325@hotel.com,Ukraine,Dnipro,Shevchenka,33,Double,4,269,80,2024-03-29,2024-03-31,confirmed,2,Good hotel,2024-03-29
Accor,Accor Grand Hotel,Grand Hotel description,info326@hotel.com,Ukraine,Dnipro,Shevchenka,5,Single,2,228,105,2024-06-05,2024-06-06,pending,3,Good hotel,2024-06-05
Marriott,Marriott Grand Hotel,Grand Hotel description,info327@hotel.com,Ukraine,Kyiv,Shevchenka,98,Single,3,219,331,2024-08-07,2024-08-12,checked-in,4,Good hotel,2024-08-07
Hilton,Hilton City Inn,City Inn description,info328@hotel.com,Ukraine,Dnipro,Shevchenka,68,Single,4,154,120,2024-01-17,2024-01-24,confirmed,4,Good hotel,2024-01-17
Accor,Accor Mountain Resort,Mountain Resort description,info329@hotel.com,Ukraine,Odesa,Shevchenka,58,Suite,2,214,445,2024-05-30,2024-05-31,checked-out,5,Good hotel,2024-05-30
Radisson,Radisson Grand Hotel,Grand Hotel description,info330@hotel.com,Ukraine,Kyiv,Shevchenka,35,Suite,2,278,202,2024-05-31,2024-06-02,checked-in,1,Good hotel,2024-05-31
Radisson,Radisson Grand Hotel,Grand Hotel description,info331@hotel.com,Ukraine,Dnipro,Shevchenka,30,Single,3,141,454,2024-02-11,2024-02-18,checked-out,1,Good hotel,2024-02-11
Accor,Accor Grand Hotel,Grand Hotel description,info332@hotel.com,Ukraine,Lviv,Shevchenka,21,Double,2,195,12,2024-05-23,2024-05-30,confirmed,2,Good hotel,2024-05-23
Hilton,Hilton Mountain Resort,Mountain Resort description,info333@hotel.com,Ukraine,Odesa,Shevchenka,81,Single,4,157,265,2024-09-10,2024-09-11,pending,4,Good hotel,2024-09-10
Hilton,Hilton Grand Hotel,Grand Hotel description,info334@hotel.com,Ukraine,Lviv,Shevchenka,26,Double,2,190,354,2024-04-02,2024-04-03,checked-out,3,Good hotel,2024-04-02
Marriott,Marriott Sea View,Sea View description,info335@hotel.com,Ukraine,Kyiv,Shevchenka,18,Double,4,242,60,2024-02-23,2024-03-01,confirmed,1,Good hotel,2024-02-23
Accor,Accor Mountain Resort,Mountain Resort description,info336@hotel.com,Ukraine,Odesa,Shevchenka,11,Double,1,282,128,2024-02-16,2024-02-22,pending,2,Good hotel,2024-02-16
Hyatt,Hyatt Mountain Resort,Mountain Resort description,info337@hotel.com,Ukraine,Lviv,Shevchenka,83,Single,4,243,117,2024-05-07,2024-05-09,checked-out,5,Good hotel,2024-05-07
Hyatt,Hyatt Grand Hotel,Grand Hotel description,info338@hotel.com,Ukraine,Lviv,Shevchenka,20,Suite,4,173,139,2024-07-01,2024-07-06,checked-in,5,Good hotel,2024-07-01
Marriott,Marriott Sea View,Sea View description,info339@hotel.com,Ukraine,Lviv,Shevchenka,51,Single,4,219,93,2024-02-08,2024-02-09,pending,1,Good hotel,2024-02-08
Accor,Accor City Inn,City Inn description,info340@hotel.com,Ukraine,Dnipro,Shevchenka,100,Double,1,197,491,2024-03-10,2024-03-16,checked-out,1,Good hotel,2024-03-10
Hyatt,Hyatt Grand Hotel,Grand Hotel description,info341@hotel.com,Ukraine,Odesa,Shevchenka,52,Suite,4,155,277,2024-11-22,2024-11-25,checked-in,3,Good hotel,2024-11-22
Radisson,Radisson Sea View,Sea View description,info342@hotel.com,Ukraine,Lviv,Shevchenka,43,Single,2,221,443,2024-05-03,2024-05-08,pending,2,Good hotel,2024-05-03
Hyatt,Hyatt Grand Hotel,Grand Hotel description,info343@hotel.com,Ukraine,Dnipro,Shevchenka,21,Suite,4,67,117,2024-08-27,2024-09-01,pending,2,Good hotel,2024-08-27
Hyatt,Hyatt City Inn,City Inn description,info344@hotel.com,Ukraine,Dnipro,Shevchenka,12,Single,4,206,330,2024-09-01,2024-09-03,checked-in,1,Good hotel,2024-09-01
Hilton,Hilton Sea View,Sea View description,info345@hotel.com,Ukraine,Odesa,Shevchenka,96,Single,2,267,417,2024-10-15,2024-10-18,checked-in,3,Good hotel,2024-10-15
Hyatt,Hyatt City Inn,City Inn description,info346@hotel.com,Ukraine,Lviv,Shevchenka,17,Suite,4,100,43,2024-06-26,2024-07-03,checked-out,3,Good hotel,2024-06-26
Radisson,Radisson Sea View,Sea View description,info347@hotel.com,Ukraine,Odesa,Shevchenka,36,Double,1,300,163,2024-11-16,2024-11-18,checked-in,2,Good hotel,2024-11-16
Radisson,Radisson Grand Hotel,Grand Hotel description,info348@hotel.com,Ukraine,Odesa,Shevchenka,99,Suite,3,238,70,2024-01-12,2024-01-15,confirmed,1,Good hotel,2024-01-12
Hilton,Hilton Mountain Resort,Mountain Resort description,info349@hotel.com,Ukraine,Odesa,Shevchenka,71,Suite,2,289,77,2024-09-08,2024-09-09,checked-out,3,Good hotel,2024-09-08
Marriott,Marriott Mountain Resort,Mountain Resort description,info350@hotel.com,Ukraine,Lviv,Shevchenka,32,Double,3,244,100,2024-08-30,2024-09-04,pending,4,Good hotel,2024-08-30
Radisson,Radisson Mountain Resort,Mountain Resort description,info351@hotel.com,Ukraine,Lviv,Shevchenka,64,Suite,2,58,472,2024-11-27,2024-11-29,checked-in,5,Good hotel,2024-11-27
Hyatt,Hyatt Grand Hotel,Grand Hotel description,info352@hotel.com,Ukraine,Odesa,Shevchenka,31,Single,3,256,208,2024-11-12,2024-11-16,checked-out,2,Good hotel,2024-11-12
Marriott,Marriott Grand Hotel,Grand Hotel description,info353@hotel.com,Ukraine,Kyiv,Shevchenka,8,Double,2,222,25,2024-06-25,2024-07-02,checked-out,4,Good hotel,2024-06-25
Accor,Accor Sea View,Sea View description,info354@hotel.com,Ukraine,Odesa,Shevchenka,59,Suite,2,269,74,2024-09-27,2024-09-29,checked-out,2,Good hotel,2024-09-27
Accor,Accor City Inn,City Inn description,info355@hotel.com,Ukraine,Odesa,Shevchenka,61,Suite,3,260,367,2024-04-01,2024-04-02,confirmed,4,Good hotel,2024-04-01
Accor,Accor Sea View,Sea View description,info356@hotel.com,Ukraine,Kyiv,Shevchenka,16,Suite,2,56,282,2024-06-26,2024-07-02,checked-out,5,Good hotel,2024-06-26
Radisson,Radisson Mountain Resort,Mountain Resort description,info357@hotel.com,Ukraine,Kyiv,Shevchenka,97,Suite,4,176,471,2024-10-28,2024-11-02,confirmed,1,Good hotel,2024-10-28
Accor,Accor City Inn,City Inn description,info358@hotel.com,Ukraine,Odesa,Shevchenka,23,Double,1,280,234,2024-01-27,2024-01-30,pending,2,Good hotel,2024-01-27
Accor,Accor City Inn,City Inn description,info359@hotel.com,Ukraine,Kyiv,Shevchenka,82,Single,2,175,88,2024-10-07,2024-10-09,confirmed,4,Good hotel,2024-10-07
Hyatt,Hyatt Sea View,Sea View description,info360@hotel.com,Ukraine,Dnipro,Shevchenka,54,Double,3,226,98,2024-12-28,2025-01-02,pending,4,Good hotel,2024-12-28
Hyatt,Hyatt Sea View,Sea View description,info361@hotel.com,Ukraine,Lviv,Shevchenka,36,Suite,3,277,373,2024-08-25,2024-08-26,confirmed,5,Good hotel,2024-08-25
Hilton,Hilton Mountain Resort,Mountain Resort description,info362@hotel.com,Ukraine,Kyiv,Shevchenka,63,Suite,2,200,228,2024-03-10,2024-03-16,checked-out,4,Good hotel,2024-03-10
Marriott,Marriott Mountain Resort,Mountain Resort description,info363@hotel.com,Ukraine,Dnipro,Shevchenka,51,Suite,4,84,363,2024-11-09,2024-11-16,pending,2,Good hotel,2024-11-09
Hilton,Hilton Sea View,Sea View description,info364@hotel.com,Ukraine,Lviv,Shevchenka,35,Single,3,223,432,2024-08-18,2024-08-24,checked-in,3,Good hotel,2024-08-18
Radisson,Radisson Grand Hotel,Grand Hotel description,info365@hotel.com,Ukraine,Kyiv,Shevchenka,46,Suite,2,175,346,2024-11-12,2024-11-18,pending,2,Good hotel,2024-11-12
Hyatt,Hyatt Grand Hotel,Grand Hotel description,info366@hotel.com,Ukraine,Lviv,Shevchenka,85,Suite,3,95,36,2024-07-30,2024-08-02,confirmed,1,Good hotel,2024-07-30
Hilton,Hilton Grand Hotel,Grand Hotel description,info367@hotel.com,Ukraine,Lviv,Shevchenka,97,Single,2,291,188,2024-07-11,2024-07-12,pending,1,Good hotel,2024-07-11
Hilton,Hilton Mountain Resort,Mountain Resort description,info368@hotel.com,Ukraine,Dnipro,Shevchenka,15,Double,3,62,308,2024-08-26,2024-08-30,checked-out,1,Good hotel,2024-08-26
Accor,Accor Sea View,Sea View description,info369@hotel.com,Ukraine,Dnipro,Shevchenka,74,Double,4,140,427,2024-05-08,2024-05-12,confirmed,5,Good hotel,2024-05-08
Hilton,Hilton Grand Hotel,Grand Hotel description,info370@hotel.com,Ukraine,Odesa,Shevchenka,80,Double,1,97,207,2024-06-12,2024-06-15,confirmed,1,Good hotel,2024-06-12
Accor,Accor City Inn,City Inn description,info371@hotel.com,Ukraine,Lviv,Shevchenka,55,Double,3,156,211,2024-05-27,2024-05-28,checked-in,3,Good hotel,2024-05-27
Marriott,Marriott Mountain Resort,Mountain Resort description,info372@hotel.com,Ukraine,Dnipro,Shevchenka,81,Single,3,63,452,2024-01-25,2024-01-31,pending,3,Good hotel,2024-01-25
Hyatt,Hyatt Grand Hotel,Grand Hotel description,info373@hotel.com,Ukraine,Odesa,Shevchenka,30,Single,1,135,461,2024-06-08,2024-06-15,checked-out,5,Good hotel,2024-06-08
Marriott,Marriott Sea View,Sea View description,info374@hotel.com,Ukraine,Dnipro,Shevchenka,40,Double,1,122,218,2024-06-02,2024-06-03,checked-in,2,Good hotel,2024-06-02
Marriott,Marriott City Inn,City Inn description,info375@hotel.com,Ukraine,Kyiv,Shevchenka,7,Single,3,58,274,2024-11-23,2024-11-24,pending,5,Good hotel,2024-11-23
Hilton,Hilton Mountain Resort,Mountain Resort description,info376@hotel.com,Ukraine,Dnipro,Shevchenka,36,Double,3,174,92,2024-01-02,2024-01-03,checked-out,3,Good hotel,2024-01-02
Hyatt,Hyatt Grand Hotel,Grand Hotel description,info377@hotel.com,Ukraine,Lviv,Shevchenka,80,Double,2,183,97,2024-11-10,2024-11-13,checked-in,1,Good hotel,2024-11-10
Hilton,Hilton Grand Hotel,Grand Hotel description,info378@hotel.com,Ukraine,Lviv,Shevchenka,55,Double,3,260,300,2024-07-29,2024-07-31,checked-in,3,Good hotel,2024-07-29
Hilton,Hilton City Inn,City Inn description,info379@hotel.com,Ukraine,Kyiv,Shevchenka,92,Suite,2,86,372,2024-08-12,2024-08-16,checked-in,5,Good hotel,2024-08-12
Marriott,Marriott Sea View,Sea View description,info380@hotel.com,Ukraine,Lviv,Shevchenka,50,Double,3,170,492,2024-10-05,2024-10-08,checked-in,4,Good hotel,2024-10-05
Marriott,Marriott Mountain Resort,Mountain Resort description,info381@hotel.com,Ukraine,Dnipro,Shevchenka,33,Double,3,201,165,2024-05-12,2024-05-14,pending,5,Good hotel,2024-05-12
Radisson,Radisson Grand Hotel,Grand Hotel description,info382@hotel.com,Ukraine,Dnipro,Shevchenka,76,Suite,3,81,97,2024-02-20,2024-02-25,pending,2,Good hotel,2024-02-20
Hyatt,Hyatt Grand Hotel,Grand Hotel description,info383@hotel.com,Ukraine,Kyiv,Shevchenka,70,Double,4,80,144,2024-02-12,2024-02-18,confirmed,3,Good hotel,2024-02-12
Radisson,Radisson Sea View,Sea View description,info384@hotel.com,Ukraine,Lviv,Shevchenka,80,Single,2,260,60,2024-01-19,2024-01-25,confirmed,2,Good hotel,2024-01-19
Hyatt,Hyatt Grand Hotel,Grand Hotel description,info385@hotel.com,Ukraine,Odesa,Shevchenka,63,Single,1,181,98,2024-12-14,2024-12-17,checked-in,4,Good hotel,2024-12-14
Accor,Accor Sea View,Sea View description,info386@hotel.com,Ukraine,Odesa,Shevchenka,65,Suite,4,262,396,2024-03-20,2024-03-27,confirmed,1,Good hotel,2024-03-20
Marriott,Marriott Grand Hotel,Grand Hotel description,info387@hotel.com,Ukraine,Kyiv,Shevchenka,12,Double,2,260,395,2024-04-28,2024-04-30,checked-out,5,Good hotel,2024-04-28
Marriott,Marriott Sea View,Sea View description,info388@hotel.com,Ukraine,Odesa,Shevchenka,41,Double,2,62,58,2024-09-05,2024-09-06,checked-in,1,Good hotel,2024-09-05
Marriott,Marriott Mountain Resort,Mountain Resort description,info389@hotel.com,Ukraine,Kyiv,Shevchenka,39,Single,3,181,485,2024-11-18,2024-11-23,pending,1,Good hotel,2024-11-18
Accor,Accor City Inn,City Inn description,info390@hotel.com,Ukraine,Kyiv,Shevchenka,34,Double,4,129,450,2024-03-10,2024-03-15,checked-in,3,Good hotel,2024-03-10
Hyatt,Hyatt Mountain Resort,Mountain Resort description,info391@hotel.com,Ukraine,Odesa,Shevchenka,4,Single,4,187,324,2024-10-26,2024-10-27,checked-out,1,Good hotel,2024-10-26
Marriott,Marriott Grand Hotel,Grand Hotel description,info392@hotel.com,Ukraine,Dnipro,Shevchenka,69,Single,3,52,315,2024-04-03,2024-04-06,confirmed,4,Good hotel,2024-04-03
Accor,Accor Sea View,Sea View description,info393@hotel.com,Ukraine,Kyiv,Shevchenka,3,Double,2,115,231,2024-09-21,2024-09-25,checked-in,5,Good hotel,2024-09-21
Accor,Accor Mountain Resort,Mountain Resort description,info394@hotel.com,Ukraine,Lviv,Shevchenka,61,Single,2,157,313,2024-06-18,2024-06-25,confirmed,4,Good hotel,2024-06-18
Hyatt,Hyatt Grand Hotel,Grand Hotel description,info395@hotel.com,Ukraine,Kyiv,Shevchenka,33,Double,4,252,202,2024-03-13,2024-03-19,checked-in,3,Good hotel,2024-03-13
Accor,Accor Grand Hotel,Grand Hotel description,info396@hotel.com,Ukraine,Dnipro,Shevchenka,82,Double,2,183,261,2024-05-14,2024-05-18,confirmed,2,Good hotel,2024-05-14
Hilton,Hilton Grand Hotel,Grand Hotel description,info397@hotel.com,Ukraine,Kyiv,Shevchenka,99,Single,1,257,133,2024-09-07,2024-09-10,checked-out,3,Good hotel,2024-09-07
Radisson,Radisson Mountain Resort,Mountain Resort description,info398@hotel.com,Ukraine,Dnipro,Shevchenka,46,Single,4,104,482,2024-06-14,2024-06-20,confirmed,1,Good hotel,2024-06-14
Hilton,Hilton Sea View,Sea View description,info399@hotel.com,Ukraine,Lviv,Shevchenka,21,Suite,1,125,9,2024-03-22,2024-03-27,checked-in,3,Good hotel,2024-03-22
Accor,Accor Mountain Resort,Mountain Resort description,info400@hotel.com,Ukraine,Lviv,Shevchenka,43,Suite,2,197,90,2024-08-02,2024-08-07,confirmed,2,Good hotel,2024-08-02
Hilton,Hilton Grand Hotel,Grand Hotel description,info401@hotel.com,Ukraine,Dnipro,Shevchenka,8,Double,1,272,34,2024-11-10,2024-11-11,checked-in,2,Good hotel,2024-11-10
Radisson,Radisson Grand Hotel,Grand Hotel description,info402@hotel.com,Ukraine,Dnipro,Shevchenka,88,Double,1,124,444,2024-06-28,2024-07-01,checked-in,3,Good hotel,2024-06-28
Hilton,Hilton Sea View,Sea View description,info403@hotel.com,Ukraine,Kyiv,Shevchenka,5,Double,4,130,53,2024-07-23,2024-07-25,checked-in,1,Good hotel,2024-07-23
Accor,Accor City Inn,City Inn description,info404@hotel.com,Ukraine,Lviv,Shevchenka,60,Single,1,293,307,2024-06-12,2024-06-16,checked-out,2,Good hotel,2024-06-12
Accor,Accor Mountain Resort,Mountain Resort description,info405@hotel.com,Ukraine,Lviv,Shevchenka,28,Suite,1,97,98,2024-09-23,2024-09-24,checked-in,2,Good hotel,2024-09-23
Radisson,Radisson Grand Hotel,Grand Hotel description,info406@hotel.com,Ukraine,Kyiv,Shevchenka,29,Suite,3,206,131,2024-05-30,2024-06-04,checked-in,1,Good hotel,2024-05-30
Marriott,Marriott Grand Hotel,Grand Hotel description,info407@hotel.com,Ukraine,Odesa,Shevchenka,75,Single,3,141,240,2024-04-26,2024-04-27,checked-in,3,Good hotel,2024-04-26
Hyatt,Hyatt Sea View,Sea View description,info408@hotel.com,Ukraine,Odesa,Shevchenka,48,Suite,4,266,387,2024-02-14,2024-02-18,checked-in,5,Good hotel,2024-02-14
Marriott,Marriott Mountain Resort,Mountain Resort description,info409@hotel.com,Ukraine,Lviv,Shevchenka,59,Double,4,249,51,2024-06-23,2024-06-29,pending,5,Good hotel,2024-06-23
Marriott,Marriott Sea View,Sea View description,info410@hotel.com,Ukraine,Dnipro,Shevchenka,17,Single,2,207,455,2024-09-29,2024-10-04,checked-in,3,Good hotel,2024-09-29
Radisson,Radisson Mountain Resort,Mountain Resort description,info411@hotel.com,Ukraine,Lviv,Shevchenka,52,Single,3,233,144,2024-05-08,2024-05-13,checked-out,3,Good hotel,2024-05-08
Hilton,Hilton Grand Hotel,Grand Hotel description,info412@hotel.com,Ukraine,Odesa,Shevchenka,84,Suite,1,236,430,2024-11-16,2024-11-20,confirmed,1,Good hotel,2024-11-16
Radisson,Radisson Mountain Resort,Mountain Resort description,info413@hotel.com,Ukraine,Dnipro,Shevchenka,6,Suite,1,148,176,2024-10-26,2024-10-28,checked-in,2,Good hotel,2024-10-26
Hyatt,Hyatt Sea View,Sea View description,info414@hotel.com,Ukraine,Lviv,Shevchenka,52,Single,2,117,427,2024-07-25,2024-07-30,checked-in,4,Good hotel,2024-07-25
Marriott,Marriott Mountain Resort,Mountain Resort description,info415@hotel.com,Ukraine,Lviv,Shevchenka,75,Suite,2,51,149,2024-10-12,2024-10-18,confirmed,4,Good hotel,2024-10-12
Marriott,Marriott Mountain Resort,Mountain Resort description,info416@hotel.com,Ukraine,Odesa,Shevchenka,66,Single,4,204,302,2024-09-28,2024-10-01,confirmed,4,Good hotel,2024-09-28
Hilton,Hilton Grand Hotel,Grand Hotel description,info417@hotel.com,Ukraine,Kyiv,Shevchenka,51,Suite,3,164,126,2024-05-29,2024-06-05,checked-in,3,Good hotel,2024-05-29
Radisson,Radisson Grand Hotel,Grand Hotel description,info418@hotel.com,Ukraine,Dnipro,Shevchenka,19,Suite,3,132,308,2024-05-15,2024-05-19,pending,5,Good hotel,2024-05-15
Hilton,Hilton City Inn,City Inn description,info419@hotel.com,Ukraine,Lviv,Shevchenka,16,Single,4,117,129,2024-11-20,2024-11-24,confirmed,3,Good hotel,2024-11-20
Hyatt,Hyatt City Inn,City Inn description,info420@hotel.com,Ukraine,Kyiv,Shevchenka,88,Suite,2,192,168,2024-06-26,2024-06-30,checked-out,4,Good hotel,2024-06-26
Hyatt,Hyatt Sea View,Sea View description,info421@hotel.com,Ukraine,Dnipro,Shevchenka,62,Suite,1,135,430,2024-10-31,2024-11-06,checked-out,2,Good hotel,2024-10-31
Hyatt,Hyatt Sea View,Sea View description,info422@hotel.com,Ukraine,Kyiv,Shevchenka,87,Single,1,208,384,2024-02-13,2024-02-14,confirmed,1,Good hotel,2024-02-13
Marriott,Marriott Sea View,Sea View description,info423@hotel.com,Ukraine,Kyiv,Shevchenka,97,Single,1,189,175,2024-10-25,2024-10-27,checked-in,2,Good hotel,2024-10-25
Accor,Accor Mountain Resort,Mountain Resort description,info424@hotel.com,Ukraine,Kyiv,Shevchenka,32,Single,4,60,42,2024-01-12,2024-01-16,checked-out,4,Good hotel,2024-01-12
Marriott,Marriott City Inn,City Inn description,info425@hotel.com,Ukraine,Dnipro,Shevchenka,44,Suite,3,219,127,2024-11-23,2024-11-28,checked-out,2,Good hotel,2024-11-23
Hilton,Hilton Mountain Resort,Mountain Resort description,info426@hotel.com,Ukraine,Lviv,Shevchenka,6,Double,1,188,260,2024-09-16,2024-09-23,pending,5,Good hotel,2024-09-16
Hilton,Hilton Sea View,Sea View description,info427@hotel.com,Ukraine,Dnipro,Shevchenka,29,Single,2,116,58,2024-09-19,2024-09-24,confirmed,4,Good hotel,2024-09-19
Accor,Accor Sea View,Sea View description,info428@hotel.com,Ukraine,Lviv,Shevchenka,99,Suite,2,194,85,2024-10-16,2024-10-19,checked-out,3,Good hotel,2024-10-16
Radisson,Radisson Mountain Resort,Mountain Resort description,info429@hotel.com,Ukraine,Odesa,Shevchenka,66,Single,3,56,121,2024-06-11,2024-06-14,checked-in,5,Good hotel,2024-06-11
Accor,Accor City Inn,City Inn description,info430@hotel.com,Ukraine,Dnipro,Shevchenka,8,Suite,2,108,83,2024-06-20,2024-06-22,checked-in,4,Good hotel,2024-06-20
Marriott,Marriott Mountain Resort,Mountain Resort description,info431@hotel.com,Ukraine,Dnipro,Shevchenka,17,Single,2,257,23,2024-08-02,2024-08-09,confirmed,5,Good hotel,2024-08-02
Accor,Accor Mountain Resort,Mountain Resort description,info432@hotel.com,Ukraine,Lviv,Shevchenka,12,Suite,2,188,64,2024-07-17,2024-07-19,checked-in,4,Good hotel,2024-07-17
Hyatt,Hyatt City Inn,City Inn description,info433@hotel.com,Ukraine,Kyiv,Shevchenka,78,Double,3,240,316,2024-12-12,2024-12-16,confirmed,3,Good hotel,2024-12-12
Accor,Accor City Inn,City Inn description,info434@hotel.com,Ukraine,Odesa,Shevchenka,66,Suite,1,276,12,2024-08-10,2024-08-15,confirmed,2,Good hotel,2024-08-10
Accor,Accor Grand Hotel,Grand Hotel description,info435@hotel.com,Ukraine,Odesa,Shevchenka,77,Double,1,265,225,2024-12-23,2024-12-30,confirmed,1,Good hotel,2024-12-23
Radisson,Radisson Mountain Resort,Mountain Resort description,info436@hotel.com,Ukraine,Lviv,Shevchenka,90,Single,2,174,36,2024-11-11,2024-11-18,checked-in,3,Good hotel,2024-11-11
Marriott,Marriott City Inn,City Inn description,info437@hotel.com,Ukraine,Lviv,Shevchenka,58,Suite,3,74,464,2024-11-05,2024-11-11,checked-in,5,Good hotel,2024-11-05
Marriott,Marriott Mountain Resort,Mountain Resort description,info438@hotel.com,Ukraine,Dnipro,Shevchenka,31,Single,2,66,150,2024-04-07,2024-04-12,checked-in,4,Good hotel,2024-04-07
Hyatt,Hyatt Sea View,Sea View description,info439@hotel.com,Ukraine,Lviv,Shevchenka,9,Suite,1,94,209,2024-02-18,2024-02-20,confirmed,2,Good hotel,2024-02-18
Hyatt,Hyatt Mountain Resort,Mountain Resort description,info440@hotel.com,Ukraine,Kyiv,Shevchenka,82,Suite,1,260,223,2024-08-06,2024-08-13,checked-out,4,Good hotel,2024-08-06
Hilton,Hilton Mountain Resort,Mountain Resort description,info441@hotel.com,Ukraine,Kyiv,Shevchenka,60,Double,4,63,410,2024-11-26,2024-11-29,confirmed,2,Good hotel,2024-11-26
Accor,Accor Grand Hotel,Grand Hotel description,info442@hotel.com,Ukraine,Kyiv,Shevchenka,45,Suite,1,188,318,2024-09-28,2024-09-29,confirmed,1,Good hotel,2024-09-28
Hyatt,Hyatt Grand Hotel,Grand Hotel description,info443@hotel.com,Ukraine,Dnipro,Shevchenka,54,Double,1,77,215,2024-09-26,2024-10-02,pending,1,Good hotel,2024-09-26
Radisson,Radisson Mountain Resort,Mountain Resort description,info444@hotel.com,Ukraine,Odesa,Shevchenka,25,Single,4,95,228,2024-11-21,2024-11-28,checked-out,2,Good hotel,2024-11-21
Accor,Accor Grand Hotel,Grand Hotel description,info445@hotel.com,Ukraine,Dnipro,Shevchenka,85,Suite,4,293,312,2024-10-18,2024-10-23,pending,1,Good hotel,2024-10-18
Accor,Accor Grand Hotel,Grand Hotel description,info446@hotel.com,Ukraine,Lviv,Shevchenka,35,Suite,1,160,256,2024-02-08,2024-02-14,confirmed,2,Good hotel,2024-02-08
Hilton,Hilton Grand Hotel,Grand Hotel description,info447@hotel.com,Ukraine,Odesa,Shevchenka,39,Double,1,59,188,2024-11-16,2024-11-19,checked-out,4,Good hotel,2024-11-16
Marriott,Marriott City Inn,City Inn description,info448@hotel.com,Ukraine,Odesa,Shevchenka,87,Suite,3,59,255,2024-11-04,2024-11-09,pending,3,Good hotel,2024-11-04
Marriott,Marriott Grand Hotel,Grand Hotel description,info449@hotel.com,Ukraine,Kyiv,Shevchenka,80,Double,3,83,353,2024-12-25,2024-12-29,pending,4,Good hotel,2024-12-25
Hilton,Hilton Sea View,Sea View description,info450@hotel.com,Ukraine,Dnipro,Shevchenka,87,Double,2,102,58,2024-04-16,2024-04-17,pending,1,Good hotel,2024-04-16
Radisson,Radisson Mountain Resort,Mountain Resort description,info451@hotel.com,Ukraine,Kyiv,Shevchenka,66,Double,4,136,196,2024-11-08,2024-11-09,confirmed,1,Good hotel,2024-11-08
Radisson,Radisson Sea View,Sea View description,info452@hotel.com,Ukraine,Dnipro,Shevchenka,79,Single,1,116,21,2024-07-10,2024-07-12,checked-out,2,Good hotel,2024-07-10
Marriott,Marriott Mountain Resort,Mountain Resort description,info453@hotel.com,Ukraine,Dnipro,Shevchenka,62,Suite,1,281,348,2024-06-01,2024-06-02,confirmed,4,Good hotel,2024-06-01
Hilton,Hilton Sea View,Sea View description,info454@hotel.com,Ukraine,Dnipro,Shevchenka,62,Double,1,179,257,2024-05-10,2024-05-13,checked-in,5,Good hotel,2024-05-10
Radisson,Radisson Mountain Resort,Mountain Resort description,info455@hotel.com,Ukraine,Kyiv,Shevchenka,72,Double,2,259,481,2024-04-01,2024-04-04,checked-in,1,Good hotel,2024-04-01
Radisson,Radisson City Inn,City Inn description,info456@hotel.com,Ukraine,Dnipro,Shevchenka,21,Double,3,80,150,2024-03-06,2024-03-09,confirmed,1,Good hotel,2024-03-06
Hilton,Hilton Sea View,Sea View description,info457@hotel.com,Ukraine,Odesa,Shevchenka,59,Suite,2,55,24,2024-12-28,2025-01-03,pending,5,Good hotel,2024-12-28
Marriott,Marriott Sea View,Sea View description,info458@hotel.com,Ukraine,Kyiv,Shevchenka,79,Single,1,234,297,2024-01-06,2024-01-12,checked-in,1,Good hotel,2024-01-06
Hilton,Hilton Mountain Resort,Mountain Resort description,info459@hotel.com,Ukraine,Odesa,Shevchenka,28,Single,2,156,365,2024-01-03,2024-01-10,checked-out,4,Good hotel,2024-01-03
Accor,Accor Sea View,Sea View description,info460@hotel.com,Ukraine,Lviv,Shevchenka,24,Suite,1,299,306,2024-08-10,2024-08-11,pending,5,Good hotel,2024-08-10
Accor,Accor Grand Hotel,Grand Hotel description,info461@hotel.com,Ukraine,Kyiv,Shevchenka,2,Single,2,63,37,2024-02-19,2024-02-21,checked-in,5,Good hotel,2024-02-19
Hilton,Hilton Sea View,Sea View description,info462@hotel.com,Ukraine,Odesa,Shevchenka,62,Suite,3,133,437,2024-04-16,2024-04-21,confirmed,5,Good hotel,2024-04-16
Radisson,Radisson Mountain Resort,Mountain Resort description,info463@hotel.com,Ukraine,Lviv,Shevchenka,2,Suite,2,252,140,2024-06-15,2024-06-16,pending,5,Good hotel,2024-06-15
Radisson,Radisson Mountain Resort,Mountain Resort description,info464@hotel.com,Ukraine,Lviv,Shevchenka,23,Suite,2,53,141,2024-04-05,2024-04-08,checked-in,5,Good hotel,2024-04-05
Hilton,Hilton Grand Hotel,Grand Hotel description,info465@hotel.com,Ukraine,Odesa,Shevchenka,2,Suite,2,179,39,2024-08-22,2024-08-27,confirmed,5,Good hotel,2024-08-22
Hilton,Hilton Mountain Resort,Mountain Resort description,info466@hotel.com,Ukraine,Odesa,Shevchenka,24,Single,3,209,226,2024-01-07,2024-01-14,pending,5,Good hotel,2024-01-07
Hilton,Hilton Grand Hotel,Grand Hotel description,info467@hotel.com,Ukraine,Dnipro,Shevchenka,54,Single,3,240,181,2024-08-28,2024-08-29,checked-out,1,Good hotel,2024-08-28
Hilton,Hilton Mountain Resort,Mountain Resort description,info468@hotel.com,Ukraine,Kyiv,Shevchenka,97,Single,3,142,222,2024-01-22,2024-01-25,confirmed,5,Good hotel,2024-01-22
Hyatt,Hyatt Sea View,Sea View description,info469@hotel.com,Ukraine,Dnipro,Shevchenka,76,Double,3,203,6,2024-04-03,2024-04-07,pending,4,Good hotel,2024-04-03
Hilton,Hilton Grand Hotel,Grand Hotel description,info470@hotel.com,Ukraine,Lviv,Shevchenka,55,Suite,1,153,452,2024-05-07,2024-05-09,confirmed,2,Good hotel,2024-05-07
Accor,Accor City Inn,City Inn description,info471@hotel.com,Ukraine,Odesa,Shevchenka,34,Double,1,231,330,2024-04-10,2024-04-16,checked-in,5,Good hotel,2024-04-10
Marriott,Marriott Sea View,Sea View description,info472@hotel.com,Ukraine,Odesa,Shevchenka,90,Double,4,216,236,2024-03-29,2024-04-01,checked-in,5,Good hotel,2024-03-29
Hyatt,Hyatt Grand Hotel,Grand Hotel description,info473@hotel.com,Ukraine,Lviv,Shevchenka,43,Single,2,250,370,2024-04-14,2024-04-16,pending,3,Good hotel,2024-04-14
Hyatt,Hyatt Grand Hotel,Grand Hotel description,info474@hotel.com,Ukraine,Dnipro,Shevchenka,29,Double,1,234,162,2024-10-11,2024-10-16,checked-in,3,Good hotel,2024-10-11
Marriott,Marriott Sea View,Sea View description,info475@hotel.com,Ukraine,Kyiv,Shevchenka,90,Double,1,207,457,2024-01-22,2024-01-23,checked-out,4,Good hotel,2024-01-22
Hilton,Hilton City Inn,City Inn description,info476@hotel.com,Ukraine,Dnipro,Shevchenka,9,Single,2,284,21,2024-10-22,2024-10-28,checked-out,5,Good hotel,2024-10-22
Radisson,Radisson Mountain Resort,Mountain Resort description,info477@hotel.com,Ukraine,Lviv,Shevchenka,86,Single,3,108,46,2024-06-17,2024-06-18,checked-out,2,Good hotel,2024-06-17
Marriott,Marriott Mountain Resort,Mountain Resort description,info478@hotel.com,Ukraine,Dnipro,Shevchenka,56,Suite,3,268,202,2024-07-02,2024-07-06,confirmed,4,Good hotel,2024-07-02
Accor,Accor City Inn,City Inn description,info479@hotel.com,Ukraine,Odesa,Shevchenka,33,Single,2,187,416,2024-06-08,2024-06-12,pending,2,Good hotel,2024-06-08
Hyatt,Hyatt City Inn,City Inn description,info480@hotel.com,Ukraine,Lviv,Shevchenka,20,Double,1,131,80,2024-12-18,2024-12-19,pending,2,Good hotel,2024-12-18
Accor,Accor Grand Hotel,Grand Hotel description,info481@hotel.com,Ukraine,Dnipro,Shevchenka,89,Single,2,298,233,2024-10-16,2024-10-17,checked-out,2,Good hotel,2024-10-16
Hilton,Hilton Sea View,Sea View description,info482@hotel.com,Ukraine,Dnipro,Shevchenka,16,Single,2,157,142,2024-05-25,2024-05-27,checked-out,5,Good hotel,2024-05-25
Hyatt,Hyatt City Inn,City Inn description,info483@hotel.com,Ukraine,Lviv,Shevchenka,44,Double,3,185,492,2024-09-21,2024-09-28,checked-out,2,Good hotel,2024-09-21
Radisson,Radisson Grand Hotel,Grand Hotel description,info484@hotel.com,Ukraine,Dnipro,Shevchenka,84,Single,1,57,173,2024-11-21,2024-11-27,checked-out,1,Good hotel,2024-11-21
Accor,Accor Sea View,Sea View description,info485@hotel.com,Ukraine,Lviv,Shevchenka,97,Suite,2,70,339,2024-03-13,2024-03-20,checked-in,1,Good hotel,2024-03-13
Radisson,Radisson Mountain Resort,Mountain Resort description,info486@hotel.com,Ukraine,Dnipro,Shevchenka,84,Single,3,276,425,2024-09-25,2024-09-30,checked-in,3,Good hotel,2024-09-25
Hilton,Hilton Grand Hotel,Grand Hotel description,info487@hotel.com,Ukraine,Kyiv,Shevchenka,82,Double,2,215,231,2024-12-11,2024-12-15,confirmed,2,Good hotel,2024-12-11
Hilton,Hilton Mountain Resort,Mountain Resort description,info488@hotel.com,Ukraine,Odesa,Shevchenka,68,Suite,1,247,60,2024-08-19,2024-08-22,confirmed,1,Good hotel,2024-08-19
Accor,Accor Sea View,Sea View description,info489@hotel.com,Ukraine,Lviv,Shevchenka,99,Double,4,228,178,2024-01-14,2024-01-16,checked-out,3,Good hotel,2024-01-14
Hyatt,Hyatt Mountain Resort,Mountain Resort description,info490@hotel.com,Ukraine,Kyiv,Shevchenka,38,Suite,1,144,343,2024-11-04,2024-11-06,pending,3,Good hotel,2024-11-04
Hyatt,Hyatt City Inn,City Inn description,info491@hotel.com,Ukraine,Lviv,Shevchenka,55,Suite,4,170,324,2024-11-22,2024-11-24,confirmed,1,Good hotel,2024-11-22
Hilton,Hilton Sea View,Sea View description,info492@hotel.com,Ukraine,Lviv,Shevchenka,66,Double,2,94,245,2024-09-11,2024-09-14,checked-out,2,Good hotel,2024-09-11
Marriott,Marriott Mountain Resort,Mountain Resort description,info493@hotel.com,Ukraine,Lviv,Shevchenka,42,Single,4,224,213,2024-10-21,2024-10-22,pending,1,Good hotel,2024-10-21
Radisson,Radisson Sea View,Sea View description,info494@hotel.com,Ukraine,Odesa,Shevchenka,24,Single,3,140,300,2024-12-10,2024-12-11,confirmed,4,Good hotel,2024-12-10
Hyatt,Hyatt City Inn,City Inn description,info495@hotel.com,Ukraine,Dnipro,Shevchenka,76,Single,2,78,121,2024-01-14,2024-01-21,pending,5,Good hotel,2024-01-14
Accor,Accor Mountain Resort,Mountain Resort description,info496@hotel.com,Ukraine,Kyiv,Shevchenka,59,Single,2,183,362,2024-09-01,2024-09-05,confirmed,4,Good hotel,2024-09-01
Marriott,Marriott Grand Hotel,Grand Hotel description,info497@hotel.com,Ukraine,Dnipro,Shevchenka,11,Single,3,150,304,2024-11-25,2024-11-27,confirmed,4,Good hotel,2024-11-25
Accor,Accor Mountain Resort,Mountain Resort description,info498@hotel.com,Ukraine,Lviv,Shevchenka,58,Double,3,284,311,2024-10-13,2024-10-17,confirmed,3,Good hotel,2024-10-13
Hilton,Hilton Mountain Resort,Mountain Resort description,info499@hotel.com,Ukraine,Kyiv,Shevchenka,19,Suite,4,109,278,2024-08-10,2024-08-15,pending,1,Good hotel,2024-08-10
Accor,Accor Grand Hotel,Grand Hotel description,info500@hotel.com,Ukraine,Kyiv,Shevchenka,86,Suite,2,97,231,2024-05-18,2024-05-23,confirmed,1,Good hotel,2024-05-18
Hyatt,Hyatt City Inn,City Inn description,info501@hotel.com,Ukraine,Odesa,Shevchenka,3,Double,3,74,340,2024-10-19,2024-10-24,checked-out,5,Good hotel,2024-10-19
Hilton,Hilton City Inn,City Inn description,info502@hotel.com,Ukraine,Kyiv,Shevchenka,64,Single,4,135,62,2024-02-12,2024-02-18,checked-out,4,Good hotel,2024-02-12
Marriott,Marriott Grand Hotel,Grand Hotel description,info503@hotel.com,Ukraine,Dnipro,Shevchenka,10,Suite,4,155,45,2024-12-09,2024-12-12,checked-in,5,Good hotel,2024-12-09
Accor,Accor Grand Hotel,Grand Hotel description,info504@hotel.com,Ukraine,Lviv,Shevchenka,41,Double,1,112,142,2024-08-31,2024-09-03,confirmed,5,Good hotel,2024-08-31
Marriott,Marriott Grand Hotel,Grand Hotel description,info505@hotel.com,Ukraine,Kyiv,Shevchenka,68,Single,4,252,42,2024-11-20,2024-11-21,checked-out,5,Good hotel,2024-11-20
Accor,Accor Sea View,Sea View description,info506@hotel.com,Ukraine,Kyiv,Shevchenka,74,Double,3,179,305,2024-03-10,2024-03-15,checked-out,4,Good hotel,2024-03-10
Accor,Accor Grand Hotel,Grand Hotel description,info507@hotel.com,Ukraine,Lviv,Shevchenka,5,Single,4,272,167,2024-08-28,2024-08-29,checked-in,4,Good hotel,2024-08-28
Hyatt,Hyatt Sea View,Sea View description,info508@hotel.com,Ukraine,Dnipro,Shevchenka,80,Single,1,202,358,2024-11-01,2024-11-08,checked-out,4,Good hotel,2024-11-01
Accor,Accor Sea View,Sea View description,info509@hotel.com,Ukraine,Odesa,Shevchenka,64,Double,4,126,159,2024-03-24,2024-03-31,pending,5,Good hotel,2024-03-24
Hilton,Hilton Grand Hotel,Grand Hotel description,info510@hotel.com,Ukraine,Lviv,Shevchenka,12,Double,1,164,152,2024-10-21,2024-10-27,pending,4,Good hotel,2024-10-21
Hilton,Hilton Mountain Resort,Mountain Resort description,info511@hotel.com,Ukraine,Odesa,Shevchenka,62,Double,4,56,116,2024-12-07,2024-12-08,checked-out,5,Good hotel,2024-12-07
Hyatt,Hyatt Sea View,Sea View description,info512@hotel.com,Ukraine,Kyiv,Shevchenka,32,Double,2,185,494,2024-09-05,2024-09-08,pending,4,Good hotel,2024-09-05
Hyatt,Hyatt Grand Hotel,Grand Hotel description,info513@hotel.com,Ukraine,Dnipro,Shevchenka,81,Single,3,104,221,2024-10-30,2024-11-01,checked-in,4,Good hotel,2024-10-30
Marriott,Marriott City Inn,City Inn description,info514@hotel.com,Ukraine,Dnipro,Shevchenka,7,Suite,3,224,386,2024-01-28,2024-02-02,pending,2,Good hotel,2024-01-28
Hyatt,Hyatt Sea View,Sea View description,info515@hotel.com,Ukraine,Dnipro,Shevchenka,100,Double,1,118,198,2024-01-26,2024-01-31,checked-in,2,Good hotel,2024-01-26
Radisson,Radisson Grand Hotel,Grand Hotel description,info516@hotel.com,Ukraine,Lviv,Shevchenka,97,Suite,3,163,175,2024-11-17,2024-11-18,pending,3,Good hotel,2024-11-17
Hyatt,Hyatt Sea View,Sea View description,info517@hotel.com,Ukraine,Odesa,Shevchenka,27,Double,2,248,201,2024-11-08,2024-11-15,confirmed,5,Good hotel,2024-11-08
Hyatt,Hyatt Grand Hotel,Grand Hotel description,info518@hotel.com,Ukraine,Dnipro,Shevchenka,83,Suite,2,137,498,2024-07-08,2024-07-10,checked-in,5,Good hotel,2024-07-08
Hyatt,Hyatt Mountain Resort,Mountain Resort description,info519@hotel.com,Ukraine,Lviv,Shevchenka,43,Single,1,109,288,2024-01-20,2024-01-22,checked-in,3,Good hotel,2024-01-20
Radisson,Radisson City Inn,City Inn description,info520@hotel.com,Ukraine,Kyiv,Shevchenka,38,Double,1,172,34,2024-02-24,2024-02-29,confirmed,3,Good hotel,2024-02-24
Hilton,Hilton Sea View,Sea View description,info521@hotel.com,Ukraine,Lviv,Shevchenka,79,Suite,1,136,469,2024-07-17,2024-07-24,confirmed,1,Good hotel,2024-07-17
Accor,Accor City Inn,City Inn description,info522@hotel.com,Ukraine,Kyiv,Shevchenka,27,Suite,2,145,497,2024-04-21,2024-04-27,pending,3,Good hotel,2024-04-21
Hilton,Hilton Mountain Resort,Mountain Resort description,info523@hotel.com,Ukraine,Lviv,Shevchenka,61,Single,1,245,450,2024-10-22,2024-10-29,checked-in,3,Good hotel,2024-10-22
Marriott,Marriott Mountain Resort,Mountain Resort description,info524@hotel.com,Ukraine,Lviv,Shevchenka,29,Single,3,92,144,2024-06-13,2024-06-20,checked-in,4,Good hotel,2024-06-13
Marriott,Marriott Mountain Resort,Mountain Resort description,info525@hotel.com,Ukraine,Dnipro,Shevchenka,84,Suite,2,64,446,2024-06-05,2024-06-10,confirmed,2,Good hotel,2024-06-05
Hyatt,Hyatt City Inn,City Inn description,info526@hotel.com,Ukraine,Dnipro,Shevchenka,73,Double,4,293,348,2024-05-30,2024-05-31,checked-out,2,Good hotel,2024-05-30
Hyatt,Hyatt Sea View,Sea View description,info527@hotel.com,Ukraine,Kyiv,Shevchenka,13,Double,2,294,251,2024-04-04,2024-04-06,checked-in,1,Good hotel,2024-04-04
Accor,Accor Grand Hotel,Grand Hotel description,info528@hotel.com,Ukraine,Odesa,Shevchenka,14,Single,4,178,83,2024-06-29,2024-07-06,checked-out,1,Good hotel,2024-06-29
Hyatt,Hyatt Sea View,Sea View description,info529@hotel.com,Ukraine,Dnipro,Shevchenka,63,Single,1,109,490,2024-08-29,2024-09-01,confirmed,4,Good hotel,2024-08-29
Radisson,Radisson Sea View,Sea View description,info530@hotel.com,Ukraine,Odesa,Shevchenka,100,Double,3,89,432,2024-08-30,2024-09-03,checked-out,3,Good hotel,2024-08-30
Hyatt,Hyatt Mountain Resort,Mountain Resort description,info531@hotel.com,Ukraine,Dnipro,Shevchenka,43,Single,4,269,396,2024-08-07,2024-08-10,checked-in,1,Good hotel,2024-08-07
Hyatt,Hyatt Grand Hotel,Grand Hotel description,info532@hotel.com,Ukraine,Dnipro,Shevchenka,14,Single,2,170,176,2024-04-09,2024-04-16,confirmed,5,Good hotel,2024-04-09
Hyatt,Hyatt City Inn,City Inn description,info533@hotel.com,Ukraine,Odesa,Shevchenka,42,Single,3,110,226,2024-09-15,2024-09-16,checked-out,1,Good hotel,2024-09-15
Accor,Accor Grand Hotel,Grand Hotel description,info534@hotel.com,Ukraine,Dnipro,Shevchenka,35,Single,1,105,407,2024-12-30,2025-01-01,checked-out,5,Good hotel,2024-12-30
Hilton,Hilton Grand Hotel,Grand Hotel description,info535@hotel.com,Ukraine,Kyiv,Shevchenka,60,Single,1,281,247,2024-11-22,2024-11-26,pending,1,Good hotel,2024-11-22
Hyatt,Hyatt City Inn,City Inn description,info536@hotel.com,Ukraine,Odesa,Shevchenka,46,Single,3,250,59,2024-11-17,2024-11-21,checked-in,3,Good hotel,2024-11-17
Hilton,Hilton Mountain Resort,Mountain Resort description,info537@hotel.com,Ukraine,Kyiv,Shevchenka,63,Single,1,281,41,2024-06-13,2024-06-17,checked-in,3,Good hotel,2024-06-13
Marriott,Marriott City Inn,City Inn description,info538@hotel.com,Ukraine,Odesa,Shevchenka,85,Single,1,259,33,2024-01-31,2024-02-07,checked-out,5,Good hotel,2024-01-31
Accor,Accor Grand Hotel,Grand Hotel description,info539@hotel.com,Ukraine,Kyiv,Shevchenka,90,Single,3,293,201,2024-06-14,2024-06-19,pending,1,Good hotel,2024-06-14
Hilton,Hilton Sea View,Sea View description,info540@hotel.com,Ukraine,Kyiv,Shevchenka,49,Suite,4,156,12,2024-05-25,2024-05-31,checked-out,5,Good hotel,2024-05-25
Radisson,Radisson Sea View,Sea View description,info541@hotel.com,Ukraine,Lviv,Shevchenka,99,Suite,3,218,28,2024-06-23,2024-06-24,pending,5,Good hotel,2024-06-23
Marriott,Marriott Mountain Resort,Mountain Resort description,info542@hotel.com,Ukraine,Odesa,Shevchenka,20,Single,2,259,379,2024-12-02,2024-12-04,checked-out,1,Good hotel,2024-12-02
Hilton,Hilton Grand Hotel,Grand Hotel description,info543@hotel.com,Ukraine,Kyiv,Shevchenka,57,Double,1,286,129,2024-11-29,2024-12-05,checked-out,4,Good hotel,2024-11-29
Accor,Accor City Inn,City Inn description,info544@hotel.com,Ukraine,Kyiv,Shevchenka,67,Single,4,93,190,2024-04-10,2024-04-13,pending,1,Good hotel,2024-04-10
Accor,Accor Mountain Resort,Mountain Resort description,info545@hotel.com,Ukraine,Dnipro,Shevchenka,42,Single,2,192,339,2024-05-07,2024-05-10,pending,4,Good hotel,2024-05-07
Hyatt,Hyatt Sea View,Sea View description,info546@hotel.com,Ukraine,Kyiv,Shevchenka,42,Single,1,160,153,2024-07-03,2024-07-09,pending,2,Good hotel,2024-07-03
Hyatt,Hyatt Grand Hotel,Grand Hotel description,info547@hotel.com,Ukraine,Lviv,Shevchenka,52,Suite,1,180,141,2024-05-31,2024-06-02,checked-in,2,Good hotel,2024-05-31
Marriott,Marriott Mountain Resort,Mountain Resort description,info548@hotel.com,Ukraine,Dnipro,Shevchenka,82,Double,2,208,193,2024-12-22,2024-12-27,confirmed,3,Good hotel,2024-12-22
Radisson,Radisson Sea View,Sea View description,info549@hotel.com,Ukraine,Odesa,Shevchenka,77,Suite,1,259,448,2024-12-02,2024-12-08,checked-out,5,Good hotel,2024-12-02
Marriott,Marriott City Inn,City Inn description,info550@hotel.com,Ukraine,Dnipro,Shevchenka,47,Double,1,161,66,2024-11-16,2024-11-18,checked-in,1,Good hotel,2024-11-16
Accor,Accor City Inn,City Inn description,info551@hotel.com,Ukraine,Lviv,Shevchenka,31,Suite,3,118,266,2024-10-07,2024-10-11,pending,3,Good hotel,2024-10-07
Accor,Accor Sea View,Sea View description,info552@hotel.com,Ukraine,Dnipro,Shevchenka,98,Double,1,238,345,2024-03-09,2024-03-16,checked-out,2,Good hotel,2024-03-09
Hyatt,Hyatt Sea View,Sea View description,info553@hotel.com,Ukraine,Lviv,Shevchenka,7,Suite,3,123,106,2024-10-21,2024-10-26,confirmed,4,Good hotel,2024-10-21
Hyatt,Hyatt Sea View,Sea View description,info554@hotel.com,Ukraine,Lviv,Shevchenka,56,Suite,2,258,116,2024-01-22,2024-01-27,checked-in,1,Good hotel,2024-01-22
Radisson,Radisson Sea View,Sea View description,info555@hotel.com,Ukraine,Odesa,Shevchenka,100,Double,4,287,203,2024-02-11,2024-02-14,pending,4,Good hotel,2024-02-11
Hyatt,Hyatt Sea View,Sea View description,info556@hotel.com,Ukraine,Odesa,Shevchenka,2,Single,3,88,446,2024-08-01,2024-08-05,checked-out,2,Good hotel,2024-08-01
Hilton,Hilton Sea View,Sea View description,info557@hotel.com,Ukraine,Odesa,Shevchenka,46,Double,4,102,423,2024-08-05,2024-08-09,checked-out,4,Good hotel,2024-08-05
Accor,Accor City Inn,City Inn description,info558@hotel.com,Ukraine,Lviv,Shevchenka,76,Single,3,283,254,2024-07-21,2024-07-23,confirmed,3,Good hotel,2024-07-21
Marriott,Marriott Grand Hotel,Grand Hotel description,info559@hotel.com,Ukraine,Kyiv,Shevchenka,31,Double,4,226,232,2024-12-19,2024-12-26,checked-out,1,Good hotel,2024-12-19
Marriott,Marriott Mountain Resort,Mountain Resort description,info560@hotel.com,Ukraine,Kyiv,Shevchenka,36,Suite,3,192,494,2024-08-10,2024-08-12,checked-out,1,Good hotel,2024-08-10
Hyatt,Hyatt Mountain Resort,Mountain Resort description,info561@hotel.com,Ukraine,Dnipro,Shevchenka,49,Double,4,190,23,2024-06-16,2024-06-18,checked-out,1,Good hotel,2024-06-16
Radisson,Radisson City Inn,City Inn description,info562@hotel.com,Ukraine,Odesa,Shevchenka,62,Suite,1,260,227,2024-10-08,2024-10-14,checked-in,2,Good hotel,2024-10-08
Hyatt,Hyatt Sea View,Sea View description,info563@hotel.com,Ukraine,Lviv,Shevchenka,91,Double,3,193,498,2024-12-21,2024-12-23,confirmed,2,Good hotel,2024-12-21
Radisson,Radisson Sea View,Sea View description,info564@hotel.com,Ukraine,Dnipro,Shevchenka,74,Double,1,69,159,2024-09-16,2024-09-19,pending,3,Good hotel,2024-09-16
Radisson,Radisson Grand Hotel,Grand Hotel description,info565@hotel.com,Ukraine,Kyiv,Shevchenka,71,Suite,4,279,408,2024-04-06,2024-04-07,pending,1,Good hotel,2024-04-06
Radisson,Radisson Grand Hotel,Grand Hotel description,info566@hotel.com,Ukraine,Odesa,Shevchenka,41,Single,3,192,61,2024-11-23,2024-11-27,checked-in,4,Good hotel,2024-11-23
Hilton,Hilton City Inn,City Inn description,info567@hotel.com,Ukraine,Odesa,Shevchenka,42,Double,2,259,409,2024-09-15,2024-09-21,confirmed,4,Good hotel,2024-09-15
Radisson,Radisson Grand Hotel,Grand Hotel description,info568@hotel.com,Ukraine,Dnipro,Shevchenka,54,Double,3,265,293,2024-05-09,2024-05-10,checked-in,1,Good hotel,2024-05-09
Accor,Accor Grand Hotel,Grand Hotel description,info569@hotel.com,Ukraine,Lviv,Shevchenka,55,Single,3,161,60,2024-03-03,2024-03-08,checked-in,1,Good hotel,2024-03-03
Radisson,Radisson Grand Hotel,Grand Hotel description,info570@hotel.com,Ukraine,Kyiv,Shevchenka,53,Double,1,243,4,2024-02-15,2024-02-17,pending,3,Good hotel,2024-02-15
Accor,Accor Grand Hotel,Grand Hotel description,info571@hotel.com,Ukraine,Kyiv,Shevchenka,30,Double,2,257,233,2024-01-03,2024-01-08,checked-out,2,Good hotel,2024-01-03
Marriott,Marriott City Inn,City Inn description,info572@hotel.com,Ukraine,Odesa,Shevchenka,18,Suite,3,58,106,2024-06-30,2024-07-01,pending,5,Good hotel,2024-06-30
Hilton,Hilton City Inn,City Inn description,info573@hotel.com,Ukraine,Odesa,Shevchenka,95,Single,4,207,234,2024-10-08,2024-10-11,checked-in,5,Good hotel,2024-10-08
Radisson,Radisson Grand Hotel,Grand Hotel description,info574@hotel.com,Ukraine,Kyiv,Shevchenka,26,Single,4,258,306,2024-10-15,2024-10-19,confirmed,5,Good hotel,2024-10-15
Marriott,Marriott City Inn,City Inn description,info575@hotel.com,Ukraine,Odesa,Shevchenka,80,Suite,1,155,407,2024-10-22,2024-10-25,checked-out,2,Good hotel,2024-10-22
Accor,Accor Grand Hotel,Grand Hotel description,info576@hotel.com,Ukraine,Lviv,Shevchenka,28,Double,4,190,361,2024-12-09,2024-12-12,checked-out,1,Good hotel,2024-12-09
Accor,Accor Sea View,Sea View description,info577@hotel.com,Ukraine,Dnipro,Shevchenka,42,Double,4,298,174,2024-07-29,2024-08-01,checked-in,4,Good hotel,2024-07-29
Radisson,Radisson Sea View,Sea View description,info578@hotel.com,Ukraine,Odesa,Shevchenka,23,Double,3,110,251,2024-07-22,2024-07-23,confirmed,2,Good hotel,2024-07-22
Accor,Accor City Inn,City Inn description,info579@hotel.com,Ukraine,Lviv,Shevchenka,55,Single,2,157,47,2024-09-27,2024-10-04,pending,4,Good hotel,2024-09-27
Hilton,Hilton City Inn,City Inn description,info580@hotel.com,Ukraine,Odesa,Shevchenka,79,Single,3,94,235,2024-10-01,2024-10-02,confirmed,1,Good hotel,2024-10-01
Hyatt,Hyatt Grand Hotel,Grand Hotel description,info581@hotel.com,Ukraine,Kyiv,Shevchenka,38,Double,1,173,443,2024-11-07,2024-11-12,pending,4,Good hotel,2024-11-07
Accor,Accor Sea View,Sea View description,info582@hotel.com,Ukraine,Kyiv,Shevchenka,86,Single,4,201,310,2024-04-13,2024-04-14,checked-out,5,Good hotel,2024-04-13
Marriott,Marriott Mountain Resort,Mountain Resort description,info583@hotel.com,Ukraine,Odesa,Shevchenka,79,Double,3,228,399,2024-02-21,2024-02-25,confirmed,5,Good hotel,2024-02-21
Accor,Accor Sea View,Sea View description,info584@hotel.com,Ukraine,Lviv,Shevchenka,8,Single,4,245,463,2024-06-22,2024-06-26,pending,1,Good hotel,2024-06-22
Marriott,Marriott Mountain Resort,Mountain Resort description,info585@hotel.com,Ukraine,Kyiv,Shevchenka,59,Single,3,263,4,2024-04-23,2024-04-30,checked-in,5,Good hotel,2024-04-23
Marriott,Marriott City Inn,City Inn description,info586@hotel.com,Ukraine,Odesa,Shevchenka,36,Double,1,173,49,2024-12-13,2024-12-19,confirmed,5,Good hotel,2024-12-13
Accor,Accor Mountain Resort,Mountain Resort description,info587@hotel.com,Ukraine,Odesa,Shevchenka,25,Suite,1,102,430,2024-10-20,2024-10-24,checked-out,5,Good hotel,2024-10-20
Hilton,Hilton Sea View,Sea View description,info588@hotel.com,Ukraine,Lviv,Shevchenka,25,Suite,1,298,316,2024-07-20,2024-07-26,checked-in,4,Good hotel,2024-07-20
Accor,Accor City Inn,City Inn description,info589@hotel.com,Ukraine,Odesa,Shevchenka,88,Double,2,228,214,2024-01-15,2024-01-18,confirmed,5,Good hotel,2024-01-15
Marriott,Marriott Mountain Resort,Mountain Resort description,info590@hotel.com,Ukraine,Dnipro,Shevchenka,96,Single,4,114,135,2024-01-28,2024-01-30,confirmed,4,Good hotel,2024-01-28
Accor,Accor Mountain Resort,Mountain Resort description,info591@hotel.com,Ukraine,Kyiv,Shevchenka,12,Suite,4,280,348,2024-06-30,2024-07-01,checked-out,5,Good hotel,2024-06-30
Accor,Accor City Inn,City Inn description,info592@hotel.com,Ukraine,Kyiv,Shevchenka,80,Suite,2,107,228,2024-08-21,2024-08-22,confirmed,4,Good hotel,2024-08-21
Accor,Accor City Inn,City Inn description,info593@hotel.com,Ukraine,Odesa,Shevchenka,17,Double,4,280,214,2024-07-31,2024-08-02,pending,4,Good hotel,2024-07-31
Hyatt,Hyatt Mountain Resort,Mountain Resort description,info594@hotel.com,Ukraine,Dnipro,Shevchenka,35,Single,4,67,41,2024-07-03,2024-07-09,checked-in,4,Good hotel,2024-07-03
Hilton,Hilton City Inn,City Inn description,info595@hotel.com,Ukraine,Kyiv,Shevchenka,93,Suite,1,167,462,2024-10-18,2024-10-24,pending,1,Good hotel,2024-10-18
Radisson,Radisson Mountain Resort,Mountain Resort description,info596@hotel.com,Ukraine,Lviv,Shevchenka,5,Suite,2,85,134,2024-02-16,2024-02-19,confirmed,2,Good hotel,2024-02-16
Radisson,Radisson Mountain Resort,Mountain Resort description,info597@hotel.com,Ukraine,Lviv,Shevchenka,99,Single,3,205,262,2024-03-24,2024-03-27,checked-out,1,Good hotel,2024-03-24
Accor,Accor Grand Hotel,Grand Hotel description,info598@hotel.com,Ukraine,Kyiv,Shevchenka,45,Suite,4,282,244,2024-09-19,2024-09-24,pending,5,Good hotel,2024-09-19
Marriott,Marriott City Inn,City Inn description,info599@hotel.com,Ukraine,Dnipro,Shevchenka,30,Double,2,51,79,2024-05-30,2024-06-02,pending,5,Good hotel,2024-05-30
Marriott,Marriott Sea View,Sea View description,info600@hotel.com,Ukraine,Kyiv,Shevchenka,81,Double,3,230,198,2024-08-10,2024-08-13,checked-in,2,Good hotel,2024-08-10
Hyatt,Hyatt Mountain Resort,Mountain Resort description,info601@hotel.com,Ukraine,Lviv,Shevchenka,62,Double,2,271,50,2024-05-20,2024-05-27,checked-in,4,Good hotel,2024-05-20
Accor,Accor Mountain Resort,Mountain Resort description,info602@hotel.com,Ukraine,Lviv,Shevchenka,49,Double,4,61,300,2024-05-31,2024-06-06,checked-in,2,Good hotel,2024-05-31
Hyatt,Hyatt City Inn,City Inn description,info603@hotel.com,Ukraine,Odesa,Shevchenka,34,Suite,2,289,479,2024-12-03,2024-12-08,checked-in,2,Good hotel,2024-12-03
Hilton,Hilton Sea View,Sea View description,info604@hotel.com,Ukraine,Kyiv,Shevchenka,55,Single,1,248,75,2024-11-09,2024-11-10,pending,3,Good hotel,2024-11-09
Hilton,Hilton Grand Hotel,Grand Hotel description,info605@hotel.com,Ukraine,Kyiv,Shevchenka,76,Single,3,239,311,2024-06-30,2024-07-05,confirmed,4,Good hotel,2024-06-30
Radisson,Radisson City Inn,City Inn description,info606@hotel.com,Ukraine,Odesa,Shevchenka,14,Double,2,82,379,2024-02-01,2024-02-03,checked-out,1,Good hotel,2024-02-01
Radisson,Radisson Mountain Resort,Mountain Resort description,info607@hotel.com,Ukraine,Odesa,Shevchenka,94,Suite,1,105,468,2024-01-29,2024-02-04,confirmed,2,Good hotel,2024-01-29
Accor,Accor Sea View,Sea View description,info608@hotel.com,Ukraine,Odesa,Shevchenka,65,Double,2,110,1,2024-01-18,2024-01-22,checked-in,3,Good hotel,2024-01-18
Hilton,Hilton Mountain Resort,Mountain Resort description,info609@hotel.com,Ukraine,Kyiv,Shevchenka,26,Suite,2,72,132,2024-09-27,2024-10-03,checked-in,3,Good hotel,2024-09-27
Radisson,Radisson City Inn,City Inn description,info610@hotel.com,Ukraine,Dnipro,Shevchenka,79,Single,1,126,350,2024-01-09,2024-01-13,checked-out,3,Good hotel,2024-01-09
Hyatt,Hyatt City Inn,City Inn description,info611@hotel.com,Ukraine,Lviv,Shevchenka,29,Double,3,166,455,2024-07-19,2024-07-21,checked-out,1,Good hotel,2024-07-19
Radisson,Radisson Mountain Resort,Mountain Resort description,info612@hotel.com,Ukraine,Dnipro,Shevchenka,43,Suite,1,185,281,2024-01-27,2024-01-29,checked-in,1,Good hotel,2024-01-27
Marriott,Marriott City Inn,City Inn description,info613@hotel.com,Ukraine,Dnipro,Shevchenka,67,Suite,4,294,381,2024-12-02,2024-12-07,confirmed,4,Good hotel,2024-12-02
Accor,Accor Sea View,Sea View description,info614@hotel.com,Ukraine,Odesa,Shevchenka,96,Single,1,121,472,2024-06-20,2024-06-27,confirmed,3,Good hotel,2024-06-20
Hyatt,Hyatt Mountain Resort,Mountain Resort description,info615@hotel.com,Ukraine,Lviv,Shevchenka,40,Double,2,261,442,2024-10-05,2024-10-12,pending,3,Good hotel,2024-10-05
Radisson,Radisson Mountain Resort,Mountain Resort description,info616@hotel.com,Ukraine,Odesa,Shevchenka,1,Suite,2,50,48,2024-08-06,2024-08-12,confirmed,3,Good hotel,2024-08-06
Radisson,Radisson Sea View,Sea View description,info617@hotel.com,Ukraine,Dnipro,Shevchenka,15,Single,4,136,391,2024-10-15,2024-10-19,pending,1,Good hotel,2024-10-15
Hilton,Hilton Sea View,Sea View description,info618@hotel.com,Ukraine,Odesa,Shevchenka,19,Single,2,228,338,2024-08-20,2024-08-22,pending,5,Good hotel,2024-08-20
Marriott,Marriott Grand Hotel,Grand Hotel description,info619@hotel.com,Ukraine,Odesa,Shevchenka,51,Suite,4,165,16,2024-02-18,2024-02-19,pending,3,Good hotel,2024-02-18
Accor,Accor City Inn,City Inn description,info620@hotel.com,Ukraine,Kyiv,Shevchenka,3,Suite,4,147,462,2024-08-06,2024-08-09,checked-in,4,Good hotel,2024-08-06
Hilton,Hilton Mountain Resort,Mountain Resort description,info621@hotel.com,Ukraine,Odesa,Shevchenka,17,Single,3,81,440,2024-08-21,2024-08-26,pending,1,Good hotel,2024-08-21
Hyatt,Hyatt Mountain Resort,Mountain Resort description,info622@hotel.com,Ukraine,Lviv,Shevchenka,53,Double,3,61,462,2024-11-06,2024-11-09,confirmed,2,Good hotel,2024-11-06
Hyatt,Hyatt Mountain Resort,Mountain Resort description,info623@hotel.com,Ukraine,Odesa,Shevchenka,76,Suite,2,208,173,2024-01-07,2024-01-12,pending,3,Good hotel,2024-01-07
Accor,Accor Sea View,Sea View description,info624@hotel.com,Ukraine,Odesa,Shevchenka,14,Single,4,73,478,2024-07-11,2024-07-17,confirmed,4,Good hotel,2024-07-11
Hilton,Hilton Mountain Resort,Mountain Resort description,info625@hotel.com,Ukraine,Kyiv,Shevchenka,34,Single,4,84,72,2024-12-24,2024-12-30,pending,1,Good hotel,2024-12-24
Hyatt,Hyatt Mountain Resort,Mountain Resort description,info626@hotel.com,Ukraine,Lviv,Shevchenka,20,Single,1,283,282,2024-12-27,2024-12-31,checked-in,3,Good hotel,2024-12-27
Hilton,Hilton Grand Hotel,Grand Hotel description,info627@hotel.com,Ukraine,Lviv,Shevchenka,94,Double,2,203,231,2024-07-15,2024-07-17,checked-out,4,Good hotel,2024-07-15
Hilton,Hilton Grand Hotel,Grand Hotel description,info628@hotel.com,Ukraine,Dnipro,Shevchenka,1,Double,2,284,484,2024-09-15,2024-09-16,checked-in,2,Good hotel,2024-09-15
Accor,Accor City Inn,City Inn description,info629@hotel.com,Ukraine,Dnipro,Shevchenka,25,Single,3,175,470,2024-09-24,2024-09-26,pending,3,Good hotel,2024-09-24
Radisson,Radisson Mountain Resort,Mountain Resort description,info630@hotel.com,Ukraine,Lviv,Shevchenka,17,Double,2,182,237,2024-09-26,2024-09-29,checked-out,5,Good hotel,2024-09-26
Marriott,Marriott Grand Hotel,Grand Hotel description,info631@hotel.com,Ukraine,Dnipro,Shevchenka,25,Single,4,93,407,2024-10-16,2024-10-18,checked-in,4,Good hotel,2024-10-16
Accor,Accor City Inn,City Inn description,info632@hotel.com,Ukraine,Lviv,Shevchenka,34,Suite,3,274,242,2024-07-25,2024-07-30,pending,3,Good hotel,2024-07-25
Accor,Accor City Inn,City Inn description,info633@hotel.com,Ukraine,Odesa,Shevchenka,90,Single,3,81,398,2024-11-20,2024-11-21,checked-in,2,Good hotel,2024-11-20
Marriott,Marriott Mountain Resort,Mountain Resort description,info634@hotel.com,Ukraine,Dnipro,Shevchenka,34,Suite,4,87,54,2024-04-05,2024-04-11,checked-out,3,Good hotel,2024-04-05
Hilton,Hilton Mountain Resort,Mountain Resort description,info635@hotel.com,Ukraine,Kyiv,Shevchenka,87,Suite,3,277,240,2024-08-05,2024-08-09,checked-out,1,Good hotel,2024-08-05
Radisson,Radisson City Inn,City Inn description,info636@hotel.com,Ukraine,Dnipro,Shevchenka,22,Suite,1,192,346,2024-07-23,2024-07-27,pending,2,Good hotel,2024-07-23
Marriott,Marriott Mountain Resort,Mountain Resort description,info637@hotel.com,Ukraine,Kyiv,Shevchenka,44,Single,1,111,247,2024-05-28,2024-05-30,pending,5,Good hotel,2024-05-28
Radisson,Radisson Sea View,Sea View description,info638@hotel.com,Ukraine,Odesa,Shevchenka,46,Double,4,54,183,2024-04-30,2024-05-02,pending,1,Good hotel,2024-04-30
Hyatt,Hyatt Sea View,Sea View description,info639@hotel.com,Ukraine,Kyiv,Shevchenka,22,Double,2,69,57,2024-02-15,2024-02-18,pending,3,Good hotel,2024-02-15
Hilton,Hilton Sea View,Sea View description,info640@hotel.com,Ukraine,Dnipro,Shevchenka,40,Single,3,74,79,2024-11-05,2024-11-09,checked-in,2,Good hotel,2024-11-05
Accor,Accor Grand Hotel,Grand Hotel description,info641@hotel.com,Ukraine,Dnipro,Shevchenka,41,Single,4,271,372,2024-12-05,2024-12-06,checked-in,2,Good hotel,2024-12-05
Accor,Accor Grand Hotel,Grand Hotel description,info642@hotel.com,Ukraine,Dnipro,Shevchenka,87,Single,2,297,265,2024-03-07,2024-03-09,checked-in,3,Good hotel,2024-03-07
Hyatt,Hyatt Mountain Resort,Mountain Resort description,info643@hotel.com,Ukraine,Dnipro,Shevchenka,24,Double,2,119,81,2024-07-18,2024-07-25,pending,1,Good hotel,2024-07-18
Marriott,Marriott Grand Hotel,Grand Hotel description,info644@hotel.com,Ukraine,Dnipro,Shevchenka,40,Single,2,203,207,2024-04-19,2024-04-21,pending,2,Good hotel,2024-04-19
Accor,Accor Sea View,Sea View description,info645@hotel.com,Ukraine,Kyiv,Shevchenka,25,Double,4,168,373,2024-07-03,2024-07-04,checked-in,2,Good hotel,2024-07-03
Hilton,Hilton Sea View,Sea View description,info646@hotel.com,Ukraine,Kyiv,Shevchenka,65,Double,2,186,45,2024-07-28,2024-08-02,confirmed,4,Good hotel,2024-07-28
Radisson,Radisson Sea View,Sea View description,info647@hotel.com,Ukraine,Dnipro,Shevchenka,22,Single,1,155,232,2024-08-29,2024-09-05,pending,4,Good hotel,2024-08-29
Hyatt,Hyatt Grand Hotel,Grand Hotel description,info648@hotel.com,Ukraine,Kyiv,Shevchenka,47,Single,3,54,176,2024-05-15,2024-05-18,pending,4,Good hotel,2024-05-15
Accor,Accor Sea View,Sea View description,info649@hotel.com,Ukraine,Lviv,Shevchenka,49,Double,1,165,368,2024-02-27,2024-02-29,confirmed,4,Good hotel,2024-02-27
Hyatt,Hyatt Grand Hotel,Grand Hotel description,info650@hotel.com,Ukraine,Odesa,Shevchenka,6,Suite,1,171,364,2024-02-15,2024-02-19,checked-out,1,Good hotel,2024-02-15
Hilton,Hilton City Inn,City Inn description,info651@hotel.com,Ukraine,Dnipro,Shevchenka,21,Double,1,291,259,2024-12-17,2024-12-22,checked-out,2,Good hotel,2024-12-17
Accor,Accor Mountain Resort,Mountain Resort description,info652@hotel.com,Ukraine,Lviv,Shevchenka,11,Suite,4,156,155,2024-06-02,2024-06-09,pending,4,Good hotel,2024-06-02
Accor,Accor Grand Hotel,Grand Hotel description,info653@hotel.com,Ukraine,Dnipro,Shevchenka,60,Single,1,126,232,2024-10-02,2024-10-06,confirmed,2,Good hotel,2024-10-02
Radisson,Radisson City Inn,City Inn description,info654@hotel.com,Ukraine,Kyiv,Shevchenka,83,Single,2,178,105,2024-02-06,2024-02-09,checked-out,4,Good hotel,2024-02-06
Radisson,Radisson Sea View,Sea View description,info655@hotel.com,Ukraine,Lviv,Shevchenka,12,Double,3,134,140,2024-05-29,2024-06-03,confirmed,4,Good hotel,2024-05-29
Hyatt,Hyatt Grand Hotel,Grand Hotel description,info656@hotel.com,Ukraine,Lviv,Shevchenka,97,Single,3,226,313,2024-01-01,2024-01-03,checked-out,3,Good hotel,2024-01-01
Accor,Accor Grand Hotel,Grand Hotel description,info657@hotel.com,Ukraine,Odesa,Shevchenka,51,Suite,2,115,62,2024-05-24,2024-05-26,checked-in,4,Good hotel,2024-05-24
Accor,Accor City Inn,City Inn description,info658@hotel.com,Ukraine,Kyiv,Shevchenka,7,Single,2,164,228,2024-02-03,2024-02-05,confirmed,4,Good hotel,2024-02-03
Hilton,Hilton Sea View,Sea View description,info659@hotel.com,Ukraine,Kyiv,Shevchenka,9,Double,1,282,33,2024-10-19,2024-10-26,pending,5,Good hotel,2024-10-19
Accor,Accor Grand Hotel,Grand Hotel description,info660@hotel.com,Ukraine,Dnipro,Shevchenka,77,Single,1,145,237,2024-05-21,2024-05-23,pending,5,Good hotel,2024-05-21
Radisson,Radisson Sea View,Sea View description,info661@hotel.com,Ukraine,Odesa,Shevchenka,43,Double,4,153,457,2024-04-18,2024-04-20,checked-out,4,Good hotel,2024-04-18
Marriott,Marriott City Inn,City Inn description,info662@hotel.com,Ukraine,Lviv,Shevchenka,23,Double,4,253,49,2024-11-03,2024-11-10,checked-in,1,Good hotel,2024-11-03
Accor,Accor Sea View,Sea View description,info663@hotel.com,Ukraine,Kyiv,Shevchenka,19,Double,4,95,477,2024-09-25,2024-09-27,checked-out,3,Good hotel,2024-09-25
Hyatt,Hyatt Sea View,Sea View description,info664@hotel.com,Ukraine,Lviv,Shevchenka,90,Suite,4,293,367,2024-01-04,2024-01-07,checked-in,4,Good hotel,2024-01-04
Accor,Accor Grand Hotel,Grand Hotel description,info665@hotel.com,Ukraine,Odesa,Shevchenka,65,Single,1,196,152,2024-05-01,2024-05-07,checked-out,5,Good hotel,2024-05-01
Hyatt,Hyatt Mountain Resort,Mountain Resort description,info666@hotel.com,Ukraine,Odesa,Shevchenka,45,Suite,2,131,413,2024-03-05,2024-03-11,pending,2,Good hotel,2024-03-05
Hyatt,Hyatt Sea View,Sea View description,info667@hotel.com,Ukraine,Lviv,Shevchenka,31,Double,2,300,252,2024-08-31,2024-09-04,pending,4,Good hotel,2024-08-31
Hilton,Hilton Mountain Resort,Mountain Resort description,info668@hotel.com,Ukraine,Lviv,Shevchenka,36,Single,2,239,324,2024-12-17,2024-12-22,checked-out,1,Good hotel,2024-12-17
Hilton,Hilton Mountain Resort,Mountain Resort description,info669@hotel.com,Ukraine,Dnipro,Shevchenka,40,Single,2,180,208,2024-12-20,2024-12-21,checked-in,4,Good hotel,2024-12-20
Marriott,Marriott Grand Hotel,Grand Hotel description,info670@hotel.com,Ukraine,Odesa,Shevchenka,43,Double,4,108,388,2024-08-17,2024-08-20,pending,5,Good hotel,2024-08-17
Hilton,Hilton City Inn,City Inn description,info671@hotel.com,Ukraine,Lviv,Shevchenka,11,Suite,1,75,351,2024-02-16,2024-02-23,checked-out,5,Good hotel,2024-02-16
Radisson,Radisson City Inn,City Inn description,info672@hotel.com,Ukraine,Dnipro,Shevchenka,32,Single,1,208,361,2024-10-20,2024-10-22,pending,4,Good hotel,2024-10-20
Radisson,Radisson Mountain Resort,Mountain Resort description,info673@hotel.com,Ukraine,Odesa,Shevchenka,94,Suite,1,139,284,2024-07-07,2024-07-09,checked-out,1,Good hotel,2024-07-07
Marriott,Marriott Mountain Resort,Mountain Resort description,info674@hotel.com,Ukraine,Dnipro,Shevchenka,76,Single,1,54,358,2024-07-21,2024-07-26,checked-out,3,Good hotel,2024-07-21
Radisson,Radisson Sea View,Sea View description,info675@hotel.com,Ukraine,Dnipro,Shevchenka,22,Double,3,127,200,2024-03-23,2024-03-27,confirmed,3,Good hotel,2024-03-23
Accor,Accor City Inn,City Inn description,info676@hotel.com,Ukraine,Odesa,Shevchenka,91,Suite,2,273,44,2024-01-10,2024-01-14,confirmed,3,Good hotel,2024-01-10
Hilton,Hilton City Inn,City Inn description,info677@hotel.com,Ukraine,Odesa,Shevchenka,50,Double,2,224,12,2024-11-07,2024-11-08,checked-in,5,Good hotel,2024-11-07
Marriott,Marriott City Inn,City Inn description,info678@hotel.com,Ukraine,Dnipro,Shevchenka,93,Suite,1,205,437,2024-12-26,2024-12-29,confirmed,1,Good hotel,2024-12-26
Hilton,Hilton City Inn,City Inn description,info679@hotel.com,Ukraine,Odesa,Shevchenka,48,Single,1,265,479,2024-05-13,2024-05-15,confirmed,1,Good hotel,2024-05-13
Accor,Accor Sea View,Sea View description,info680@hotel.com,Ukraine,Odesa,Shevchenka,36,Single,3,139,362,2024-09-25,2024-09-27,confirmed,5,Good hotel,2024-09-25
Hyatt,Hyatt Mountain Resort,Mountain Resort description,info681@hotel.com,Ukraine,Odesa,Shevchenka,20,Single,4,125,136,2024-07-03,2024-07-05,pending,4,Good hotel,2024-07-03
Marriott,Marriott Mountain Resort,Mountain Resort description,info682@hotel.com,Ukraine,Kyiv,Shevchenka,49,Single,4,195,275,2024-06-14,2024-06-16,pending,3,Good hotel,2024-06-14
Accor,Accor City Inn,City Inn description,info683@hotel.com,Ukraine,Dnipro,Shevchenka,27,Double,1,296,432,2024-05-21,2024-05-25,confirmed,1,Good hotel,2024-05-21
Radisson,Radisson Mountain Resort,Mountain Resort description,info684@hotel.com,Ukraine,Lviv,Shevchenka,68,Double,4,226,21,2024-12-30,2025-01-02,confirmed,5,Good hotel,2024-12-30
Accor,Accor City Inn,City Inn description,info685@hotel.com,Ukraine,Kyiv,Shevchenka,13,Single,2,73,186,2024-10-27,2024-10-31,checked-in,3,Good hotel,2024-10-27
Hyatt,Hyatt Grand Hotel,Grand Hotel description,info686@hotel.com,Ukraine,Odesa,Shevchenka,31,Double,2,289,140,2024-05-24,2024-05-28,checked-out,1,Good hotel,2024-05-24
Hyatt,Hyatt Mountain Resort,Mountain Resort description,info687@hotel.com,Ukraine,Lviv,Shevchenka,39,Single,2,65,134,2024-06-17,2024-06-23,checked-in,2,Good hotel,2024-06-17
Radisson,Radisson Grand Hotel,Grand Hotel description,info688@hotel.com,Ukraine,Odesa,Shevchenka,14,Single,4,112,138,2024-08-29,2024-09-03,checked-out,3,Good hotel,2024-08-29
Accor,Accor Mountain Resort,Mountain Resort description,info689@hotel.com,Ukraine,Kyiv,Shevchenka,67,Double,4,120,319,2024-06-05,2024-06-12,checked-out,2,Good hotel,2024-06-05
Hyatt,Hyatt Mountain Resort,Mountain Resort description,info690@hotel.com,Ukraine,Odesa,Shevchenka,73,Single,1,276,31,2024-11-21,2024-11-25,checked-out,2,Good hotel,2024-11-21
Radisson,Radisson Mountain Resort,Mountain Resort description,info691@hotel.com,Ukraine,Kyiv,Shevchenka,9,Suite,2,188,198,2024-10-16,2024-10-21,checked-out,2,Good hotel,2024-10-16
Hilton,Hilton Grand Hotel,Grand Hotel description,info692@hotel.com,Ukraine,Kyiv,Shevchenka,7,Double,4,127,329,2024-12-07,2024-12-10,checked-out,2,Good hotel,2024-12-07
Radisson,Radisson Grand Hotel,Grand Hotel description,info693@hotel.com,Ukraine,Lviv,Shevchenka,45,Suite,2,132,265,2024-04-02,2024-04-03,pending,4,Good hotel,2024-04-02
Radisson,Radisson Sea View,Sea View description,info694@hotel.com,Ukraine,Dnipro,Shevchenka,68,Double,3,256,20,2024-09-11,2024-09-15,pending,5,Good hotel,2024-09-11
Hilton,Hilton Grand Hotel,Grand Hotel description,info695@hotel.com,Ukraine,Lviv,Shevchenka,11,Suite,3,205,21,2024-04-02,2024-04-05,confirmed,2,Good hotel,2024-04-02
Marriott,Marriott Grand Hotel,Grand Hotel description,info696@hotel.com,Ukraine,Lviv,Shevchenka,30,Suite,4,247,49,2024-07-17,2024-07-19,checked-in,3,Good hotel,2024-07-17
Hyatt,Hyatt Mountain Resort,Mountain Resort description,info697@hotel.com,Ukraine,Lviv,Shevchenka,63,Suite,2,241,370,2024-04-12,2024-04-16,checked-in,2,Good hotel,2024-04-12
Accor,Accor Sea View,Sea View description,info698@hotel.com,Ukraine,Dnipro,Shevchenka,2,Double,3,255,323,2024-11-30,2024-12-06,checked-out,2,Good hotel,2024-11-30
Hyatt,Hyatt Mountain Resort,Mountain Resort description,info699@hotel.com,Ukraine,Lviv,Shevchenka,81,Suite,2,292,43,2024-08-06,2024-08-07,pending,3,Good hotel,2024-08-06
Accor,Accor City Inn,City Inn description,info700@hotel.com,Ukraine,Odesa,Shevchenka,28,Suite,3,114,388,2024-02-28,2024-02-29,checked-in,2,Good hotel,2024-02-28
Marriott,Marriott Mountain Resort,Mountain Resort description,info701@hotel.com,Ukraine,Kyiv,Shevchenka,60,Single,2,207,495,2024-03-01,2024-03-04,checked-out,3,Good hotel,2024-03-01
Marriott,Marriott Sea View,Sea View description,info702@hotel.com,Ukraine,Dnipro,Shevchenka,1,Double,4,68,421,2024-08-07,2024-08-11,checked-out,5,Good hotel,2024-08-07
Radisson,Radisson Sea View,Sea View description,info703@hotel.com,Ukraine,Lviv,Shevchenka,12,Double,4,252,285,2024-04-10,2024-04-16,checked-out,3,Good hotel,2024-04-10
Hilton,Hilton Sea View,Sea View description,info704@hotel.com,Ukraine,Odesa,Shevchenka,78,Double,3,122,36,2024-08-27,2024-08-28,confirmed,5,Good hotel,2024-08-27
Hyatt,Hyatt City Inn,City Inn description,info705@hotel.com,Ukraine,Kyiv,Shevchenka,30,Double,1,133,452,2024-03-18,2024-03-19,checked-out,5,Good hotel,2024-03-18
Hilton,Hilton Sea View,Sea View description,info706@hotel.com,Ukraine,Dnipro,Shevchenka,4,Single,2,195,129,2024-01-02,2024-01-07,checked-out,2,Good hotel,2024-01-02
Marriott,Marriott Grand Hotel,Grand Hotel description,info707@hotel.com,Ukraine,Kyiv,Shevchenka,94,Double,4,175,361,2024-01-19,2024-01-23,checked-out,1,Good hotel,2024-01-19
Hyatt,Hyatt City Inn,City Inn description,info708@hotel.com,Ukraine,Kyiv,Shevchenka,26,Suite,1,211,272,2024-06-28,2024-07-02,confirmed,4,Good hotel,2024-06-28
Marriott,Marriott Sea View,Sea View description,info709@hotel.com,Ukraine,Lviv,Shevchenka,30,Single,1,148,147,2024-02-21,2024-02-28,pending,1,Good hotel,2024-02-21
Radisson,Radisson Grand Hotel,Grand Hotel description,info710@hotel.com,Ukraine,Lviv,Shevchenka,69,Suite,1,250,442,2024-05-08,2024-05-09,pending,5,Good hotel,2024-05-08
Hyatt,Hyatt Grand Hotel,Grand Hotel description,info711@hotel.com,Ukraine,Kyiv,Shevchenka,65,Single,2,90,284,2024-11-26,2024-11-28,checked-out,5,Good hotel,2024-11-26
Hilton,Hilton City Inn,City Inn description,info712@hotel.com,Ukraine,Odesa,Shevchenka,32,Single,1,213,266,2024-03-21,2024-03-22,checked-out,2,Good hotel,2024-03-21
Hyatt,Hyatt City Inn,City Inn description,info713@hotel.com,Ukraine,Dnipro,Shevchenka,89,Suite,3,195,232,2024-01-21,2024-01-23,checked-out,1,Good hotel,2024-01-21
Accor,Accor Mountain Resort,Mountain Resort description,info714@hotel.com,Ukraine,Dnipro,Shevchenka,87,Suite,1,286,105,2024-09-28,2024-10-05,checked-in,3,Good hotel,2024-09-28
Accor,Accor Mountain Resort,Mountain Resort description,info715@hotel.com,Ukraine,Lviv,Shevchenka,44,Suite,3,84,174,2024-08-26,2024-08-29,checked-in,3,Good hotel,2024-08-26
Hilton,Hilton City Inn,City Inn description,info716@hotel.com,Ukraine,Dnipro,Shevchenka,18,Double,3,143,11,2024-06-23,2024-06-27,pending,2,Good hotel,2024-06-23
Marriott,Marriott Sea View,Sea View description,info717@hotel.com,Ukraine,Kyiv,Shevchenka,37,Suite,3,263,19,2024-01-06,2024-01-12,confirmed,3,Good hotel,2024-01-06
Radisson,Radisson Mountain Resort,Mountain Resort description,info718@hotel.com,Ukraine,Dnipro,Shevchenka,67,Single,2,58,122,2024-11-17,2024-11-19,checked-in,5,Good hotel,2024-11-17
Hyatt,Hyatt City Inn,City Inn description,info719@hotel.com,Ukraine,Dnipro,Shevchenka,57,Single,2,252,103,2024-05-29,2024-05-30,pending,1,Good hotel,2024-05-29
Hyatt,Hyatt Sea View,Sea View description,info720@hotel.com,Ukraine,Kyiv,Shevchenka,89,Single,3,267,6,2024-03-16,2024-03-21,pending,2,Good hotel,2024-03-16
Marriott,Marriott Mountain Resort,Mountain Resort description,info721@hotel.com,Ukraine,Kyiv,Shevchenka,57,Single,2,74,33,2024-06-21,2024-06-26,pending,1,Good hotel,2024-06-21
Hilton,Hilton Grand Hotel,Grand Hotel description,info722@hotel.com,Ukraine,Odesa,Shevchenka,10,Double,4,222,76,2024-10-19,2024-10-24,confirmed,5,Good hotel,2024-10-19
Accor,Accor Sea View,Sea View description,info723@hotel.com,Ukraine,Odesa,Shevchenka,46,Suite,2,166,334,2024-11-06,2024-11-13,confirmed,4,Good hotel,2024-11-06
Accor,Accor Mountain Resort,Mountain Resort description,info724@hotel.com,Ukraine,Kyiv,Shevchenka,17,Single,1,244,352,2024-03-08,2024-03-12,checked-out,1,Good hotel,2024-03-08
Hyatt,Hyatt Mountain Resort,Mountain Resort description,info725@hotel.com,Ukraine,Dnipro,Shevchenka,100,Double,4,267,44,2024-01-28,2024-01-29,checked-out,4,Good hotel,2024-01-28
Hilton,Hilton City Inn,City Inn description,info726@hotel.com,Ukraine,Lviv,Shevchenka,30,Single,1,145,499,2024-07-21,2024-07-28,checked-in,5,Good hotel,2024-07-21
Accor,Accor Mountain Resort,Mountain Resort description,info727@hotel.com,Ukraine,Dnipro,Shevchenka,96,Double,3,116,202,2024-04-13,2024-04-14,checked-in,4,Good hotel,2024-04-13
Accor,Accor Sea View,Sea View description,info728@hotel.com,Ukraine,Lviv,Shevchenka,70,Single,1,192,291,2024-02-22,2024-02-29,checked-out,3,Good hotel,2024-02-22
Accor,Accor City Inn,City Inn description,info729@hotel.com,Ukraine,Lviv,Shevchenka,90,Double,1,254,77,2024-11-20,2024-11-22,checked-out,2,Good hotel,2024-11-20
Marriott,Marriott City Inn,City Inn description,info730@hotel.com,Ukraine,Odesa,Shevchenka,70,Suite,4,170,76,2024-11-24,2024-11-30,checked-out,3,Good hotel,2024-11-24
Marriott,Marriott Mountain Resort,Mountain Resort description,info731@hotel.com,Ukraine,Lviv,Shevchenka,35,Double,3,212,329,2024-07-27,2024-08-01,checked-out,5,Good hotel,2024-07-27
Accor,Accor City Inn,City Inn description,info732@hotel.com,Ukraine,Dnipro,Shevchenka,18,Single,2,78,86,2024-03-27,2024-03-29,checked-in,4,Good hotel,2024-03-27
Accor,Accor Grand Hotel,Grand Hotel description,info733@hotel.com,Ukraine,Dnipro,Shevchenka,36,Double,1,186,71,2024-09-26,2024-09-27,confirmed,2,Good hotel,2024-09-26
Accor,Accor Mountain Resort,Mountain Resort description,info734@hotel.com,Ukraine,Lviv,Shevchenka,73,Single,4,180,134,2024-12-26,2024-12-31,pending,1,Good hotel,2024-12-26
Marriott,Marriott Sea View,Sea View description,info735@hotel.com,Ukraine,Odesa,Shevchenka,31,Double,2,231,351,2024-02-28,2024-03-01,pending,5,Good hotel,2024-02-28
Hilton,Hilton Mountain Resort,Mountain Resort description,info736@hotel.com,Ukraine,Lviv,Shevchenka,84,Single,4,234,484,2024-01-06,2024-01-12,pending,2,Good hotel,2024-01-06
Hilton,Hilton City Inn,City Inn description,info737@hotel.com,Ukraine,Odesa,Shevchenka,72,Suite,4,271,449,2024-01-17,2024-01-23,pending,3,Good hotel,2024-01-17
Radisson,Radisson Grand Hotel,Grand Hotel description,info738@hotel.com,Ukraine,Dnipro,Shevchenka,33,Double,2,115,131,2024-12-21,2024-12-22,pending,3,Good hotel,2024-12-21
Radisson,Radisson City Inn,City Inn description,info739@hotel.com,Ukraine,Odesa,Shevchenka,31,Single,2,165,286,2024-10-15,2024-10-21,checked-in,5,Good hotel,2024-10-15
Hilton,Hilton Mountain Resort,Mountain Resort description,info740@hotel.com,Ukraine,Dnipro,Shevchenka,26,Suite,2,67,262,2024-05-26,2024-05-27,checked-in,4,Good hotel,2024-05-26
Radisson,Radisson Grand Hotel,Grand Hotel description,info741@hotel.com,Ukraine,Kyiv,Shevchenka,44,Single,2,57,40,2024-04-10,2024-04-14,confirmed,1,Good hotel,2024-04-10
Hyatt,Hyatt Grand Hotel,Grand Hotel description,info742@hotel.com,Ukraine,Lviv,Shevchenka,68,Double,1,299,285,2024-06-27,2024-07-03,confirmed,3,Good hotel,2024-06-27
Radisson,Radisson City Inn,City Inn description,info743@hotel.com,Ukraine,Kyiv,Shevchenka,45,Single,4,272,64,2024-10-04,2024-10-07,pending,3,Good hotel,2024-10-04
Accor,Accor Sea View,Sea View description,info744@hotel.com,Ukraine,Odesa,Shevchenka,34,Suite,1,197,53,2024-11-03,2024-11-04,checked-in,4,Good hotel,2024-11-03
Radisson,Radisson City Inn,City Inn description,info745@hotel.com,Ukraine,Kyiv,Shevchenka,23,Single,3,281,164,2024-11-14,2024-11-19,confirmed,5,Good hotel,2024-11-14
Accor,Accor Sea View,Sea View description,info746@hotel.com,Ukraine,Lviv,Shevchenka,93,Double,4,167,495,2024-03-03,2024-03-10,confirmed,2,Good hotel,2024-03-03
Marriott,Marriott Grand Hotel,Grand Hotel description,info747@hotel.com,Ukraine,Lviv,Shevchenka,54,Single,2,296,347,2024-07-25,2024-07-26,checked-in,1,Good hotel,2024-07-25
Hyatt,Hyatt Sea View,Sea View description,info748@hotel.com,Ukraine,Lviv,Shevchenka,15,Single,2,89,331,2024-10-08,2024-10-15,confirmed,1,Good hotel,2024-10-08
Hyatt,Hyatt Grand Hotel,Grand Hotel description,info749@hotel.com,Ukraine,Kyiv,Shevchenka,75,Single,2,181,33,2024-07-21,2024-07-22,checked-out,4,Good hotel,2024-07-21
Marriott,Marriott Grand Hotel,Grand Hotel description,info750@hotel.com,Ukraine,Odesa,Shevchenka,70,Double,2,254,177,2024-01-21,2024-01-27,pending,5,Good hotel,2024-01-21
Radisson,Radisson Grand Hotel,Grand Hotel description,info751@hotel.com,Ukraine,Lviv,Shevchenka,51,Double,1,218,273,2024-03-11,2024-03-13,confirmed,4,Good hotel,2024-03-11
Radisson,Radisson City Inn,City Inn description,info752@hotel.com,Ukraine,Dnipro,Shevchenka,65,Double,4,211,404,2024-12-09,2024-12-16,checked-out,2,Good hotel,2024-12-09
Hilton,Hilton Grand Hotel,Grand Hotel description,info753@hotel.com,Ukraine,Kyiv,Shevchenka,43,Suite,3,115,202,2024-09-14,2024-09-21,checked-out,1,Good hotel,2024-09-14
Radisson,Radisson Sea View,Sea View description,info754@hotel.com,Ukraine,Odesa,Shevchenka,97,Suite,4,216,138,2024-05-25,2024-06-01,confirmed,2,Good hotel,2024-05-25
Radisson,Radisson Mountain Resort,Mountain Resort description,info755@hotel.com,Ukraine,Dnipro,Shevchenka,99,Suite,2,128,427,2024-11-06,2024-11-13,confirmed,2,Good hotel,2024-11-06
Marriott,Marriott Mountain Resort,Mountain Resort description,info756@hotel.com,Ukraine,Kyiv,Shevchenka,14,Double,4,113,46,2024-11-04,2024-11-11,checked-out,5,Good hotel,2024-11-04
Accor,Accor Sea View,Sea View description,info757@hotel.com,Ukraine,Dnipro,Shevchenka,58,Double,3,211,492,2024-04-06,2024-04-08,confirmed,2,Good hotel,2024-04-06
Radisson,Radisson Sea View,Sea View description,info758@hotel.com,Ukraine,Odesa,Shevchenka,6,Double,2,59,131,2024-05-23,2024-05-30,checked-out,1,Good hotel,2024-05-23
Marriott,Marriott Sea View,Sea View description,info759@hotel.com,Ukraine,Dnipro,Shevchenka,92,Double,2,179,18,2024-07-25,2024-07-29,pending,1,Good hotel,2024-07-25
Radisson,Radisson Sea View,Sea View description,info760@hotel.com,Ukraine,Lviv,Shevchenka,41,Suite,4,156,438,2024-07-25,2024-07-28,pending,2,Good hotel,2024-07-25
Marriott,Marriott Mountain Resort,Mountain Resort description,info761@hotel.com,Ukraine,Kyiv,Shevchenka,73,Suite,2,88,382,2024-03-06,2024-03-07,confirmed,4,Good hotel,2024-03-06
Accor,Accor Sea View,Sea View description,info762@hotel.com,Ukraine,Lviv,Shevchenka,89,Single,3,137,35,2024-08-16,2024-08-17,pending,2,Good hotel,2024-08-16
Radisson,Radisson Mountain Resort,Mountain Resort description,info763@hotel.com,Ukraine,Dnipro,Shevchenka,84,Double,2,215,474,2024-03-26,2024-04-01,checked-in,3,Good hotel,2024-03-26
Accor,Accor Grand Hotel,Grand Hotel description,info764@hotel.com,Ukraine,Lviv,Shevchenka,76,Single,1,159,98,2024-08-24,2024-08-26,pending,4,Good hotel,2024-08-24
Hyatt,Hyatt Mountain Resort,Mountain Resort description,info765@hotel.com,Ukraine,Odesa,Shevchenka,43,Single,1,232,305,2024-07-23,2024-07-30,pending,3,Good hotel,2024-07-23
Hyatt,Hyatt City Inn,City Inn description,info766@hotel.com,Ukraine,Odesa,Shevchenka,91,Suite,3,202,288,2024-01-23,2024-01-26,confirmed,1,Good hotel,2024-01-23
Hyatt,Hyatt Mountain Resort,Mountain Resort description,info767@hotel.com,Ukraine,Lviv,Shevchenka,81,Suite,4,206,132,2024-02-19,2024-02-26,confirmed,3,Good hotel,2024-02-19
Hyatt,Hyatt Grand Hotel,Grand Hotel description,info768@hotel.com,Ukraine,Lviv,Shevchenka,66,Single,4,198,295,2024-08-24,2024-08-28,checked-out,5,Good hotel,2024-08-24
Marriott,Marriott City Inn,City Inn description,info769@hotel.com,Ukraine,Lviv,Shevchenka,68,Double,1,139,314,2024-10-01,2024-10-02,checked-out,2,Good hotel,2024-10-01
Hyatt,Hyatt Grand Hotel,Grand Hotel description,info770@hotel.com,Ukraine,Lviv,Shevchenka,69,Suite,1,144,355,2024-08-20,2024-08-24,checked-out,2,Good hotel,2024-08-20
Hyatt,Hyatt City Inn,City Inn description,info771@hotel.com,Ukraine,Lviv,Shevchenka,28,Suite,1,255,97,2024-02-06,2024-02-08,pending,1,Good hotel,2024-02-06
Accor,Accor Sea View,Sea View description,info772@hotel.com,Ukraine,Dnipro,Shevchenka,22,Single,1,287,183,2024-04-16,2024-04-23,pending,4,Good hotel,2024-04-16
Radisson,Radisson City Inn,City Inn description,info773@hotel.com,Ukraine,Lviv,Shevchenka,33,Single,3,298,216,2024-01-05,2024-01-06,pending,2,Good hotel,2024-01-05
Hilton,Hilton Sea View,Sea View description,info774@hotel.com,Ukraine,Odesa,Shevchenka,51,Double,3,179,353,2024-08-01,2024-08-08,confirmed,3,Good hotel,2024-08-01
Accor,Accor City Inn,City Inn description,info775@hotel.com,Ukraine,Dnipro,Shevchenka,63,Double,2,162,280,2024-06-28,2024-07-02,checked-in,2,Good hotel,2024-06-28
Hilton,Hilton Mountain Resort,Mountain Resort description,info776@hotel.com,Ukraine,Dnipro,Shevchenka,62,Suite,4,288,203,2024-09-08,2024-09-15,confirmed,4,Good hotel,2024-09-08
Radisson,Radisson Grand Hotel,Grand Hotel description,info777@hotel.com,Ukraine,Odesa,Shevchenka,24,Single,1,50,62,2024-06-25,2024-06-29,checked-out,3,Good hotel,2024-06-25
Radisson,Radisson Grand Hotel,Grand Hotel description,info778@hotel.com,Ukraine,Lviv,Shevchenka,22,Suite,3,62,103,2024-12-16,2024-12-22,checked-in,3,Good hotel,2024-12-16
Marriott,Marriott City Inn,City Inn description,info779@hotel.com,Ukraine,Kyiv,Shevchenka,82,Suite,1,282,271,2024-03-25,2024-03-27,pending,3,Good hotel,2024-03-25
Hyatt,Hyatt Sea View,Sea View description,info780@hotel.com,Ukraine,Lviv,Shevchenka,33,Double,3,122,164,2024-10-30,2024-11-03,checked-in,1,Good hotel,2024-10-30
Accor,Accor Mountain Resort,Mountain Resort description,info781@hotel.com,Ukraine,Lviv,Shevchenka,43,Double,4,149,321,2024-03-06,2024-03-10,confirmed,1,Good hotel,2024-03-06
Radisson,Radisson Grand Hotel,Grand Hotel description,info782@hotel.com,Ukraine,Dnipro,Shevchenka,11,Double,1,137,76,2024-08-04,2024-08-06,pending,3,Good hotel,2024-08-04
Accor,Accor Sea View,Sea View description,info783@hotel.com,Ukraine,Dnipro,Shevchenka,57,Double,3,299,9,2024-12-28,2025-01-03,checked-out,1,Good hotel,2024-12-28
Hyatt,Hyatt Sea View,Sea View description,info784@hotel.com,Ukraine,Kyiv,Shevchenka,96,Double,2,179,157,2024-06-23,2024-06-26,confirmed,5,Good hotel,2024-06-23
Accor,Accor City Inn,City Inn description,info785@hotel.com,Ukraine,Dnipro,Shevchenka,50,Double,4,279,179,2024-01-03,2024-01-05,checked-in,5,Good hotel,2024-01-03
Hyatt,Hyatt City Inn,City Inn description,info786@hotel.com,Ukraine,Lviv,Shevchenka,100,Double,2,128,42,2024-08-09,2024-08-12,checked-in,2,Good hotel,2024-08-09
Marriott,Marriott Sea View,Sea View description,info787@hotel.com,Ukraine,Lviv,Shevchenka,78,Single,2,51,303,2024-08-25,2024-08-27,checked-in,4,Good hotel,2024-08-25
Accor,Accor Mountain Resort,Mountain Resort description,info788@hotel.com,Ukraine,Odesa,Shevchenka,27,Single,2,197,128,2024-11-02,2024-11-06,confirmed,4,Good hotel,2024-11-02
Radisson,Radisson Sea View,Sea View description,info789@hotel.com,Ukraine,Kyiv,Shevchenka,16,Single,2,180,289,2024-12-15,2024-12-21,pending,5,Good hotel,2024-12-15
Hilton,Hilton Grand Hotel,Grand Hotel description,info790@hotel.com,Ukraine,Lviv,Shevchenka,15,Single,3,226,485,2024-12-31,2025-01-01,checked-out,2,Good hotel,2024-12-31
Radisson,Radisson Grand Hotel,Grand Hotel description,info791@hotel.com,Ukraine,Dnipro,Shevchenka,95,Double,4,231,87,2024-04-05,2024-04-10,checked-in,2,Good hotel,2024-04-05
Hilton,Hilton City Inn,City Inn description,info792@hotel.com,Ukraine,Dnipro,Shevchenka,39,Suite,4,174,221,2024-08-20,2024-08-22,checked-in,4,Good hotel,2024-08-20
Hilton,Hilton Grand Hotel,Grand Hotel description,info793@hotel.com,Ukraine,Odesa,Shevchenka,45,Single,3,205,411,2024-04-13,2024-04-15,checked-in,3,Good hotel,2024-04-13
Radisson,Radisson Sea View,Sea View description,info794@hotel.com,Ukraine,Lviv,Shevchenka,27,Suite,4,162,67,2024-10-09,2024-10-15,pending,1,Good hotel,2024-10-09
Radisson,Radisson Grand Hotel,Grand Hotel description,info795@hotel.com,Ukraine,Lviv,Shevchenka,99,Double,1,54,454,2024-06-10,2024-06-17,checked-in,4,Good hotel,2024-06-10
Radisson,Radisson Mountain Resort,Mountain Resort description,info796@hotel.com,Ukraine,Lviv,Shevchenka,61,Single,2,270,124,2024-02-10,2024-02-11,pending,3,Good hotel,2024-02-10
Marriott,Marriott Sea View,Sea View description,info797@hotel.com,Ukraine,Odesa,Shevchenka,55,Double,4,244,444,2024-07-13,2024-07-14,checked-out,5,Good hotel,2024-07-13
Hilton,Hilton City Inn,City Inn description,info798@hotel.com,Ukraine,Kyiv,Shevchenka,82,Single,4,138,248,2024-09-22,2024-09-28,checked-out,2,Good hotel,2024-09-22
Accor,Accor Grand Hotel,Grand Hotel description,info799@hotel.com,Ukraine,Dnipro,Shevchenka,27,Double,1,156,218,2024-07-21,2024-07-23,confirmed,1,Good hotel,2024-07-21
Accor,Accor Mountain Resort,Mountain Resort description,info800@hotel.com,Ukraine,Kyiv,Shevchenka,70,Double,4,255,140,2024-11-23,2024-11-24,pending,3,Good hotel,2024-11-23
Hyatt,Hyatt Sea View,Sea View description,info801@hotel.com,Ukraine,Dnipro,Shevchenka,3,Suite,1,226,24,2024-05-02,2024-05-08,checked-out,5,Good hotel,2024-05-02
Radisson,Radisson City Inn,City Inn description,info802@hotel.com,Ukraine,Odesa,Shevchenka,59,Suite,2,158,173,2024-12-27,2024-12-28,pending,1,Good hotel,2024-12-27
Hyatt,Hyatt Grand Hotel,Grand Hotel description,info803@hotel.com,Ukraine,Odesa,Shevchenka,37,Single,2,164,355,2024-01-19,2024-01-21,checked-in,2,Good hotel,2024-01-19
Hyatt,Hyatt Sea View,Sea View description,info804@hotel.com,Ukraine,Kyiv,Shevchenka,56,Suite,1,90,261,2024-05-29,2024-06-01,checked-out,2,Good hotel,2024-05-29
Marriott,Marriott Sea View,Sea View description,info805@hotel.com,Ukraine,Lviv,Shevchenka,12,Suite,2,280,385,2024-01-04,2024-01-07,checked-in,4,Good hotel,2024-01-04
Marriott,Marriott Mountain Resort,Mountain Resort description,info806@hotel.com,Ukraine,Odesa,Shevchenka,80,Single,1,282,333,2024-10-07,2024-10-12,checked-out,1,Good hotel,2024-10-07
Radisson,Radisson Grand Hotel,Grand Hotel description,info807@hotel.com,Ukraine,Kyiv,Shevchenka,53,Single,1,206,234,2024-09-12,2024-09-17,pending,4,Good hotel,2024-09-12
Radisson,Radisson Sea View,Sea View description,info808@hotel.com,Ukraine,Dnipro,Shevchenka,22,Suite,1,269,250,2024-07-17,2024-07-21,pending,3,Good hotel,2024-07-17
Hilton,Hilton Sea View,Sea View description,info809@hotel.com,Ukraine,Kyiv,Shevchenka,8,Suite,3,90,301,2024-11-24,2024-11-29,confirmed,5,Good hotel,2024-11-24
Hyatt,Hyatt Sea View,Sea View description,info810@hotel.com,Ukraine,Odesa,Shevchenka,5,Double,4,155,47,2024-05-26,2024-05-31,checked-out,1,Good hotel,2024-05-26
Hyatt,Hyatt Mountain Resort,Mountain Resort description,info811@hotel.com,Ukraine,Lviv,Shevchenka,54,Double,1,209,111,2024-09-24,2024-09-30,checked-out,2,Good hotel,2024-09-24
Marriott,Marriott Mountain Resort,Mountain Resort description,info812@hotel.com,Ukraine,Lviv,Shevchenka,63,Double,4,141,414,2024-08-19,2024-08-24,checked-in,4,Good hotel,2024-08-19
Accor,Accor Grand Hotel,Grand Hotel description,info813@hotel.com,Ukraine,Lviv,Shevchenka,4,Suite,3,275,237,2024-02-09,2024-02-13,pending,5,Good hotel,2024-02-09
Hilton,Hilton Mountain Resort,Mountain Resort description,info814@hotel.com,Ukraine,Lviv,Shevchenka,55,Suite,4,267,86,2024-10-08,2024-10-09,pending,1,Good hotel,2024-10-08
Hilton,Hilton Grand Hotel,Grand Hotel description,info815@hotel.com,Ukraine,Dnipro,Shevchenka,43,Single,2,164,55,2024-10-10,2024-10-12,checked-out,2,Good hotel,2024-10-10
Accor,Accor Sea View,Sea View description,info816@hotel.com,Ukraine,Dnipro,Shevchenka,41,Single,4,289,320,2024-06-20,2024-06-24,pending,5,Good hotel,2024-06-20
Hyatt,Hyatt Grand Hotel,Grand Hotel description,info817@hotel.com,Ukraine,Odesa,Shevchenka,59,Double,4,247,344,2024-12-05,2024-12-09,pending,3,Good hotel,2024-12-05
Marriott,Marriott City Inn,City Inn description,info818@hotel.com,Ukraine,Kyiv,Shevchenka,62,Suite,2,199,409,2024-12-17,2024-12-24,confirmed,4,Good hotel,2024-12-17
Radisson,Radisson Grand Hotel,Grand Hotel description,info819@hotel.com,Ukraine,Odesa,Shevchenka,28,Suite,1,242,430,2024-05-28,2024-05-30,checked-out,2,Good hotel,2024-05-28
Marriott,Marriott Sea View,Sea View description,info820@hotel.com,Ukraine,Kyiv,Shevchenka,3,Double,4,146,237,2024-03-06,2024-03-12,checked-out,4,Good hotel,2024-03-06
Accor,Accor Mountain Resort,Mountain Resort description,info821@hotel.com,Ukraine,Lviv,Shevchenka,55,Double,2,175,273,2024-01-01,2024-01-04,checked-in,2,Good hotel,2024-01-01
Hyatt,Hyatt Mountain Resort,Mountain Resort description,info822@hotel.com,Ukraine,Kyiv,Shevchenka,18,Double,3,232,135,2024-04-29,2024-05-01,checked-out,1,Good hotel,2024-04-29
Hyatt,Hyatt Mountain Resort,Mountain Resort description,info823@hotel.com,Ukraine,Dnipro,Shevchenka,83,Suite,4,96,475,2024-07-16,2024-07-23,checked-out,1,Good hotel,2024-07-16
Hilton,Hilton Sea View,Sea View description,info824@hotel.com,Ukraine,Odesa,Shevchenka,42,Suite,3,244,252,2024-03-24,2024-03-31,pending,1,Good hotel,2024-03-24
Radisson,Radisson Mountain Resort,Mountain Resort description,info825@hotel.com,Ukraine,Odesa,Shevchenka,56,Single,2,288,179,2024-06-24,2024-06-26,checked-in,5,Good hotel,2024-06-24
Marriott,Marriott Mountain Resort,Mountain Resort description,info826@hotel.com,Ukraine,Dnipro,Shevchenka,86,Single,1,70,471,2024-05-16,2024-05-18,confirmed,3,Good hotel,2024-05-16
Hyatt,Hyatt Mountain Resort,Mountain Resort description,info827@hotel.com,Ukraine,Lviv,Shevchenka,45,Single,3,219,396,2024-04-11,2024-04-13,checked-out,4,Good hotel,2024-04-11
Marriott,Marriott City Inn,City Inn description,info828@hotel.com,Ukraine,Kyiv,Shevchenka,22,Suite,4,93,354,2024-09-05,2024-09-06,confirmed,1,Good hotel,2024-09-05
Hyatt,Hyatt Mountain Resort,Mountain Resort description,info829@hotel.com,Ukraine,Kyiv,Shevchenka,84,Single,3,140,305,2024-07-24,2024-07-25,pending,3,Good hotel,2024-07-24
Accor,Accor Sea View,Sea View description,info830@hotel.com,Ukraine,Odesa,Shevchenka,61,Double,3,72,423,2024-11-06,2024-11-07,confirmed,1,Good hotel,2024-11-06
Radisson,Radisson Sea View,Sea View description,info831@hotel.com,Ukraine,Odesa,Shevchenka,74,Double,2,99,470,2024-07-01,2024-07-08,confirmed,1,Good hotel,2024-07-01
Radisson,Radisson City Inn,City Inn description,info832@hotel.com,Ukraine,Kyiv,Shevchenka,88,Double,1,248,136,2024-02-02,2024-02-03,confirmed,5,Good hotel,2024-02-02
Radisson,Radisson Grand Hotel,Grand Hotel description,info833@hotel.com,Ukraine,Lviv,Shevchenka,49,Double,3,297,481,2024-05-15,2024-05-19,checked-in,2,Good hotel,2024-05-15
Hyatt,Hyatt Mountain Resort,Mountain Resort description,info834@hotel.com,Ukraine,Kyiv,Shevchenka,84,Suite,1,295,18,2024-06-04,2024-06-11,confirmed,1,Good hotel,2024-06-04
Hyatt,Hyatt Grand Hotel,Grand Hotel description,info835@hotel.com,Ukraine,Lviv,Shevchenka,28,Double,1,62,500,2024-10-02,2024-10-07,pending,4,Good hotel,2024-10-02
Accor,Accor City Inn,City Inn description,info836@hotel.com,Ukraine,Kyiv,Shevchenka,12,Double,1,56,334,2024-10-14,2024-10-16,checked-in,4,Good hotel,2024-10-14
Accor,Accor Sea View,Sea View description,info837@hotel.com,Ukraine,Lviv,Shevchenka,32,Double,2,179,286,2024-12-19,2024-12-26,pending,4,Good hotel,2024-12-19
Marriott,Marriott Sea View,Sea View description,info838@hotel.com,Ukraine,Lviv,Shevchenka,41,Suite,2,88,261,2024-05-27,2024-05-30,pending,2,Good hotel,2024-05-27
Accor,Accor Sea View,Sea View description,info839@hotel.com,Ukraine,Kyiv,Shevchenka,10,Single,3,215,320,2024-08-02,2024-08-03,checked-in,1,Good hotel,2024-08-02
Accor,Accor City Inn,City Inn description,info840@hotel.com,Ukraine,Odesa,Shevchenka,2,Suite,3,231,97,2024-02-10,2024-02-12,checked-out,5,Good hotel,2024-02-10
Accor,Accor Mountain Resort,Mountain Resort description,info841@hotel.com,Ukraine,Lviv,Shevchenka,54,Single,2,241,121,2024-02-16,2024-02-19,checked-in,3,Good hotel,2024-02-16
Radisson,Radisson City Inn,City Inn description,info842@hotel.com,Ukraine,Kyiv,Shevchenka,56,Single,3,151,121,2024-03-15,2024-03-20,pending,3,Good hotel,2024-03-15
Marriott,Marriott Grand Hotel,Grand Hotel description,info843@hotel.com,Ukraine,Lviv,Shevchenka,65,Double,3,169,59,2024-07-06,2024-07-08,pending,3,Good hotel,2024-07-06
Marriott,Marriott Mountain Resort,Mountain Resort description,info844@hotel.com,Ukraine,Lviv,Shevchenka,20,Suite,4,188,234,2024-05-30,2024-06-06,checked-in,4,Good hotel,2024-05-30
Marriott,Marriott Sea View,Sea View description,info845@hotel.com,Ukraine,Lviv,Shevchenka,83,Suite,4,199,181,2024-11-30,2024-12-07,confirmed,4,Good hotel,2024-11-30
Accor,Accor Mountain Resort,Mountain Resort description,info846@hotel.com,Ukraine,Kyiv,Shevchenka,77,Suite,4,282,327,2024-01-10,2024-01-11,pending,4,Good hotel,2024-01-10
Hilton,Hilton Mountain Resort,Mountain Resort description,info847@hotel.com,Ukraine,Lviv,Shevchenka,74,Single,4,158,499,2024-01-22,2024-01-27,confirmed,1,Good hotel,2024-01-22
Accor,Accor Sea View,Sea View description,info848@hotel.com,Ukraine,Lviv,Shevchenka,6,Single,2,222,155,2024-03-02,2024-03-06,confirmed,2,Good hotel,2024-03-02
Marriott,Marriott City Inn,City Inn description,info849@hotel.com,Ukraine,Odesa,Shevchenka,25,Double,4,285,13,2024-05-18,2024-05-19,confirmed,5,Good hotel,2024-05-18
Hilton,Hilton Grand Hotel,Grand Hotel description,info850@hotel.com,Ukraine,Dnipro,Shevchenka,9,Suite,4,296,312,2024-02-10,2024-02-12,checked-out,5,Good hotel,2024-02-10
Radisson,Radisson Mountain Resort,Mountain Resort description,info851@hotel.com,Ukraine,Dnipro,Shevchenka,45,Single,4,211,68,2024-08-12,2024-08-14,checked-out,5,Good hotel,2024-08-12
Hilton,Hilton Grand Hotel,Grand Hotel description,info852@hotel.com,Ukraine,Lviv,Shevchenka,1,Double,2,121,128,2024-03-21,2024-03-22,checked-in,4,Good hotel,2024-03-21
Accor,Accor City Inn,City Inn description,info853@hotel.com,Ukraine,Kyiv,Shevchenka,31,Single,2,229,488,2024-09-16,2024-09-18,confirmed,1,Good hotel,2024-09-16
Hilton,Hilton Grand Hotel,Grand Hotel description,info854@hotel.com,Ukraine,Dnipro,Shevchenka,7,Double,2,289,224,2024-08-28,2024-08-29,checked-out,5,Good hotel,2024-08-28
Accor,Accor Mountain Resort,Mountain Resort description,info855@hotel.com,Ukraine,Lviv,Shevchenka,94,Suite,1,148,469,2024-03-19,2024-03-23,confirmed,3,Good hotel,2024-03-19
Accor,Accor Grand Hotel,Grand Hotel description,info856@hotel.com,Ukraine,Kyiv,Shevchenka,45,Single,1,196,334,2024-09-18,2024-09-20,pending,1,Good hotel,2024-09-18
Radisson,Radisson Grand Hotel,Grand Hotel description,info857@hotel.com,Ukraine,Kyiv,Shevchenka,72,Double,3,139,80,2024-12-27,2025-01-02,checked-out,3,Good hotel,2024-12-27
Accor,Accor Grand Hotel,Grand Hotel description,info858@hotel.com,Ukraine,Odesa,Shevchenka,92,Suite,1,56,350,2024-10-27,2024-10-31,checked-in,2,Good hotel,2024-10-27
Radisson,Radisson City Inn,City Inn description,info859@hotel.com,Ukraine,Dnipro,Shevchenka,77,Double,2,116,299,2024-05-09,2024-05-15,checked-in,2,Good hotel,2024-05-09
Hilton,Hilton Mountain Resort,Mountain Resort description,info860@hotel.com,Ukraine,Lviv,Shevchenka,71,Suite,3,137,157,2024-04-14,2024-04-18,pending,4,Good hotel,2024-04-14
Hilton,Hilton City Inn,City Inn description,info861@hotel.com,Ukraine,Kyiv,Shevchenka,96,Single,1,267,497,2024-12-18,2024-12-25,confirmed,4,Good hotel,2024-12-18
Marriott,Marriott Mountain Resort,Mountain Resort description,info862@hotel.com,Ukraine,Odesa,Shevchenka,33,Single,1,124,449,2024-09-14,2024-09-21,pending,2,Good hotel,2024-09-14
Accor,Accor Grand Hotel,Grand Hotel description,info863@hotel.com,Ukraine,Dnipro,Shevchenka,4,Double,2,297,389,2024-05-01,2024-05-02,pending,3,Good hotel,2024-05-01
Accor,Accor City Inn,City Inn description,info864@hotel.com,Ukraine,Dnipro,Shevchenka,99,Double,4,105,464,2024-11-03,2024-11-05,checked-in,1,Good hotel,2024-11-03
Hyatt,Hyatt Grand Hotel,Grand Hotel description,info865@hotel.com,Ukraine,Odesa,Shevchenka,73,Suite,2,201,109,2024-09-27,2024-10-04,checked-in,5,Good hotel,2024-09-27
Radisson,Radisson Grand Hotel,Grand Hotel description,info866@hotel.com,Ukraine,Dnipro,Shevchenka,65,Suite,3,229,43,2024-04-12,2024-04-16,checked-out,1,Good hotel,2024-04-12
Hyatt,Hyatt Mountain Resort,Mountain Resort description,info867@hotel.com,Ukraine,Odesa,Shevchenka,92,Single,1,129,43,2024-07-18,2024-07-20,confirmed,3,Good hotel,2024-07-18
Accor,Accor Grand Hotel,Grand Hotel description,info868@hotel.com,Ukraine,Lviv,Shevchenka,66,Single,4,68,488,2024-01-08,2024-01-14,confirmed,4,Good hotel,2024-01-08
Hilton,Hilton City Inn,City Inn description,info869@hotel.com,Ukraine,Lviv,Shevchenka,8,Double,2,114,399,2024-07-18,2024-07-19,confirmed,5,Good hotel,2024-07-18
Marriott,Marriott City Inn,City Inn description,info870@hotel.com,Ukraine,Kyiv,Shevchenka,43,Single,1,208,451,2024-04-05,2024-04-08,checked-out,3,Good hotel,2024-04-05
Accor,Accor Grand Hotel,Grand Hotel description,info871@hotel.com,Ukraine,Kyiv,Shevchenka,85,Double,2,77,288,2024-11-04,2024-11-08,checked-out,1,Good hotel,2024-11-04
Radisson,Radisson Mountain Resort,Mountain Resort description,info872@hotel.com,Ukraine,Dnipro,Shevchenka,95,Single,1,220,90,2024-08-04,2024-08-06,pending,2,Good hotel,2024-08-04
Hilton,Hilton Sea View,Sea View description,info873@hotel.com,Ukraine,Kyiv,Shevchenka,82,Suite,2,201,280,2024-07-24,2024-07-26,checked-in,4,Good hotel,2024-07-24
Radisson,Radisson Mountain Resort,Mountain Resort description,info874@hotel.com,Ukraine,Odesa,Shevchenka,4,Suite,1,51,110,2024-08-24,2024-08-31,pending,4,Good hotel,2024-08-24
Marriott,Marriott City Inn,City Inn description,info875@hotel.com,Ukraine,Dnipro,Shevchenka,44,Double,1,229,141,2024-01-16,2024-01-19,confirmed,1,Good hotel,2024-01-16
Marriott,Marriott Mountain Resort,Mountain Resort description,info876@hotel.com,Ukraine,Lviv,Shevchenka,38,Single,4,173,216,2024-11-01,2024-11-06,checked-out,2,Good hotel,2024-11-01
Marriott,Marriott City Inn,City Inn description,info877@hotel.com,Ukraine,Odesa,Shevchenka,33,Single,2,261,10,2024-07-12,2024-07-19,confirmed,3,Good hotel,2024-07-12
Hyatt,Hyatt Mountain Resort,Mountain Resort description,info878@hotel.com,Ukraine,Lviv,Shevchenka,30,Single,4,88,326,2024-06-16,2024-06-17,checked-out,3,Good hotel,2024-06-16
Hyatt,Hyatt Mountain Resort,Mountain Resort description,info879@hotel.com,Ukraine,Lviv,Shevchenka,35,Single,2,60,16,2024-09-26,2024-09-27,pending,4,Good hotel,2024-09-26
Marriott,Marriott Grand Hotel,Grand Hotel description,info880@hotel.com,Ukraine,Dnipro,Shevchenka,65,Suite,4,74,39,2024-08-25,2024-08-29,checked-in,1,Good hotel,2024-08-25
Radisson,Radisson City Inn,City Inn description,info881@hotel.com,Ukraine,Lviv,Shevchenka,78,Double,2,113,380,2024-03-01,2024-03-05,checked-in,5,Good hotel,2024-03-01
Accor,Accor Sea View,Sea View description,info882@hotel.com,Ukraine,Lviv,Shevchenka,95,Single,3,92,179,2024-05-22,2024-05-29,pending,2,Good hotel,2024-05-22
Accor,Accor Mountain Resort,Mountain Resort description,info883@hotel.com,Ukraine,Dnipro,Shevchenka,13,Double,1,105,470,2024-01-21,2024-01-25,checked-in,2,Good hotel,2024-01-21
Hilton,Hilton Mountain Resort,Mountain Resort description,info884@hotel.com,Ukraine,Lviv,Shevchenka,73,Single,4,54,344,2024-10-11,2024-10-16,pending,2,Good hotel,2024-10-11
Hilton,Hilton City Inn,City Inn description,info885@hotel.com,Ukraine,Lviv,Shevchenka,14,Double,4,224,120,2024-05-21,2024-05-22,pending,5,Good hotel,2024-05-21
Radisson,Radisson Sea View,Sea View description,info886@hotel.com,Ukraine,Dnipro,Shevchenka,10,Single,2,193,75,2024-03-02,2024-03-05,confirmed,2,Good hotel,2024-03-02
Hilton,Hilton City Inn,City Inn description,info887@hotel.com,Ukraine,Lviv,Shevchenka,77,Single,3,84,219,2024-08-11,2024-08-13,checked-out,1,Good hotel,2024-08-11
Radisson,Radisson Mountain Resort,Mountain Resort description,info888@hotel.com,Ukraine,Odesa,Shevchenka,94,Single,2,201,249,2024-12-19,2024-12-20,checked-in,3,Good hotel,2024-12-19
Accor,Accor Sea View,Sea View description,info889@hotel.com,Ukraine,Dnipro,Shevchenka,68,Double,1,175,162,2024-04-09,2024-04-14,checked-in,4,Good hotel,2024-04-09
Hilton,Hilton City Inn,City Inn description,info890@hotel.com,Ukraine,Kyiv,Shevchenka,32,Double,2,171,202,2024-11-08,2024-11-14,confirmed,4,Good hotel,2024-11-08
Hyatt,Hyatt Grand Hotel,Grand Hotel description,info891@hotel.com,Ukraine,Kyiv,Shevchenka,58,Suite,4,94,64,2024-10-13,2024-10-17,checked-in,3,Good hotel,2024-10-13
Hyatt,Hyatt Grand Hotel,Grand Hotel description,info892@hotel.com,Ukraine,Lviv,Shevchenka,23,Suite,2,83,380,2024-11-23,2024-11-28,confirmed,2,Good hotel,2024-11-23
Marriott,Marriott Mountain Resort,Mountain Resort description,info893@hotel.com,Ukraine,Lviv,Shevchenka,10,Suite,2,54,47,2024-12-14,2024-12-21,confirmed,5,Good hotel,2024-12-14
Marriott,Marriott City Inn,City Inn description,info894@hotel.com,Ukraine,Lviv,Shevchenka,62,Single,2,130,440,2024-10-10,2024-10-15,checked-out,3,Good hotel,2024-10-10
Marriott,Marriott Grand Hotel,Grand Hotel description,info895@hotel.com,Ukraine,Lviv,Shevchenka,35,Single,4,139,401,2024-07-03,2024-07-04,checked-out,2,Good hotel,2024-07-03
Hilton,Hilton Mountain Resort,Mountain Resort description,info896@hotel.com,Ukraine,Lviv,Shevchenka,14,Double,4,86,187,2024-11-27,2024-12-04,confirmed,3,Good hotel,2024-11-27
Radisson,Radisson Grand Hotel,Grand Hotel description,info897@hotel.com,Ukraine,Dnipro,Shevchenka,72,Single,1,291,454,2024-01-21,2024-01-24,checked-in,3,Good hotel,2024-01-21
Hyatt,Hyatt Grand Hotel,Grand Hotel description,info898@hotel.com,Ukraine,Dnipro,Shevchenka,78,Single,1,69,8,2024-08-24,2024-08-28,checked-in,3,Good hotel,2024-08-24
Radisson,Radisson City Inn,City Inn description,info899@hotel.com,Ukraine,Kyiv,Shevchenka,47,Double,2,223,430,2024-08-11,2024-08-15,pending,3,Good hotel,2024-08-11
Accor,Accor City Inn,City Inn description,info900@hotel.com,Ukraine,Odesa,Shevchenka,8,Single,3,150,345,2024-03-14,2024-03-18,checked-out,5,Good hotel,2024-03-14
Accor,Accor City Inn,City Inn description,info901@hotel.com,Ukraine,Kyiv,Shevchenka,52,Double,2,155,287,2024-10-11,2024-10-14,checked-in,5,Good hotel,2024-10-11
Hilton,Hilton Sea View,Sea View description,info902@hotel.com,Ukraine,Kyiv,Shevchenka,89,Suite,2,187,286,2024-01-11,2024-01-16,pending,3,Good hotel,2024-01-11
Accor,Accor City Inn,City Inn description,info903@hotel.com,Ukraine,Odesa,Shevchenka,69,Suite,2,137,399,2024-07-06,2024-07-08,checked-in,1,Good hotel,2024-07-06
Marriott,Marriott Grand Hotel,Grand Hotel description,info904@hotel.com,Ukraine,Lviv,Shevchenka,9,Suite,3,223,207,2024-06-29,2024-07-01,checked-in,1,Good hotel,2024-06-29
Hilton,Hilton Grand Hotel,Grand Hotel description,info905@hotel.com,Ukraine,Lviv,Shevchenka,8,Single,3,276,205,2024-04-05,2024-04-07,checked-out,4,Good hotel,2024-04-05
Radisson,Radisson Grand Hotel,Grand Hotel description,info906@hotel.com,Ukraine,Lviv,Shevchenka,20,Double,1,277,485,2024-08-16,2024-08-20,checked-out,4,Good hotel,2024-08-16
Marriott,Marriott Sea View,Sea View description,info907@hotel.com,Ukraine,Lviv,Shevchenka,66,Double,4,128,137,2024-10-17,2024-10-19,pending,4,Good hotel,2024-10-17
Accor,Accor Mountain Resort,Mountain Resort description,info908@hotel.com,Ukraine,Kyiv,Shevchenka,75,Suite,4,59,366,2024-06-18,2024-06-25,checked-in,4,Good hotel,2024-06-18
Hyatt,Hyatt Grand Hotel,Grand Hotel description,info909@hotel.com,Ukraine,Dnipro,Shevchenka,6,Suite,4,207,318,2024-11-17,2024-11-23,pending,3,Good hotel,2024-11-17
Marriott,Marriott Mountain Resort,Mountain Resort description,info910@hotel.com,Ukraine,Lviv,Shevchenka,44,Suite,1,181,388,2024-05-19,2024-05-26,pending,5,Good hotel,2024-05-19
Marriott,Marriott Sea View,Sea View description,info911@hotel.com,Ukraine,Lviv,Shevchenka,8,Double,2,200,285,2024-12-05,2024-12-08,checked-out,4,Good hotel,2024-12-05
Hyatt,Hyatt Sea View,Sea View description,info912@hotel.com,Ukraine,Odesa,Shevchenka,31,Double,3,167,150,2024-06-15,2024-06-16,confirmed,3,Good hotel,2024-06-15
Hyatt,Hyatt Grand Hotel,Grand Hotel description,info913@hotel.com,Ukraine,Dnipro,Shevchenka,40,Double,3,193,362,2024-01-14,2024-01-17,confirmed,2,Good hotel,2024-01-14
Hyatt,Hyatt Sea View,Sea View description,info914@hotel.com,Ukraine,Kyiv,Shevchenka,61,Single,3,245,104,2024-10-27,2024-11-03,confirmed,3,Good hotel,2024-10-27
Radisson,Radisson Grand Hotel,Grand Hotel description,info915@hotel.com,Ukraine,Kyiv,Shevchenka,16,Single,1,265,333,2024-11-19,2024-11-25,pending,2,Good hotel,2024-11-19
Hilton,Hilton Grand Hotel,Grand Hotel description,info916@hotel.com,Ukraine,Kyiv,Shevchenka,88,Suite,4,170,421,2024-05-23,2024-05-27,pending,3,Good hotel,2024-05-23
Accor,Accor Mountain Resort,Mountain Resort description,info917@hotel.com,Ukraine,Lviv,Shevchenka,10,Double,3,77,365,2024-07-30,2024-07-31,pending,3,Good hotel,2024-07-30
Hyatt,Hyatt Sea View,Sea View description,info918@hotel.com,Ukraine,Odesa,Shevchenka,47,Single,4,214,38,2024-11-26,2024-11-29,pending,2,Good hotel,2024-11-26
Hyatt,Hyatt Mountain Resort,Mountain Resort description,info919@hotel.com,Ukraine,Odesa,Shevchenka,40,Suite,1,138,145,2024-08-18,2024-08-19,checked-in,5,Good hotel,2024-08-18
Hilton,Hilton Mountain Resort,Mountain Resort description,info920@hotel.com,Ukraine,Kyiv,Shevchenka,45,Double,4,89,33,2024-07-05,2024-07-07,pending,4,Good hotel,2024-07-05
Hyatt,Hyatt Grand Hotel,Grand Hotel description,info921@hotel.com,Ukraine,Dnipro,Shevchenka,84,Suite,1,152,337,2024-11-16,2024-11-21,checked-in,2,Good hotel,2024-11-16
Hilton,Hilton Mountain Resort,Mountain Resort description,info922@hotel.com,Ukraine,Lviv,Shevchenka,29,Single,1,280,56,2024-02-21,2024-02-26,confirmed,1,Good hotel,2024-02-21
Hilton,Hilton Mountain Resort,Mountain Resort description,info923@hotel.com,Ukraine,Lviv,Shevchenka,39,Single,4,123,284,2024-09-28,2024-10-02,confirmed,1,Good hotel,2024-09-28
Hyatt,Hyatt Mountain Resort,Mountain Resort description,info924@hotel.com,Ukraine,Odesa,Shevchenka,11,Double,2,132,327,2024-04-05,2024-04-10,checked-out,4,Good hotel,2024-04-05
Marriott,Marriott Grand Hotel,Grand Hotel description,info925@hotel.com,Ukraine,Kyiv,Shevchenka,10,Double,4,290,236,2024-04-09,2024-04-10,confirmed,5,Good hotel,2024-04-09
Radisson,Radisson Grand Hotel,Grand Hotel description,info926@hotel.com,Ukraine,Odesa,Shevchenka,92,Suite,3,212,238,2024-06-23,2024-06-28,checked-in,4,Good hotel,2024-06-23
Hilton,Hilton Grand Hotel,Grand Hotel description,info927@hotel.com,Ukraine,Kyiv,Shevchenka,90,Double,1,209,213,2024-07-11,2024-07-14,checked-out,2,Good hotel,2024-07-11
Accor,Accor Mountain Resort,Mountain Resort description,info928@hotel.com,Ukraine,Lviv,Shevchenka,64,Single,3,253,433,2024-09-23,2024-09-26,checked-out,2,Good hotel,2024-09-23
Hilton,Hilton Sea View,Sea View description,info929@hotel.com,Ukraine,Kyiv,Shevchenka,91,Double,1,249,64,2024-04-10,2024-04-15,confirmed,3,Good hotel,2024-04-10
Accor,Accor City Inn,City Inn description,info930@hotel.com,Ukraine,Odesa,Shevchenka,98,Suite,2,212,312,2024-08-17,2024-08-22,checked-out,3,Good hotel,2024-08-17
Accor,Accor Mountain Resort,Mountain Resort description,info931@hotel.com,Ukraine,Lviv,Shevchenka,9,Double,1,245,446,2024-01-16,2024-01-21,checked-in,5,Good hotel,2024-01-16
Accor,Accor City Inn,City Inn description,info932@hotel.com,Ukraine,Dnipro,Shevchenka,50,Suite,2,298,195,2024-02-06,2024-02-11,checked-in,4,Good hotel,2024-02-06
Radisson,Radisson Grand Hotel,Grand Hotel description,info933@hotel.com,Ukraine,Lviv,Shevchenka,70,Suite,3,51,245,2024-09-23,2024-09-30,checked-out,1,Good hotel,2024-09-23
Hyatt,Hyatt City Inn,City Inn description,info934@hotel.com,Ukraine,Kyiv,Shevchenka,89,Double,1,91,136,2024-07-18,2024-07-23,pending,4,Good hotel,2024-07-18
Radisson,Radisson Sea View,Sea View description,info935@hotel.com,Ukraine,Odesa,Shevchenka,82,Suite,4,71,41,2024-04-12,2024-04-14,checked-out,2,Good hotel,2024-04-12
Marriott,Marriott Sea View,Sea View description,info936@hotel.com,Ukraine,Kyiv,Shevchenka,76,Double,1,69,420,2024-11-19,2024-11-21,pending,5,Good hotel,2024-11-19
Hilton,Hilton Mountain Resort,Mountain Resort description,info937@hotel.com,Ukraine,Dnipro,Shevchenka,41,Single,1,96,364,2024-06-19,2024-06-24,checked-in,2,Good hotel,2024-06-19
Radisson,Radisson Grand Hotel,Grand Hotel description,info938@hotel.com,Ukraine,Kyiv,Shevchenka,36,Single,3,195,146,2024-09-25,2024-09-29,checked-out,1,Good hotel,2024-09-25
Marriott,Marriott Grand Hotel,Grand Hotel description,info939@hotel.com,Ukraine,Odesa,Shevchenka,38,Suite,1,215,234,2024-04-18,2024-04-20,checked-out,2,Good hotel,2024-04-18
Radisson,Radisson Sea View,Sea View description,info940@hotel.com,Ukraine,Kyiv,Shevchenka,80,Single,3,160,147,2024-01-31,2024-02-05,pending,3,Good hotel,2024-01-31
Accor,Accor City Inn,City Inn description,info941@hotel.com,Ukraine,Lviv,Shevchenka,31,Double,2,59,363,2024-01-17,2024-01-22,pending,4,Good hotel,2024-01-17
Radisson,Radisson Sea View,Sea View description,info942@hotel.com,Ukraine,Lviv,Shevchenka,73,Suite,2,196,444,2024-03-03,2024-03-07,checked-out,1,Good hotel,2024-03-03
Hyatt,Hyatt Mountain Resort,Mountain Resort description,info943@hotel.com,Ukraine,Odesa,Shevchenka,6,Single,3,298,317,2024-11-27,2024-12-01,pending,3,Good hotel,2024-11-27
Radisson,Radisson Mountain Resort,Mountain Resort description,info944@hotel.com,Ukraine,Lviv,Shevchenka,53,Double,1,83,340,2024-07-16,2024-07-18,checked-in,3,Good hotel,2024-07-16
Marriott,Marriott Sea View,Sea View description,info945@hotel.com,Ukraine,Odesa,Shevchenka,15,Suite,4,261,2,2024-03-11,2024-03-16,checked-in,2,Good hotel,2024-03-11
Accor,Accor Sea View,Sea View description,info946@hotel.com,Ukraine,Dnipro,Shevchenka,79,Double,2,59,365,2024-10-16,2024-10-23,checked-in,1,Good hotel,2024-10-16
Hyatt,Hyatt Mountain Resort,Mountain Resort description,info947@hotel.com,Ukraine,Dnipro,Shevchenka,77,Double,2,102,69,2024-03-12,2024-03-17,checked-in,2,Good hotel,2024-03-12
Hilton,Hilton Grand Hotel,Grand Hotel description,info948@hotel.com,Ukraine,Odesa,Shevchenka,22,Double,4,210,102,2024-05-23,2024-05-30,pending,5,Good hotel,2024-05-23
Hyatt,Hyatt Grand Hotel,Grand Hotel description,info949@hotel.com,Ukraine,Kyiv,Shevchenka,13,Suite,1,136,385,2024-12-05,2024-12-12,checked-in,4,Good hotel,2024-12-05
Hyatt,Hyatt Grand Hotel,Grand Hotel description,info950@hotel.com,Ukraine,Kyiv,Shevchenka,55,Double,4,189,119,2024-11-08,2024-11-14,pending,2,Good hotel,2024-11-08
Radisson,Radisson Sea View,Sea View description,info951@hotel.com,Ukraine,Dnipro,Shevchenka,8,Suite,2,276,30,2024-02-14,2024-02-20,pending,2,Good hotel,2024-02-14
Accor,Accor City Inn,City Inn description,info952@hotel.com,Ukraine,Lviv,Shevchenka,55,Double,4,217,362,2024-04-21,2024-04-28,pending,1,Good hotel,2024-04-21
Hyatt,Hyatt Grand Hotel,Grand Hotel description,info953@hotel.com,Ukraine,Odesa,Shevchenka,62,Suite,1,155,347,2024-04-04,2024-04-07,confirmed,4,Good hotel,2024-04-04
Accor,Accor Sea View,Sea View description,info954@hotel.com,Ukraine,Odesa,Shevchenka,2,Suite,2,200,7,2024-11-10,2024-11-15,checked-in,5,Good hotel,2024-11-10
Hilton,Hilton Mountain Resort,Mountain Resort description,info955@hotel.com,Ukraine,Lviv,Shevchenka,25,Suite,4,225,372,2024-12-13,2024-12-18,checked-in,5,Good hotel,2024-12-13
Hilton,Hilton City Inn,City Inn description,info956@hotel.com,Ukraine,Kyiv,Shevchenka,63,Suite,3,200,369,2024-04-15,2024-04-20,checked-out,5,Good hotel,2024-04-15
Marriott,Marriott City Inn,City Inn description,info957@hotel.com,Ukraine,Lviv,Shevchenka,78,Single,1,234,89,2024-02-29,2024-03-04,checked-in,2,Good hotel,2024-02-29
Radisson,Radisson Mountain Resort,Mountain Resort description,info958@hotel.com,Ukraine,Lviv,Shevchenka,7,Double,2,224,53,2024-07-27,2024-07-30,confirmed,4,Good hotel,2024-07-27
Hilton,Hilton Mountain Resort,Mountain Resort description,info959@hotel.com,Ukraine,Dnipro,Shevchenka,10,Single,4,287,64,2024-02-20,2024-02-25,pending,2,Good hotel,2024-02-20
Accor,Accor Sea View,Sea View description,info960@hotel.com,Ukraine,Kyiv,Shevchenka,95,Double,4,67,390,2024-07-13,2024-07-18,pending,1,Good hotel,2024-07-13
Hyatt,Hyatt Sea View,Sea View description,info961@hotel.com,Ukraine,Odesa,Shevchenka,48,Suite,1,281,401,2024-06-29,2024-07-03,checked-in,1,Good hotel,2024-06-29
Hyatt,Hyatt Mountain Resort,Mountain Resort description,info962@hotel.com,Ukraine,Kyiv,Shevchenka,94,Suite,4,76,264,2024-05-03,2024-05-09,pending,5,Good hotel,2024-05-03
Hilton,Hilton Sea View,Sea View description,info963@hotel.com,Ukraine,Odesa,Shevchenka,59,Single,1,207,298,2024-03-29,2024-04-05,checked-out,3,Good hotel,2024-03-29
Accor,Accor Sea View,Sea View description,info964@hotel.com,Ukraine,Odesa,Shevchenka,14,Single,3,251,18,2024-04-19,2024-04-26,checked-in,3,Good hotel,2024-04-19
Hyatt,Hyatt Mountain Resort,Mountain Resort description,info965@hotel.com,Ukraine,Kyiv,Shevchenka,42,Double,3,57,16,2024-08-08,2024-08-11,pending,2,Good hotel,2024-08-08
Accor,Accor Mountain Resort,Mountain Resort description,info966@hotel.com,Ukraine,Dnipro,Shevchenka,25,Double,1,63,73,2024-08-25,2024-08-28,pending,5,Good hotel,2024-08-25
Accor,Accor Mountain Resort,Mountain Resort description,info967@hotel.com,Ukraine,Odesa,Shevchenka,15,Single,1,61,355,2024-05-11,2024-05-17,pending,1,Good hotel,2024-05-11
Radisson,Radisson Grand Hotel,Grand Hotel description,info968@hotel.com,Ukraine,Odesa,Shevchenka,32,Single,3,149,492,2024-08-11,2024-08-12,confirmed,1,Good hotel,2024-08-11
Accor,Accor Sea View,Sea View description,info969@hotel.com,Ukraine,Lviv,Shevchenka,76,Double,4,213,235,2024-02-11,2024-02-18,checked-out,5,Good hotel,2024-02-11
Hyatt,Hyatt City Inn,City Inn description,info970@hotel.com,Ukraine,Lviv,Shevchenka,99,Suite,1,154,452,2024-08-28,2024-09-04,checked-in,2,Good hotel,2024-08-28
Hilton,Hilton City Inn,City Inn description,info971@hotel.com,Ukraine,Dnipro,Shevchenka,64,Double,2,206,69,2024-12-23,2024-12-26,pending,3,Good hotel,2024-12-23
Accor,Accor City Inn,City Inn description,info972@hotel.com,Ukraine,Lviv,Shevchenka,37,Single,2,232,452,2024-06-29,2024-07-04,pending,3,Good hotel,2024-06-29
Radisson,Radisson Mountain Resort,Mountain Resort description,info973@hotel.com,Ukraine,Odesa,Shevchenka,17,Double,1,123,416,2024-03-05,2024-03-09,checked-out,5,Good hotel,2024-03-05
Hyatt,Hyatt Mountain Resort,Mountain Resort description,info974@hotel.com,Ukraine,Odesa,Shevchenka,29,Single,4,117,32,2024-11-03,2024-11-08,checked-in,1,Good hotel,2024-11-03
Hyatt,Hyatt Mountain Resort,Mountain Resort description,info975@hotel.com,Ukraine,Odesa,Shevchenka,89,Double,3,54,258,2024-08-29,2024-09-03,confirmed,2,Good hotel,2024-08-29
Accor,Accor Sea View,Sea View description,info976@hotel.com,Ukraine,Dnipro,Shevchenka,67,Single,4,207,60,2024-04-26,2024-05-01,checked-out,5,Good hotel,2024-04-26
Radisson,Radisson Sea View,Sea View description,info977@hotel.com,Ukraine,Kyiv,Shevchenka,73,Single,4,60,24,2024-01-31,2024-02-05,pending,3,Good hotel,2024-01-31
Accor,Accor Mountain Resort,Mountain Resort description,info978@hotel.com,Ukraine,Dnipro,Shevchenka,45,Double,3,283,417,2024-12-29,2025-01-02,checked-out,3,Good hotel,2024-12-29
Radisson,Radisson Grand Hotel,Grand Hotel description,info979@hotel.com,Ukraine,Dnipro,Shevchenka,30,Double,1,216,324,2024-08-12,2024-08-18,pending,4,Good hotel,2024-08-12
Radisson,Radisson City Inn,City Inn description,info980@hotel.com,Ukraine,Odesa,Shevchenka,91,Suite,4,178,103,2024-01-09,2024-01-10,checked-in,5,Good hotel,2024-01-09
Hyatt,Hyatt City Inn,City Inn description,info981@hotel.com,Ukraine,Odesa,Shevchenka,48,Suite,4,190,489,2024-03-03,2024-03-04,checked-in,2,Good hotel,2024-03-03
Radisson,Radisson Mountain Resort,Mountain Resort description,info982@hotel.com,Ukraine,Dnipro,Shevchenka,13,Suite,1,256,461,2024-03-22,2024-03-27,confirmed,1,Good hotel,2024-03-22
Hilton,Hilton Grand Hotel,Grand Hotel description,info983@hotel.com,Ukraine,Odesa,Shevchenka,57,Single,3,282,434,2024-11-04,2024-11-07,checked-out,3,Good hotel,2024-11-04
Hyatt,Hyatt City Inn,City Inn description,info984@hotel.com,Ukraine,Kyiv,Shevchenka,25,Single,1,187,47,2024-07-31,2024-08-07,pending,4,Good hotel,2024-07-31
Hyatt,Hyatt Grand Hotel,Grand Hotel description,info985@hotel.com,Ukraine,Dnipro,Shevchenka,58,Double,3,247,462,2024-07-20,2024-07-22,checked-out,3,Good hotel,2024-07-20
Hyatt,Hyatt City Inn,City Inn description,info986@hotel.com,Ukraine,Kyiv,Shevchenka,95,Single,2,152,396,2024-05-25,2024-06-01,confirmed,1,Good hotel,2024-05-25
Marriott,Marriott Sea View,Sea View description,info987@hotel.com,Ukraine,Odesa,Shevchenka,17,Single,4,256,115,2024-05-17,2024-05-24,confirmed,4,Good hotel,2024-05-17
Accor,Accor Sea View,Sea View description,info988@hotel.com,Ukraine,Lviv,Shevchenka,100,Double,3,60,315,2024-10-28,2024-11-01,confirmed,4,Good hotel,2024-10-28
Hilton,Hilton Grand Hotel,Grand Hotel description,info989@hotel.com,Ukraine,Lviv,Shevchenka,50,Single,2,205,172,2024-03-15,2024-03-20,checked-out,4,Good hotel,2024-03-15
Accor,Accor Grand Hotel,Grand Hotel description,info990@hotel.com,Ukraine,Lviv,Shevchenka,72,Suite,1,155,326,2024-09-11,2024-09-13,pending,3,Good hotel,2024-09-11
Hilton,Hilton Grand Hotel,Grand Hotel description,info991@hotel.com,Ukraine,Dnipro,Shevchenka,61,Suite,2,155,77,2024-01-13,2024-01-17,checked-out,3,Good hotel,2024-01-13
Marriott,Marriott Sea View,Sea View description,info992@hotel.com,Ukraine,Kyiv,Shevchenka,22,Double,3,283,27,2024-06-03,2024-06-10,checked-out,4,Good hotel,2024-06-03
Marriott,Marriott Grand Hotel,Grand Hotel description,info993@hotel.com,Ukraine,Kyiv,Shevchenka,27,Single,2,135,251,2024-03-29,2024-04-01,confirmed,4,Good hotel,2024-03-29
Hyatt,Hyatt City Inn,City Inn description,info994@hotel.com,Ukraine,Dnipro,Shevchenka,92,Double,1,80,138,2024-11-15,2024-11-17,checked-out,4,Good hotel,2024-11-15
Hilton,Hilton Sea View,Sea View description,info995@hotel.com,Ukraine,Lviv,Shevchenka,47,Double,3,82,117,2024-03-22,2024-03-24,pending,1,Good hotel,2024-03-22
Accor,Accor City Inn,City Inn description,info996@hotel.com,Ukraine,Dnipro,Shevchenka,67,Double,2,68,459,2024-08-02,2024-08-04,confirmed,3,Good hotel,2024-08-02
Marriott,Marriott Mountain Resort,Mountain Resort description,info997@hotel.com,Ukraine,Odesa,Shevchenka,63,Single,1,206,444,2024-09-23,2024-09-30,checked-in,1,Good hotel,2024-09-23
Marriott,Marriott Grand Hotel,Grand Hotel description,info998@hotel.com,Ukraine,Odesa,Shevchenka,33,Suite,4,128,96,2024-06-30,2024-07-03,confirmed,4,Good hotel,2024-06-30
Hilton,Hilton Sea View,Sea View description,info999@hotel.com,Ukraine,Odesa,Shevchenka,92,Suite,1,253,363,2024-03-19,2024-03-23,confirmed,3,Good hotel,2024-03-19
