id;chain_name;hotel_name;description;email;country;city;street;number;room_type;capacity;price;room_number;checkin;checkout;status;rating;comment;review_date
0;Radisson;Radisson City Inn;City Inn description;info0@hotel.com;Ukraine;Odesa;Shevchenka;30;Double;4;185;266;2024-02-15;2024-02-16;checked-in;5;Good hotel;2024-02-15
1;Hyatt;Hyatt Sea View;Sea View description;info1@hotel.com;Ukraine;Kyiv;Shevchenka;5;Single;2;50;145;2024-06-03;2024-06-04;checked-in;2;Good hotel;2024-06-03
2;Radisson;Radisson City Inn;City Inn description;info2@hotel.com;Ukraine;Lviv;Shevchenka;38;Double;2;54;242;2024-07-21;2024-07-22;confirmed;1;Good hotel;2024-07-21
3;Radisson;Radisson Mountain Resort;Mountain Resort description;info3@hotel.com;Ukraine;Odesa;Shevchenka;59;Single;1;221;348;2024-02-17;2024-02-18;confirmed;5;Good hotel;2024-02-17
4;Marriott;Marriott Mountain Resort;Mountain Resort description;info4@hotel.com;Ukraine;Dnipro;Shevchenka;2;Suite;2;168;252;2024-08-22;2024-08-24;pending;2;Good hotel;2024-08-22
5;Hilton;Hilton Sea View;Sea View description;info5@hotel.com;Ukraine;Lviv;Shevchenka;81;Double;4;240;380;2024-12-08;2024-12-14;checked-in;1;Good hotel;2024-12-08
6;Hyatt;Hyatt Mountain Resort;Mountain Resort description;info6@hotel.com;Ukraine;Dnipro;Shevchenka;89;Single;3;192;103;2024-11-17;2024-11-21;checked-in;4;Good hotel;2024-11-17
7;Marriott;Marriott City Inn;City Inn description;info7@hotel.com;Ukraine;Lviv;Shevchenka;11;Single;2;57;413;2024-10-06;2024-10-07;confirmed;3;Good hotel;2024-10-06
8;Hilton;Hilton City Inn;City Inn description;info8@hotel.com;Ukraine;Lviv;Shevchenka;89;Double;1;233;153;2024-10-24;2024-10-30;pending;2;Good hotel;2024-10-24
9;Radisson;Radisson Mountain Resort;Mountain Resort description;info9@hotel.com;Ukraine;Kyiv;Shevchenka;7;Single;3;267;18;2024-05-30;2024-06-05;pending;3;Good hotel;2024-05-30
10;Radisson;Radisson Grand Hotel;Grand Hotel description;info10@hotel.com;Ukraine;Kyiv;Shevchenka;21;Single;2;189;130;2024-12-11;2024-12-12;checked-out;4;Good hotel;2024-12-11
11;Hyatt;Hyatt City Inn;City Inn description;info11@hotel.com;Ukraine;Dnipro;Shevchenka;21;Suite;4;102;263;2024-04-29;2024-05-03;checked-out;5;Good hotel;2024-04-29
12;Radisson;Radisson City Inn;City Inn description;info12@hotel.com;Ukraine;Lviv;Shevchenka;46;Double;2;172;41;2024-10-29;2024-11-01;pending;3;Good hotel;2024-10-29
13;Radisson;Radisson Mountain Resort;Mountain Resort description;info13@hotel.com;Ukraine;Kyiv;Shevchenka;53;Single;4;175;157;2024-07-02;2024-07-07;checked-out;1;Good hotel;2024-07-02
14;Hyatt;Hyatt Sea View;Sea View description;info14@hotel.com;Ukraine;Dnipro;Shevchenka;92;Suite;4;228;125;2024-03-15;2024-03-17;checked-out;5;Good hotel;2024-03-15
15;Radisson;Radisson Sea View;Sea View description;info15@hotel.com;Ukraine;Kyiv;Shevchenka;100;Single;4;250;456;2024-04-15;2024-04-22;confirmed;4;Good hotel;2024-04-15
16;Radisson;Radisson Mountain Resort;Mountain Resort description;info16@hotel.com;Ukraine;Lviv;Shevchenka;27;Suite;2;287;347;2024-09-02;2024-09-08;checked-in;5;Good hotel;2024-09-02
17;Hyatt;Hyatt Grand Hotel;Grand Hotel description;info17@hotel.com;Ukraine;Dnipro;Shevchenka;73;Single;1;91;315;2024-04-09;2024-04-11;confirmed;1;Good hotel;2024-04-09
18;Hyatt;Hyatt Grand Hotel;Grand Hotel description;info18@hotel.com;Ukraine;Dnipro;Shevchenka;69;Double;4;146;267;2024-12-15;2024-12-19;confirmed;1;Good hotel;2024-12-15
19;Radisson;Radisson Mountain Resort;Mountain Resort description;info19@hotel.com;Ukraine;Lviv;Shevchenka;46;Suite;4;189;137;2024-04-03;2024-04-05;checked-out;3;Good hotel;2024-04-03
20;Radisson;Radisson Mountain Resort;Mountain Resort description;info20@hotel.com;Ukraine;Lviv;Shevchenka;94;Suite;4;253;396;2024-11-01;2024-11-03;pending;5;Good hotel;2024-11-01
21;Marriott;Marriott Mountain Resort;Mountain Resort description;info21@hotel.com;Ukraine;Odesa;Shevchenka;9;Single;1;180;162;2024-02-05;2024-02-06;checked-out;5;Good hotel;2024-02-05
22;Hilton;Hilton Mountain Resort;Mountain Resort description;info22@hotel.com;Ukraine;Kyiv;Shevchenka;75;Suite;1;298;72;2024-02-22;2024-02-27;confirmed;4;Good hotel;2024-02-22
23;Hilton;Hilton Grand Hotel;Grand Hotel description;info23@hotel.com;Ukraine;Odesa;Shevchenka;5;Suite;4;233;224;2024-03-17;2024-03-18;checked-in;3;Good hotel;2024-03-17
24;Radisson;Radisson Mountain Resort;Mountain Resort description;info24@hotel.com;Ukraine;Odesa;Shevchenka;39;Double;3;167;342;2024-02-07;2024-02-11;checked-in;3;Good hotel;2024-02-07
25;Hilton;Hilton City Inn;City Inn description;info25@hotel.com;Ukraine;Lviv;Shevchenka;76;Double;2;248;50;2024-10-02;2024-10-06;checked-out;2;Good hotel;2024-10-02
26;Hilton;Hilton Mountain Resort;Mountain Resort description;info26@hotel.com;Ukraine;Lviv;Shevchenka;85;Suite;1;135;327;2024-11-07;2024-11-09;confirmed;4;Good hotel;2024-11-07
27;Accor;Accor Grand Hotel;Grand Hotel description;info27@hotel.com;Ukraine;Dnipro;Shevchenka;23;Double;3;195;443;2024-06-01;2024-06-07;pending;3;Good hotel;2024-06-01
28;Hilton;Hilton Sea View;Sea View description;info28@hotel.com;Ukraine;Kyiv;Shevchenka;95;Single;4;120;236;2024-10-18;2024-10-22;confirmed;4;Good hotel;2024-10-18
29;Accor;Accor Mountain Resort;Mountain Resort description;info29@hotel.com;Ukraine;Kyiv;Shevchenka;74;Single;4;254;199;2024-09-20;2024-09-22;checked-out;4;Good hotel;2024-09-20
30;Hilton;Hilton Sea View;Sea View description;info30@hotel.com;Ukraine;Odesa;Shevchenka;27;Single;4;269;460;2024-03-10;2024-03-15;checked-in;1;Good hotel;2024-03-10
31;Hilton;Hilton Grand Hotel;Grand Hotel description;info31@hotel.com;Ukraine;Lviv;Shevchenka;87;Single;1;140;228;2024-02-07;2024-02-13;checked-in;5;Good hotel;2024-02-07
32;Hilton;Hilton Mountain Resort;Mountain Resort description;info32@hotel.com;Ukraine;Lviv;Shevchenka;14;Single;4;260;195;2024-10-01;2024-10-03;pending;2;Good hotel;2024-10-01
33;Hyatt;Hyatt Mountain Resort;Mountain Resort description;info33@hotel.com;Ukraine;Dnipro;Shevchenka;28;Suite;2;248;64;2024-06-29;2024-07-01;checked-out;3;Good hotel;2024-06-29
34;Hyatt;Hyatt City Inn;City Inn description;info34@hotel.com;Ukraine;Lviv;Shevchenka;8;Suite;3;286;283;2024-02-27;2024-02-28;pending;5;Good hotel;2024-02-27
35;Marriott;Marriott Grand Hotel;Grand Hotel description;info35@hotel.com;Ukraine;Lviv;Shevchenka;73;Single;3;154;449;2024-09-06;2024-09-07;checked-out;3;Good hotel;2024-09-06
36;Marriott;Marriott Mountain Resort;Mountain Resort description;info36@hotel.com;Ukraine;Kyiv;Shevchenka;62;Suite;3;140;114;2024-03-10;2024-03-13;confirmed;4;Good hotel;2024-03-10
37;Hyatt;Hyatt Mountain Resort;Mountain Resort description;info37@hotel.com;Ukraine;Odesa;Shevchenka;30;Suite;2;284;237;2024-08-17;2024-08-20;checked-out;1;Good hotel;2024-08-17
38;Marriott;Marriott Sea View;Sea View description;info38@hotel.com;Ukraine;Lviv;Shevchenka;79;Double;4;241;424;2024-12-24;2024-12-25;checked-in;1;Good hotel;2024-12-24
39;Marriott;Marriott Sea View;Sea View description;info39@hotel.com;Ukraine;Lviv;Shevchenka;90;Double;2;232;236;2024-02-10;2024-02-11;pending;3;Good hotel;2024-02-10
40;Hyatt;Hyatt City Inn;City Inn description;info40@hotel.com;Ukraine;Kyiv;Shevchenka;30;Suite;1;64;218;2024-10-05;2024-10-10;checked-in;2;Good hotel;2024-10-05
41;Hyatt;Hyatt City Inn;City Inn description;info41@hotel.com;Ukraine;Dnipro;Shevchenka;96;Double;3;98;18;2024-09-13;2024-09-17;checked-in;4;Good hotel;2024-09-13
42;Hilton;Hilton Grand Hotel;Grand Hotel description;info42@hotel.com;Ukraine;Kyiv;Shevchenka;29;Suite;2;247;278;2024-08-26;2024-08-27;confirmed;3;Good hotel;2024-08-26
43;Hyatt;Hyatt Mountain Resort;Mountain Resort description;info43@hotel.com;Ukraine;Kyiv;Shevchenka;44;Double;4;227;194;2024-04-11;2024-04-17;pending;2;Good hotel;2024-04-11
44;Hilton;Hilton City Inn;City Inn description;info44@hotel.com;Ukraine;Kyiv;Shevchenka;22;Suite;1;163;426;2024-08-28;2024-08-31;pending;5;Good hotel;2024-08-28
45;Radisson;Radisson Grand Hotel;Grand Hotel description;info45@hotel.com;Ukraine;Lviv;Shevchenka;72;Double;2;252;385;2024-01-10;2024-01-11;checked-in;1;Good hotel;2024-01-10
46;Hyatt;Hyatt Sea View;Sea View description;info46@hotel.com;Ukraine;Odesa;Shevchenka;24;Double;4;99;459;2024-06-07;2024-06-09;checked-out;2;Good hotel;2024-06-07
47;Hilton;Hilton City Inn;City Inn description;info47@hotel.com;Ukraine;Kyiv;Shevchenka;27;Single;3;167;69;2024-08-17;2024-08-18;confirmed;3;Good hotel;2024-08-17
48;Radisson;Radisson Sea View;Sea View description;info48@hotel.com;Ukraine;Dnipro;Shevchenka;98;Single;1;121;158;2024-04-26;2024-04-27;confirmed;2;Good hotel;2024-04-26
49;Hilton;Hilton Mountain Resort;Mountain Resort description;info49@hotel.com;Ukraine;Lviv;Shevchenka;43;Double;2;151;127;2024-01-31;2024-02-02;checked-out;4;Good hotel;2024-01-31
50;Hyatt;Hyatt Sea View;Sea View description;info50@hotel.com;Ukraine;Kyiv;Shevchenka;95;Double;4;258;403;2024-08-14;2024-08-20;pending;1;Good hotel;2024-08-14
51;Hilton;Hilton Mountain Resort;Mountain Resort description;info51@hotel.com;Ukraine;Kyiv;Shevchenka;27;Double;1;166;419;2024-10-09;2024-10-10;checked-in;1;Good hotel;2024-10-09
52;Hilton;Hilton Sea View;Sea View description;info52@hotel.com;Ukraine;Odesa;Shevchenka;58;Double;1;99;234;2024-03-18;2024-03-19;checked-in;5;Good hotel;2024-03-18
53;Accor;Accor Grand Hotel;Grand Hotel description;info53@hotel.com;Ukraine;Odesa;Shevchenka;12;Suite;3;57;144;2024-12-21;2024-12-25;confirmed;1;Good hotel;2024-12-21
54;Accor;Accor City Inn;City Inn description;info54@hotel.com;Ukraine;Odesa;Shevchenka;81;Single;4;171;232;2024-05-21;2024-05-27;checked-in;5;Good hotel;2024-05-21
55;Hyatt;Hyatt Grand Hotel;Grand Hotel description;info55@hotel.com;Ukraine;Odesa;Shevchenka;53;Single;3;77;43;2024-03-01;2024-03-06;pending;3;Good hotel;2024-03-01
56;Radisson;Radisson Mountain Resort;Mountain Resort description;info56@hotel.com;Ukraine;Lviv;Shevchenka;80;Single;3;261;243;2024-01-28;2024-01-31;checked-in;1;Good hotel;2024-01-28
57;Hyatt;Hyatt Sea View;Sea View description;info57@hotel.com;Ukraine;Kyiv;Shevchenka;69;Suite;3;115;389;2024-10-05;2024-10-11;pending;3;Good hotel;2024-10-05
58;Radisson;Radisson City Inn;City Inn description;info58@hotel.com;Ukraine;Odesa;Shevchenka;36;Single;3;64;191;2024-02-23;2024-02-29;confirmed;3;Good hotel;2024-02-23
59;Hilton;Hilton Grand Hotel;Grand Hotel description;info59@hotel.com;Ukraine;Dnipro;Shevchenka;93;Double;1;234;90;2024-07-05;2024-07-06;pending;4;Good hotel;2024-07-05
60;Marriott;Marriott Grand Hotel;Grand Hotel description;info60@hotel.com;Ukraine;Odesa;Shevchenka;56;Single;4;218;275;2024-08-24;2024-08-25;confirmed;1;Good hotel;2024-08-24
61;Marriott;Marriott Mountain Resort;Mountain Resort description;info61@hotel.com;Ukraine;Dnipro;Shevchenka;58;Single;4;167;18;2024-11-11;2024-11-14;pending;2;Good hotel;2024-11-11
62;Hilton;Hilton Sea View;Sea View description;info62@hotel.com;Ukraine;Odesa;Shevchenka;21;Double;4;161;358;2024-06-02;2024-06-09;confirmed;5;Good hotel;2024-06-02
63;Accor;Accor Sea View;Sea View description;info63@hotel.com;Ukraine;Lviv;Shevchenka;79;Suite;1;205;476;2024-05-05;2024-05-07;checked-in;4;Good hotel;2024-05-05
64;Hilton;Hilton Sea View;Sea View description;info64@hotel.com;Ukraine;Dnipro;Shevchenka;58;Suite;3;148;376;2024-08-31;2024-09-01;confirmed;2;Good hotel;2024-08-31
65;Hilton;Hilton City Inn;City Inn description;info65@hotel.com;Ukraine;Lviv;Shevchenka;64;Single;3;181;67;2024-10-18;2024-10-23;checked-out;4;Good hotel;2024-10-18
66;Accor;Accor Grand Hotel;Grand Hotel description;info66@hotel.com;Ukraine;Dnipro;Shevchenka;77;Suite;4;120;99;2024-05-22;2024-05-24;checked-out;5;Good hotel;2024-05-22
67;Hyatt;Hyatt Mountain Resort;Mountain Resort description;info67@hotel.com;Ukraine;Odesa;Shevchenka;92;Suite;3;92;224;2024-04-11;2024-04-16;checked-in;1;Good hotel;2024-04-11
68;Hyatt;Hyatt City Inn;City Inn description;info68@hotel.com;Ukraine;Lviv;Shevchenka;85;Single;3;92;198;2024-11-03;2024-11-10;confirmed;2;Good hotel;2024-11-03
69;Accor;Accor Grand Hotel;Grand Hotel description;info69@hotel.com;Ukraine;Dnipro;Shevchenka;47;Single;4;120;472;2024-09-04;2024-09-06;confirmed;5;Good hotel;2024-09-04
70;Hyatt;Hyatt Grand Hotel;Grand Hotel description;info70@hotel.com;Ukraine;Lviv;Shevchenka;33;Double;4;136;32;2024-02-17;2024-02-22;checked-out;1;Good hotel;2024-02-17
71;Hyatt;Hyatt Mountain Resort;Mountain Resort description;info71@hotel.com;Ukraine;Odesa;Shevchenka;67;Single;4;300;336;2024-01-16;2024-01-20;checked-out;1;Good hotel;2024-01-16
72;Accor;Accor Sea View;Sea View description;info72@hotel.com;Ukraine;Kyiv;Shevchenka;27;Suite;3;144;205;2024-07-11;2024-07-14;confirmed;1;Good hotel;2024-07-11
73;Radisson;Radisson Mountain Resort;Mountain Resort description;info73@hotel.com;Ukraine;Odesa;Shevchenka;52;Double;1;129;297;2024-05-04;2024-05-06;checked-out;5;Good hotel;2024-05-04
74;Marriott;Marriott Sea View;Sea View description;info74@hotel.com;Ukraine;Odesa;Shevchenka;97;Double;2;152;82;2024-02-19;2024-02-25;checked-in;1;Good hotel;2024-02-19
75;Hyatt;Hyatt Sea View;Sea View description;info75@hotel.com;Ukraine;Odesa;Shevchenka;63;Double;3;255;438;2024-01-05;2024-01-09;checked-in;5;Good hotel;2024-01-05
76;Hilton;Hilton Mountain Resort;Mountain Resort description;info76@hotel.com;Ukraine;Lviv;Shevchenka;70;Single;2;193;317;2024-09-30;2024-10-01;checked-out;1;Good hotel;2024-09-30
77;Radisson;Radisson Grand Hotel;Grand Hotel description;info77@hotel.com;Ukraine;Kyiv;Shevchenka;61;Single;4;154;129;2024-06-25;2024-07-01;confirmed;3;Good hotel;2024-06-25
78;Hyatt;Hyatt Grand Hotel;Grand Hotel description;info78@hotel.com;Ukraine;Kyiv;Shevchenka;84;Double;3;55;449;2024-02-23;2024-03-01;confirmed;4;Good hotel;2024-02-23
79;Marriott;Marriott Mountain Resort;Mountain Resort description;info79@hotel.com;Ukraine;Odesa;Shevchenka;81;Double;2;277;347;2024-05-01;2024-05-08;checked-out;4;Good hotel;2024-05-01
80;Accor;Accor Grand Hotel;Grand Hotel description;info80@hotel.com;Ukraine;Dnipro;Shevchenka;40;Double;1;110;475;2024-01-20;2024-01-22;checked-out;1;Good hotel;2024-01-20
81;Accor;Accor City Inn;City Inn description;info81@hotel.com;Ukraine;Kyiv;Shevchenka;68;Suite;1;270;469;2024-09-04;2024-09-05;checked-in;2;Good hotel;2024-09-04
82;Hyatt;Hyatt City Inn;City Inn description;info82@hotel.com;Ukraine;Kyiv;Shevchenka;23;Double;2;145;373;2024-02-27;2024-03-01;checked-out;5;Good hotel;2024-02-27
83;Accor;Accor Sea View;Sea View description;info83@hotel.com;Ukraine;Dnipro;Shevchenka;17;Suite;4;123;216;2024-01-23;2024-01-25;checked-in;3;Good hotel;2024-01-23
84;Accor;Accor City Inn;City Inn description;info84@hotel.com;Ukraine;Kyiv;Shevchenka;56;Single;1;177;274;2024-12-30;2025-01-05;checked-out;1;Good hotel;2024-12-30
85;Radisson;Radisson Mountain Resort;Mountain Resort description;info85@hotel.com;Ukraine;Dnipro;Shevchenka;33;Double;2;187;160;2024-01-23;2024-01-26;pending;3;Good hotel;2024-01-23
86;Hilton;Hilton City Inn;City Inn description;info86@hotel.com;Ukraine;Lviv;Shevchenka;79;Double;1;131;495;2024-02-23;2024-02-29;pending;2;Good hotel;2024-02-23
87;Radisson;Radisson City Inn;City Inn description;info87@hotel.com;Ukraine;Lviv;Shevchenka;34;Double;3;259;147;2024-06-02;2024-06-05;pending;5;Good hotel;2024-06-02
88;Hyatt;Hyatt City Inn;City Inn description;info88@hotel.com;Ukraine;Lviv;Shevchenka;51;Single;1;102;23;2024-12-07;2024-12-14;pending;3;Good hotel;2024-12-07
89;Hilton;Hilton City Inn;City Inn description;info89@hotel.com;Ukraine;Lviv;Shevchenka;56;Suite;1;111;33;2024-04-03;2024-04-07;checked-in;1;Good hotel;2024-04-03
90;Hilton;Hilton City Inn;City Inn description;info90@hotel.com;Ukraine;Dnipro;Shevchenka;1;Suite;4;263;328;2024-10-22;2024-10-27;pending;3;Good hotel;2024-10-22
91;Marriott;Marriott Mountain Resort;Mountain Resort description;info91@hotel.com;Ukraine;Kyiv;Shevchenka;73;Single;2;166;143;2024-03-05;2024-03-12;pending;2;Good hotel;2024-03-05
92;Marriott;Marriott Sea View;Sea View description;info92@hotel.com;Ukraine;Dnipro;Shevchenka;5;Single;1;133;478;2024-11-15;2024-11-17;checked-in;1;Good hotel;2024-11-15
93;Hilton;Hilton City Inn;City Inn description;info93@hotel.com;Ukraine;Kyiv;Shevchenka;19;Suite;4;213;478;2024-12-31;2025-01-01;confirmed;2;Good hotel;2024-12-31
94;Marriott;Marriott City Inn;City Inn description;info94@hotel.com;Ukraine;Kyiv;Shevchenka;33;Double;3;106;356;2024-01-28;2024-02-04;confirmed;3;Good hotel;2024-01-28
95;Accor;Accor Sea View;Sea View description;info95@hotel.com;Ukraine;Dnipro;Shevchenka;79;Suite;4;227;90;2024-11-15;2024-11-16;checked-in;2;Good hotel;2024-11-15
96;Marriott;Marriott Grand Hotel;Grand Hotel description;info96@hotel.com;Ukraine;Dnipro;Shevchenka;41;Single;4;211;193;2024-08-14;2024-08-18;confirmed;4;Good hotel;2024-08-14
97;Marriott;Marriott City Inn;City Inn description;info97@hotel.com;Ukraine;Odesa;Shevchenka;54;Suite;3;146;264;2024-11-10;2024-11-13;checked-in;5;Good hotel;2024-11-10
98;Hilton;Hilton Sea View;Sea View description;info98@hotel.com;Ukraine;Dnipro;Shevchenka;48;Single;2;192;252;2024-06-02;2024-06-05;pending;4;Good hotel;2024-06-02
99;Hilton;Hilton City Inn;City Inn description;info99@hotel.com;Ukraine;Kyiv;Shevchenka;73;Double;2;292;58;2024-04-09;2024-04-11;checked-in;2;Good hotel;2024-04-09
100;Marriott;Marriott Sea View;Sea View description;info100@hotel.com;Ukraine;Dnipro;Shevchenka;56;Single;4;169;331;2024-02-21;2024-02-24;checked-out;5;Good hotel;2024-02-21
101;Hyatt;Hyatt Sea View;Sea View description;info101@hotel.com;Ukraine;Odesa;Shevchenka;21;Single;3;299;202;2024-09-07;2024-09-08;confirmed;5;Good hotel;2024-09-07
102;Radisson;Radisson City Inn;City Inn description;info102@hotel.com;Ukraine;Lviv;Shevchenka;69;Single;2;280;298;2024-12-24;2024-12-26;checked-out;5;Good hotel;2024-12-24
103;Marriott;Marriott City Inn;City Inn description;info103@hotel.com;Ukraine;Lviv;Shevchenka;47;Single;4;209;108;2024-02-23;2024-02-24;pending;2;Good hotel;2024-02-23
104;Radisson;Radisson Mountain Resort;Mountain Resort description;info104@hotel.com;Ukraine;Lviv;Shevchenka;97;Double;2;68;14;2024-01-13;2024-01-18;pending;5;Good hotel;2024-01-13
105;Hilton;Hilton City Inn;City Inn description;info105@hotel.com;Ukraine;Odesa;Shevchenka;94;Double;2;201;436;2024-10-20;2024-10-22;pending;3;Good hotel;2024-10-20
106;Radisson;Radisson City Inn;City Inn description;info106@hotel.com;Ukraine;Odesa;Shevchenka;84;Single;4;205;201;2024-03-26;2024-03-29;pending;2;Good hotel;2024-03-26
107;Hyatt;Hyatt Grand Hotel;Grand Hotel description;info107@hotel.com;Ukraine;Odesa;Shevchenka;8;Double;1;155;70;2024-03-31;2024-04-07;confirmed;4;Good hotel;2024-03-31
108;Accor;Accor Mountain Resort;Mountain Resort description;info108@hotel.com;Ukraine;Odesa;Shevchenka;30;Double;3;252;14;2024-06-21;2024-06-25;pending;5;Good hotel;2024-06-21
109;Accor;Accor Mountain Resort;Mountain Resort description;info109@hotel.com;Ukraine;Dnipro;Shevchenka;85;Suite;4;244;281;2024-11-05;2024-11-08;confirmed;1;Good hotel;2024-11-05
110;Radisson;Radisson Mountain Resort;Mountain Resort description;info110@hotel.com;Ukraine;Dnipro;Shevchenka;70;Suite;1;203;437;2024-03-19;2024-03-21;confirmed;2;Good hotel;2024-03-19
111;Hyatt;Hyatt Sea View;Sea View description;info111@hotel.com;Ukraine;Lviv;Shevchenka;25;Suite;3;285;54;2024-09-10;2024-09-12;checked-in;5;Good hotel;2024-09-10
112;Accor;Accor Sea View;Sea View description;info112@hotel.com;Ukraine;Dnipro;Shevchenka;85;Single;4;92;459;2024-10-17;2024-10-24;confirmed;4;Good hotel;2024-10-17
113;Hyatt;Hyatt City Inn;City Inn description;info113@hotel.com;Ukraine;Dnipro;Shevchenka;47;Suite;2;55;242;2024-11-06;2024-11-07;confirmed;5;Good hotel;2024-11-06
114;Hilton;Hilton Sea View;Sea View description;info114@hotel.com;Ukraine;Kyiv;Shevchenka;26;Double;4;218;259;2024-11-20;2024-11-26;checked-in;1;Good hotel;2024-11-20
115;Radisson;Radisson Mountain Resort;Mountain Resort description;info115@hotel.com;Ukraine;Kyiv;Shevchenka;19;Double;1;136;464;2024-06-22;2024-06-23;checked-out;5;Good hotel;2024-06-22
116;Hyatt;Hyatt Mountain Resort;Mountain Resort description;info116@hotel.com;Ukraine;Dnipro;Shevchenka;72;Double;4;103;113;2024-04-02;2024-04-04;checked-in;1;Good hotel;2024-04-02
117;Hilton;Hilton City Inn;City Inn description;info117@hotel.com;Ukraine;Odesa;Shevchenka;66;Single;2;255;241;2024-06-01;2024-06-08;checked-out;3;Good hotel;2024-06-01
118;Accor;Accor City Inn;City Inn description;info118@hotel.com;Ukraine;Lviv;Shevchenka;27;Single;1;281;170;2024-01-03;2024-01-05;confirmed;3;Good hotel;2024-01-03
119;Marriott;Marriott Mountain Resort;Mountain Resort description;info119@hotel.com;Ukraine;Odesa;Shevchenka;24;Double;1;196;150;2024-12-28;2025-01-02;checked-in;5;Good hotel;2024-12-28
120;Hyatt;Hyatt City Inn;City Inn description;info120@hotel.com;Ukraine;Dnipro;Shevchenka;76;Single;3;65;458;2024-04-09;2024-04-12;checked-out;4;Good hotel;2024-04-09
121;Radisson;Radisson Mountain Resort;Mountain Resort description;info121@hotel.com;Ukraine;Lviv;Shevchenka;76;Suite;4;223;31;2024-09-02;2024-09-06;confirmed;5;Good hotel;2024-09-02
122;Marriott;Marriott City Inn;City Inn description;info122@hotel.com;Ukraine;Kyiv;Shevchenka;87;Single;4;78;26;2024-11-07;2024-11-08;checked-out;2;Good hotel;2024-11-07
123;Hilton;Hilton Mountain Resort;Mountain Resort description;info123@hotel.com;Ukraine;Lviv;Shevchenka;81;Suite;4;280;336;2024-12-06;2024-12-09;checked-in;5;Good hotel;2024-12-06
124;Marriott;Marriott Mountain Resort;Mountain Resort description;info124@hotel.com;Ukraine;Odesa;Shevchenka;34;Suite;4;168;9;2024-04-21;2024-04-28;checked-in;4;Good hotel;2024-04-21
125;Hilton;Hilton Grand Hotel;Grand Hotel description;info125@hotel.com;Ukraine;Odesa;Shevchenka;38;Double;4;124;404;2024-01-31;2024-02-02;checked-out;4;Good hotel;2024-01-31
126;Marriott;Marriott Mountain Resort;Mountain Resort description;info126@hotel.com;Ukraine;Dnipro;Shevchenka;60;Suite;2;70;263;2024-03-06;2024-03-11;pending;5;Good hotel;2024-03-06
127;Hilton;Hilton Sea View;Sea View description;info127@hotel.com;Ukraine;Kyiv;Shevchenka;25;Single;4;120;288;2024-02-13;2024-02-14;checked-in;3;Good hotel;2024-02-13
128;Hyatt;Hyatt Mountain Resort;Mountain Resort description;info128@hotel.com;Ukraine;Lviv;Shevchenka;53;Suite;3;187;169;2024-04-22;2024-04-26;confirmed;4;Good hotel;2024-04-22
129;Hyatt;Hyatt Sea View;Sea View description;info129@hotel.com;Ukraine;Odesa;Shevchenka;41;Double;1;117;350;2024-02-01;2024-02-02;checked-in;1;Good hotel;2024-02-01
130;Marriott;Marriott Mountain Resort;Mountain Resort description;info130@hotel.com;Ukraine;Odesa;Shevchenka;57;Single;1;282;111;2024-09-03;2024-09-09;checked-in;3;Good hotel;2024-09-03
131;Hilton;Hilton City Inn;City Inn description;info131@hotel.com;Ukraine;Dnipro;Shevchenka;1;Suite;4;199;2;2024-06-01;2024-06-04;pending;1;Good hotel;2024-06-01
132;Accor;Accor Grand Hotel;Grand Hotel description;info132@hotel.com;Ukraine;Lviv;Shevchenka;5;Single;1;165;90;2024-11-20;2024-11-22;confirmed;3;Good hotel;2024-11-20
133;Radisson;Radisson Sea View;Sea View description;info133@hotel.com;Ukraine;Kyiv;Shevchenka;75;Double;3;258;115;2024-10-22;2024-10-24;checked-in;3;Good hotel;2024-10-22
134;Radisson;Radisson Mountain Resort;Mountain Resort description;info134@hotel.com;Ukraine;Dnipro;Shevchenka;47;Suite;3;244;316;2024-04-10;2024-04-12;confirmed;4;Good hotel;2024-04-10
135;Radisson;Radisson Mountain Resort;Mountain Resort description;info135@hotel.com;Ukraine;Odesa;Shevchenka;47;Double;1;167;365;2024-07-18;2024-07-20;confirmed;2;Good hotel;2024-07-18
136;Hilton;Hilton Mountain Resort;Mountain Resort description;info136@hotel.com;Ukraine;Dnipro;Shevchenka;80;Double;2;197;276;2024-03-18;2024-03-24;confirmed;3;Good hotel;2024-03-18
137;Radisson;Radisson Sea View;Sea View description;info137@hotel.com;Ukraine;Odesa;Shevchenka;69;Double;4;175;479;2024-11-05;2024-11-10;checked-in;2;Good hotel;2024-11-05
138;Hilton;Hilton Mountain Resort;Mountain Resort description;info138@hotel.com;Ukraine;Dnipro;Shevchenka;20;Double;2;134;442;2024-12-20;2024-12-27;checked-in;1;Good hotel;2024-12-20
139;Marriott;Marriott Mountain Resort;Mountain Resort description;info139@hotel.com;Ukraine;Lviv;Shevchenka;11;Double;4;285;302;2024-11-09;2024-11-15;checked-out;3;Good hotel;2024-11-09
140;Hilton;Hilton City Inn;City Inn description;info140@hotel.com;Ukraine;Lviv;Shevchenka;61;Single;1;209;66;2024-12-15;2024-12-22;checked-in;1;Good hotel;2024-12-15
141;Accor;Accor Grand Hotel;Grand Hotel description;info141@hotel.com;Ukraine;Dnipro;Shevchenka;20;Double;4;191;197;2024-03-19;2024-03-22;confirmed;2;Good hotel;2024-03-19
142;Hyatt;Hyatt Sea View;Sea View description;info142@hotel.com;Ukraine;Lviv;Shevchenka;58;Double;2;210;336;2024-01-13;2024-01-16;checked-in;4;Good hotel;2024-01-13
143;Hyatt;Hyatt Mountain Resort;Mountain Resort description;info143@hotel.com;Ukraine;Lviv;Shevchenka;20;Suite;3;260;336;2024-10-17;2024-10-23;checked-out;2;Good hotel;2024-10-17
144;Hilton;Hilton City Inn;City Inn description;info144@hotel.com;Ukraine;Lviv;Shevchenka;97;Suite;1;264;165;2024-02-07;2024-02-10;checked-in;5;Good hotel;2024-02-07
145;Hilton;Hilton City Inn;City Inn description;info145@hotel.com;Ukraine;Lviv;Shevchenka;80;Single;3;275;412;2024-09-06;2024-09-11;checked-out;2;Good hotel;2024-09-06
146;Accor;Accor Sea View;Sea View description;info146@hotel.com;Ukraine;Odesa;Shevchenka;41;Suite;2;83;494;2024-04-06;2024-04-08;checked-out;4;Good hotel;2024-04-06
147;Marriott;Marriott Mountain Resort;Mountain Resort description;info147@hotel.com;Ukraine;Kyiv;Shevchenka;53;Suite;3;144;166;2024-01-23;2024-01-24;checked-out;1;Good hotel;2024-01-23
148;Accor;Accor Grand Hotel;Grand Hotel description;info148@hotel.com;Ukraine;Dnipro;Shevchenka;75;Suite;3;146;172;2024-07-27;2024-07-30;checked-in;3;Good hotel;2024-07-27
149;Hyatt;Hyatt Grand Hotel;Grand Hotel description;info149@hotel.com;Ukraine;Kyiv;Shevchenka;89;Double;2;127;337;2024-06-26;2024-06-30;confirmed;2;Good hotel;2024-06-26
150;Hilton;Hilton Sea View;Sea View description;info150@hotel.com;Ukraine;Kyiv;Shevchenka;31;Suite;1;92;127;2024-03-26;2024-04-02;checked-in;4;Good hotel;2024-03-26
151;Hilton;Hilton City Inn;City Inn description;info151@hotel.com;Ukraine;Dnipro;Shevchenka;99;Single;2;209;94;2024-05-22;2024-05-27;checked-in;1;Good hotel;2024-05-22
152;Hilton;Hilton Grand Hotel;Grand Hotel description;info152@hotel.com;Ukraine;Dnipro;Shevchenka;34;Single;4;300;134;2024-07-27;2024-08-01;checked-in;1;Good hotel;2024-07-27
153;Hyatt;Hyatt Grand Hotel;Grand Hotel description;info153@hotel.com;Ukraine;Dnipro;Shevchenka;15;Double;1;158;155;2024-12-14;2024-12-17;confirmed;4;Good hotel;2024-12-14
154;Hyatt;Hyatt Mountain Resort;Mountain Resort description;info154@hotel.com;Ukraine;Kyiv;Shevchenka;56;Double;4;282;250;2024-02-03;2024-02-06;checked-in;2;Good hotel;2024-02-03
155;Hyatt;Hyatt Sea View;Sea View description;info155@hotel.com;Ukraine;Odesa;Shevchenka;20;Double;2;133;256;2024-12-01;2024-12-06;checked-in;1;Good hotel;2024-12-01
156;Marriott;Marriott Sea View;Sea View description;info156@hotel.com;Ukraine;Kyiv;Shevchenka;54;Suite;2;71;400;2024-03-19;2024-03-25;pending;4;Good hotel;2024-03-19
157;Accor;Accor Mountain Resort;Mountain Resort description;info157@hotel.com;Ukraine;Kyiv;Shevchenka;41;Single;1;83;213;2024-09-02;2024-09-08;confirmed;1;Good hotel;2024-09-02
158;Hyatt;Hyatt Sea View;Sea View description;info158@hotel.com;Ukraine;Dnipro;Shevchenka;93;Single;2;62;433;2024-03-30;2024-04-01;pending;1;Good hotel;2024-03-30
159;Marriott;Marriott City Inn;City Inn description;info159@hotel.com;Ukraine;Kyiv;Shevchenka;23;Single;4;83;351;2024-11-28;2024-12-02;checked-out;4;Good hotel;2024-11-28
160;Radisson;Radisson Grand Hotel;Grand Hotel description;info160@hotel.com;Ukraine;Odesa;Shevchenka;8;Double;2;250;404;2024-01-14;2024-01-20;checked-out;3;Good hotel;2024-01-14
161;Marriott;Marriott Sea View;Sea View description;info161@hotel.com;Ukraine;Kyiv;Shevchenka;64;Single;1;230;434;2024-05-10;2024-05-12;checked-out;1;Good hotel;2024-05-10
162;Hilton;Hilton City Inn;City Inn description;info162@hotel.com;Ukraine;Lviv;Shevchenka;69;Double;2;238;391;2024-05-07;2024-05-13;confirmed;3;Good hotel;2024-05-07
163;Accor;Accor Sea View;Sea View description;info163@hotel.com;Ukraine;Lviv;Shevchenka;49;Suite;3;50;201;2024-06-24;2024-06-30;checked-in;3;Good hotel;2024-06-24
164;Hyatt;Hyatt City Inn;City Inn description;info164@hotel.com;Ukraine;Dnipro;Shevchenka;13;Suite;4;160;492;2024-10-20;2024-10-24;checked-out;2;Good hotel;2024-10-20
165;Marriott;Marriott Mountain Resort;Mountain Resort description;info165@hotel.com;Ukraine;Lviv;Shevchenka;79;Single;2;201;140;2024-03-04;2024-03-10;checked-out;2;Good hotel;2024-03-04
166;Radisson;Radisson Mountain Resort;Mountain Resort description;info166@hotel.com;Ukraine;Lviv;Shevchenka;44;Double;3;182;68;2024-06-05;2024-06-10;confirmed;4;Good hotel;2024-06-05
167;Accor;Accor Sea View;Sea View description;info167@hotel.com;Ukraine;Lviv;Shevchenka;44;Double;3;200;235;2024-04-11;2024-04-13;checked-out;4;Good hotel;2024-04-11
168;Accor;Accor Mountain Resort;Mountain Resort description;info168@hotel.com;Ukraine;Dnipro;Shevchenka;6;Suite;1;239;309;2024-11-29;2024-12-04;confirmed;4;Good hotel;2024-11-29
169;Radisson;Radisson Sea View;Sea View description;info169@hotel.com;Ukraine;Kyiv;Shevchenka;97;Double;4;170;61;2024-08-22;2024-08-29;confirmed;5;Good hotel;2024-08-22
170;Marriott;Marriott Grand Hotel;Grand Hotel description;info170@hotel.com;Ukraine;Odesa;Shevchenka;24;Single;1;141;353;2024-09-29;2024-10-06;checked-in;4;Good hotel;2024-09-29
171;Accor;Accor City Inn;City Inn description;info171@hotel.com;Ukraine;Dnipro;Shevchenka;15;Suite;1;82;498;2024-01-13;2024-01-15;pending;1;Good hotel;2024-01-13
172;Hyatt;Hyatt Grand Hotel;Grand Hotel description;info172@hotel.com;Ukraine;Kyiv;Shevchenka;1;Single;4;94;372;2024-11-06;2024-11-13;confirmed;4;Good hotel;2024-11-06
173;Marriott;Marriott City Inn;City Inn description;info173@hotel.com;Ukraine;Lviv;Shevchenka;24;Double;4;214;176;2024-04-21;2024-04-23;checked-in;1;Good hotel;2024-04-21
174;Radisson;Radisson Mountain Resort;Mountain Resort description;info174@hotel.com;Ukraine;Lviv;Shevchenka;49;Suite;3;284;132;2024-06-07;2024-06-08;checked-in;5;Good hotel;2024-06-07
175;Hyatt;Hyatt Mountain Resort;Mountain Resort description;info175@hotel.com;Ukraine;Lviv;Shevchenka;48;Double;2;188;387;2024-08-27;2024-09-03;pending;2;Good hotel;2024-08-27
176;Hilton;Hilton City Inn;City Inn description;info176@hotel.com;Ukraine;Dnipro;Shevchenka;99;Suite;1;78;16;2024-06-05;2024-06-06;checked-out;1;Good hotel;2024-06-05
177;Hyatt;Hyatt Grand Hotel;Grand Hotel description;info177@hotel.com;Ukraine;Odesa;Shevchenka;49;Single;3;209;178;2024-04-25;2024-05-01;checked-in;5;Good hotel;2024-04-25
178;Hyatt;Hyatt Grand Hotel;Grand Hotel description;info178@hotel.com;Ukraine;Dnipro;Shevchenka;93;Single;1;183;483;2024-12-13;2024-12-15;confirmed;2;Good hotel;2024-12-13
179;Radisson;Radisson Mountain Resort;Mountain Resort description;info179@hotel.com;Ukraine;Odesa;Shevchenka;78;Suite;4;264;43;2024-07-25;2024-07-29;pending;1;Good hotel;2024-07-25
180;Hilton;Hilton City Inn;City Inn description;info180@hotel.com;Ukraine;Lviv;Shevchenka;75;Suite;4;72;366;2024-08-26;2024-08-31;pending;4;Good hotel;2024-08-26
181;Hilton;Hilton Grand Hotel;Grand Hotel description;info181@hotel.com;Ukraine;Odesa;Shevchenka;65;Single;1;208;231;2024-06-21;2024-06-27;pending;1;Good hotel;2024-06-21
182;Hyatt;Hyatt Sea View;Sea View description;info182@hotel.com;Ukraine;Dnipro;Shevchenka;40;Double;2;158;296;2024-01-28;2024-02-01;checked-out;3;Good hotel;2024-01-28
183;Hilton;Hilton Mountain Resort;Mountain Resort description;info183@hotel.com;Ukraine;Dnipro;Shevchenka;85;Suite;1;125;305;2024-06-14;2024-06-17;checked-out;3;Good hotel;2024-06-14
184;Hyatt;Hyatt City Inn;City Inn description;info184@hotel.com;Ukraine;Kyiv;Shevchenka;52;Suite;4;223;326;2024-10-23;2024-10-28;confirmed;2;Good hotel;2024-10-23
185;Accor;Accor Sea View;Sea View description;info185@hotel.com;Ukraine;Dnipro;Shevchenka;93;Double;2;188;125;2024-10-16;2024-10-19;checked-out;3;Good hotel;2024-10-16
186;Radisson;Radisson Grand Hotel;Grand Hotel description;info186@hotel.com;Ukraine;Kyiv;Shevchenka;38;Suite;1;177;308;2024-06-27;2024-06-29;confirmed;3;Good hotel;2024-06-27
187;Accor;Accor Grand Hotel;Grand Hotel description;info187@hotel.com;Ukraine;Lviv;Shevchenka;91;Double;3;117;436;2024-08-29;2024-08-30;checked-out;2;Good hotel;2024-08-29
188;Radisson;Radisson City Inn;City Inn description;info188@hotel.com;Ukraine;Lviv;Shevchenka;43;Suite;3;281;36;2024-03-25;2024-03-28;confirmed;2;Good hotel;2024-03-25
189;Hilton;Hilton Sea View;Sea View description;info189@hotel.com;Ukraine;Lviv;Shevchenka;53;Suite;2;108;281;2024-04-09;2024-04-12;confirmed;2;Good hotel;2024-04-09
190;Hilton;Hilton City Inn;City Inn description;info190@hotel.com;Ukraine;Dnipro;Shevchenka;18;Single;2;127;298;2024-08-08;2024-08-15;checked-out;2;Good hotel;2024-08-08
191;Radisson;Radisson Sea View;Sea View description;info191@hotel.com;Ukraine;Odesa;Shevchenka;86;Suite;1;133;398;2024-09-03;2024-09-10;checked-out;4;Good hotel;2024-09-03
192;Marriott;Marriott Sea View;Sea View description;info192@hotel.com;Ukraine;Odesa;Shevchenka;73;Suite;3;210;191;2024-07-31;2024-08-07;confirmed;5;Good hotel;2024-07-31
193;Radisson;Radisson Grand Hotel;Grand Hotel description;info193@hotel.com;Ukraine;Odesa;Shevchenka;87;Double;1;81;288;2024-01-30;2024-02-01;checked-in;5;Good hotel;2024-01-30
194;Radisson;Radisson Grand Hotel;Grand Hotel description;info194@hotel.com;Ukraine;Odesa;Shevchenka;94;Single;2;150;261;2024-05-01;2024-05-08;checked-out;3;Good hotel;2024-05-01
195;Accor;Accor Grand Hotel;Grand Hotel description;info195@hotel.com;Ukraine;Odesa;Shevchenka;59;Single;3;78;317;2024-06-24;2024-06-27;checked-out;2;Good hotel;2024-06-24
196;Accor;Accor Sea View;Sea View description;info196@hotel.com;Ukraine;Kyiv;Shevchenka;38;Single;3;223;307;2024-08-26;2024-08-28;pending;5;Good hotel;2024-08-26
197;Hyatt;Hyatt Sea View;Sea View description;info197@hotel.com;Ukraine;Dnipro;Shevchenka;78;Suite;1;90;398;2024-02-05;2024-02-07;checked-out;5;Good hotel;2024-02-05
198;Marriott;Marriott Grand Hotel;Grand Hotel description;info198@hotel.com;Ukraine;Dnipro;Shevchenka;48;Double;2;201;489;2024-09-06;2024-09-12;checked-out;4;Good hotel;2024-09-06
199;Accor;Accor Sea View;Sea View description;info199@hotel.com;Ukraine;Dnipro;Shevchenka;24;Double;4;104;351;2024-12-31;2025-01-06;checked-out;5;Good hotel;2024-12-31
200;Hilton;Hilton Sea View;Sea View description;info200@hotel.com;Ukraine;Dnipro;Shevchenka;65;Single;4;176;17;2024-01-07;2024-01-13;checked-in;3;Good hotel;2024-01-07
201;Hilton;Hilton Grand Hotel;Grand Hotel description;info201@hotel.com;Ukraine;Kyiv;Shevchenka;30;Double;4;213;102;2024-04-04;2024-04-08;pending;2;Good hotel;2024-04-04
202;Accor;Accor Sea View;Sea View description;info202@hotel.com;Ukraine;Odesa;Shevchenka;24;Suite;2;104;162;2024-05-27;2024-05-28;checked-out;2;Good hotel;2024-05-27
203;Accor;Accor City Inn;City Inn description;info203@hotel.com;Ukraine;Lviv;Shevchenka;62;Single;3;240;263;2024-03-28;2024-03-30;confirmed;5;Good hotel;2024-03-28
204;Hyatt;Hyatt Grand Hotel;Grand Hotel description;info204@hotel.com;Ukraine;Lviv;Shevchenka;81;Suite;3;245;358;2024-06-25;2024-06-27;checked-out;5;Good hotel;2024-06-25
205;Radisson;Radisson Grand Hotel;Grand Hotel description;info205@hotel.com;Ukraine;Odesa;Shevchenka;13;Single;4;74;339;2024-03-10;2024-03-17;pending;3;Good hotel;2024-03-10
206;Hilton;Hilton Sea View;Sea View description;info206@hotel.com;Ukraine;Kyiv;Shevchenka;70;Double;4;189;356;2024-02-20;2024-02-27;confirmed;2;Good hotel;2024-02-20
207;Marriott;Marriott City Inn;City Inn description;info207@hotel.com;Ukraine;Kyiv;Shevchenka;69;Suite;3;69;18;2024-09-27;2024-09-30;pending;5;Good hotel;2024-09-27
208;Radisson;Radisson Sea View;Sea View description;info208@hotel.com;Ukraine;Kyiv;Shevchenka;69;Double;1;273;383;2024-03-26;2024-04-02;confirmed;4;Good hotel;2024-03-26
209;Accor;Accor Sea View;Sea View description;info209@hotel.com;Ukraine;Kyiv;Shevchenka;85;Suite;3;121;45;2024-04-21;2024-04-26;confirmed;3;Good hotel;2024-04-21
210;Hyatt;Hyatt Sea View;Sea View description;info210@hotel.com;Ukraine;Lviv;Shevchenka;63;Suite;4;55;351;2024-04-29;2024-05-05;pending;1;Good hotel;2024-04-29
211;Hyatt;Hyatt City Inn;City Inn description;info211@hotel.com;Ukraine;Dnipro;Shevchenka;64;Single;4;142;464;2024-10-08;2024-10-11;confirmed;4;Good hotel;2024-10-08
212;Radisson;Radisson Mountain Resort;Mountain Resort description;info212@hotel.com;Ukraine;Odesa;Shevchenka;85;Double;3;73;113;2024-06-17;2024-06-18;confirmed;4;Good hotel;2024-06-17
213;Hilton;Hilton Mountain Resort;Mountain Resort description;info213@hotel.com;Ukraine;Dnipro;Shevchenka;27;Double;1;276;386;2024-10-01;2024-10-02;checked-in;5;Good hotel;2024-10-01
214;Radisson;Radisson Mountain Resort;Mountain Resort description;info214@hotel.com;Ukraine;Kyiv;Shevchenka;70;Single;3;281;79;2024-09-29;2024-10-01;checked-in;5;Good hotel;2024-09-29
215;Marriott;Marriott Grand Hotel;Grand Hotel description;info215@hotel.com;Ukraine;Dnipro;Shevchenka;93;Suite;2;61;267;2024-10-22;2024-10-29;checked-out;5;Good hotel;2024-10-22
216;Accor;Accor Grand Hotel;Grand Hotel description;info216@hotel.com;Ukraine;Lviv;Shevchenka;28;Double;3;52;390;2024-05-13;2024-05-18;checked-in;4;Good hotel;2024-05-13
217;Marriott;Marriott Sea View;Sea View description;info217@hotel.com;Ukraine;Odesa;Shevchenka;98;Double;3;209;124;2024-10-19;2024-10-20;checked-out;3;Good hotel;2024-10-19
218;Hilton;Hilton City Inn;City Inn description;info218@hotel.com;Ukraine;Kyiv;Shevchenka;79;Single;4;132;33;2024-07-11;2024-07-15;confirmed;3;Good hotel;2024-07-11
219;Hyatt;Hyatt Grand Hotel;Grand Hotel description;info219@hotel.com;Ukraine;Odesa;Shevchenka;75;Single;4;173;359;2024-08-20;2024-08-24;checked-out;2;Good hotel;2024-08-20
220;Accor;Accor Grand Hotel;Grand Hotel description;info220@hotel.com;Ukraine;Dnipro;Shevchenka;16;Single;3;129;41;2024-10-19;2024-10-23;checked-out;1;Good hotel;2024-10-19
221;Accor;Accor City Inn;City Inn description;info221@hotel.com;Ukraine;Kyiv;Shevchenka;99;Double;1;245;206;2024-04-22;2024-04-28;pending;4;Good hotel;2024-04-22
222;Marriott;Marriott City Inn;City Inn description;info222@hotel.com;Ukraine;Kyiv;Shevchenka;30;Suite;3;152;160;2024-10-09;2024-10-13;checked-in;5;Good hotel;2024-10-09
223;Accor;Accor Sea View;Sea View description;info223@hotel.com;Ukraine;Kyiv;Shevchenka;7;Single;4;285;486;2024-07-28;2024-08-01;checked-in;5;Good hotel;2024-07-28
224;Accor;Accor Grand Hotel;Grand Hotel description;info224@hotel.com;Ukraine;Kyiv;Shevchenka;60;Suite;2;263;127;2024-09-30;2024-10-02;checked-out;2;Good hotel;2024-09-30
225;Hyatt;Hyatt Sea View;Sea View description;info225@hotel.com;Ukraine;Kyiv;Shevchenka;77;Double;2;78;165;2024-12-25;2025-01-01;confirmed;1;Good hotel;2024-12-25
226;Marriott;Marriott Mountain Resort;Mountain Resort description;info226@hotel.com;Ukraine;Kyiv;Shevchenka;55;Suite;3;164;496;2024-02-03;2024-02-04;checked-in;1;Good hotel;2024-02-03
227;Radisson;Radisson Sea View;Sea View description;info227@hotel.com;Ukraine;Dnipro;Shevchenka;98;Single;4;53;351;2024-12-16;2024-12-20;pending;4;Good hotel;2024-12-16
228;Marriott;Marriott City Inn;City Inn description;info228@hotel.com;Ukraine;Kyiv;Shevchenka;10;Suite;4;228;350;2024-08-23;2024-08-26;confirmed;5;Good hotel;2024-08-23
229;Hilton;Hilton Mountain Resort;Mountain Resort description;info229@hotel.com;Ukraine;Kyiv;Shevchenka;7;Single;3;88;61;2024-08-22;2024-08-28;checked-out;1;Good hotel;2024-08-22
230;Marriott;Marriott City Inn;City Inn description;info230@hotel.com;Ukraine;Odesa;Shevchenka;18;Single;3;133;198;2024-02-22;2024-02-29;pending;3;Good hotel;2024-02-22
231;Accor;Accor Sea View;Sea View description;info231@hotel.com;Ukraine;Lviv;Shevchenka;71;Suite;4;182;345;2024-11-14;2024-11-16;pending;4;Good hotel;2024-11-14
232;Radisson;Radisson City Inn;City Inn description;info232@hotel.com;Ukraine;Kyiv;Shevchenka;40;Single;3;108;458;2024-11-22;2024-11-25;checked-out;5;Good hotel;2024-11-22
233;Marriott;Marriott City Inn;City Inn description;info233@hotel.com;Ukraine;Kyiv;Shevchenka;33;Double;2;97;279;2024-12-26;2025-01-01;pending;2;Good hotel;2024-12-26
234;Hilton;Hilton Grand Hotel;Grand Hotel description;info234@hotel.com;Ukraine;Kyiv;Shevchenka;13;Double;4;94;388;2024-09-04;2024-09-11;confirmed;4;Good hotel;2024-09-04
235;Radisson;Radisson Mountain Resort;Mountain Resort description;info235@hotel.com;Ukraine;Kyiv;Shevchenka;65;Suite;1;62;345;2024-07-30;2024-07-31;pending;3;Good hotel;2024-07-30
236;Hilton;Hilton Grand Hotel;Grand Hotel description;info236@hotel.com;Ukraine;Odesa;Shevchenka;31;Suite;2;125;27;2024-03-12;2024-03-17;pending;3;Good hotel;2024-03-12
237;Hilton;Hilton Mountain Resort;Mountain Resort description;info237@hotel.com;Ukraine;Dnipro;Shevchenka;89;Single;1;160;273;2024-05-26;2024-05-30;confirmed;2;Good hotel;2024-05-26
238;Accor;Accor Mountain Resort;Mountain Resort description;info238@hotel.com;Ukraine;Kyiv;Shevchenka;45;Suite;2;144;299;2024-09-03;2024-09-09;confirmed;1;Good hotel;2024-09-03
239;Hyatt;Hyatt Grand Hotel;Grand Hotel description;info239@hotel.com;Ukraine;Lviv;Shevchenka;54;Single;4;157;379;2024-08-22;2024-08-25;checked-in;3;Good hotel;2024-08-22
240;Radisson;Radisson City Inn;City Inn description;info240@hotel.com;Ukraine;Dnipro;Shevchenka;85;Single;4;253;269;2024-05-12;2024-05-16;pending;5;Good hotel;2024-05-12
241;Marriott;Marriott Sea View;Sea View description;info241@hotel.com;Ukraine;Kyiv;Shevchenka;32;Suite;3;168;462;2024-01-23;2024-01-29;confirmed;2;Good hotel;2024-01-23
242;Radisson;Radisson Sea View;Sea View description;info242@hotel.com;Ukraine;Odesa;Shevchenka;72;Single;2;144;332;2024-07-30;2024-08-02;checked-out;2;Good hotel;2024-07-30
243;Accor;Accor Mountain Resort;Mountain Resort description;info243@hotel.com;Ukraine;Lviv;Shevchenka;95;Double;2;81;298;2024-10-01;2024-10-08;checked-out;3;Good hotel;2024-10-01
244;Accor;Accor Grand Hotel;Grand Hotel description;info244@hotel.com;Ukraine;Odesa;Shevchenka;68;Single;1;298;54;2024-06-19;2024-06-22;checked-in;1;Good hotel;2024-06-19
245;Accor;Accor Grand Hotel;Grand Hotel description;info245@hotel.com;Ukraine;Odesa;Shevchenka;23;Double;2;108;404;2024-07-19;2024-07-20;confirmed;2;Good hotel;2024-07-19
246;Accor;Accor Sea View;Sea View description;info246@hotel.com;Ukraine;Dnipro;Shevchenka;46;Double;3;99;121;2024-06-25;2024-06-28;pending;4;Good hotel;2024-06-25
247;Accor;Accor Sea View;Sea View description;info247@hotel.com;Ukraine;Dnipro;Shevchenka;52;Double;3;125;411;2024-09-16;2024-09-22;checked-in;3;Good hotel;2024-09-16
248;Radisson;Radisson Grand Hotel;Grand Hotel description;info248@hotel.com;Ukraine;Dnipro;Shevchenka;85;Suite;3;50;294;2024-12-11;2024-12-18;pending;3;Good hotel;2024-12-11
249;Radisson;Radisson City Inn;City Inn description;info249@hotel.com;Ukraine;Kyiv;Shevchenka;87;Suite;1;152;458;2024-04-10;2024-04-11;checked-out;2;Good hotel;2024-04-10
250;Hilton;Hilton Sea View;Sea View description;info250@hotel.com;Ukraine;Odesa;Shevchenka;31;Suite;4;95;163;2024-10-23;2024-10-29;confirmed;5;Good hotel;2024-10-23
251;Marriott;Marriott Grand Hotel;Grand Hotel description;info251@hotel.com;Ukraine;Odesa;Shevchenka;24;Suite;2;110;155;2024-05-04;2024-05-08;checked-out;1;Good hotel;2024-05-04
252;Hyatt;Hyatt City Inn;City Inn description;info252@hotel.com;Ukraine;Odesa;Shevchenka;3;Single;1;246;380;2024-12-05;2024-12-08;confirmed;2;Good hotel;2024-12-05
253;Radisson;Radisson Sea View;Sea View description;info253@hotel.com;Ukraine;Odesa;Shevchenka;95;Suite;2;105;110;2024-06-21;2024-06-27;pending;1;Good hotel;2024-06-21
254;Hyatt;Hyatt Sea View;Sea View description;info254@hotel.com;Ukraine;Lviv;Shevchenka;10;Double;4;136;370;2024-04-14;2024-04-15;checked-out;1;Good hotel;2024-04-14
255;Hyatt;Hyatt Sea View;Sea View description;info255@hotel.com;Ukraine;Lviv;Shevchenka;28;Double;2;194;5;2024-10-16;2024-10-21;checked-out;4;Good hotel;2024-10-16
256;Marriott;Marriott Mountain Resort;Mountain Resort description;info256@hotel.com;Ukraine;Dnipro;Shevchenka;16;Single;1;217;149;2024-08-24;2024-08-28;checked-in;3;Good hotel;2024-08-24
257;Hyatt;Hyatt Mountain Resort;Mountain Resort description;info257@hotel.com;Ukraine;Lviv;Shevchenka;35;Double;1;58;58;2024-07-27;2024-07-28;pending;3;Good hotel;2024-07-27
258;Hyatt;Hyatt Grand Hotel;Grand Hotel description;info258@hotel.com;Ukraine;Kyiv;Shevchenka;71;Double;2;178;125;2024-11-24;2024-11-25;checked-in;4;Good hotel;2024-11-24
259;Marriott;Marriott Grand Hotel;Grand Hotel description;info259@hotel.com;Ukraine;Odesa;Shevchenka;9;Suite;3;277;254;2024-05-27;2024-05-29;confirmed;4;Good hotel;2024-05-27
260;Accor;Accor City Inn;City Inn description;info260@hotel.com;Ukraine;Odesa;Shevchenka;3;Double;2;278;251;2024-01-22;2024-01-29;checked-in;4;Good hotel;2024-01-22
261;Hyatt;Hyatt City Inn;City Inn description;info261@hotel.com;Ukraine;Lviv;Shevchenka;42;Single;3;221;189;2024-02-10;2024-02-16;pending;2;Good hotel;2024-02-10
262;Hyatt;Hyatt Sea View;Sea View description;info262@hotel.com;Ukraine;Lviv;Shevchenka;83;Double;4;144;242;2024-06-03;2024-06-04;confirmed;2;Good hotel;2024-06-03
263;Marriott;Marriott Sea View;Sea View description;info263@hotel.com;Ukraine;Kyiv;Shevchenka;9;Suite;4;297;323;2024-12-13;2024-12-19;checked-in;4;Good hotel;2024-12-13
264;Radisson;Radisson Sea View;Sea View description;info264@hotel.com;Ukraine;Odesa;Shevchenka;73;Single;2;111;380;2024-04-16;2024-04-21;checked-in;2;Good hotel;2024-04-16
265;Accor;Accor Sea View;Sea View description;info265@hotel.com;Ukraine;Odesa;Shevchenka;48;Suite;3;199;253;2024-04-21;2024-04-22;checked-out;5;Good hotel;2024-04-21
266;Hyatt;Hyatt City Inn;City Inn description;info266@hotel.com;Ukraine;Lviv;Shevchenka;63;Single;4;124;82;2024-09-23;2024-09-26;checked-in;5;Good hotel;2024-09-23
267;Hilton;Hilton Mountain Resort;Mountain Resort description;info267@hotel.com;Ukraine;Dnipro;Shevchenka;70;Double;2;257;102;2024-11-22;2024-11-23;checked-in;4;Good hotel;2024-11-22
268;Hilton;Hilton Sea View;Sea View description;info268@hotel.com;Ukraine;Odesa;Shevchenka;17;Suite;1;160;375;2024-05-27;2024-05-29;checked-out;3;Good hotel;2024-05-27
269;Accor;Accor City Inn;City Inn description;info269@hotel.com;Ukraine;Odesa;Shevchenka;52;Single;4;75;12;2024-09-23;2024-09-25;confirmed;5;Good hotel;2024-09-23
270;Radisson;Radisson Mountain Resort;Mountain Resort description;info270@hotel.com;Ukraine;Lviv;Shevchenka;18;Single;2;134;25;2024-09-14;2024-09-17;pending;3;Good hotel;2024-09-14
271;Hyatt;Hyatt City Inn;City Inn description;info271@hotel.com;Ukraine;Dnipro;Shevchenka;39;Single;2;89;158;2024-09-07;2024-09-09;pending;2;Good hotel;2024-09-07
272;Hyatt;Hyatt Grand Hotel;Grand Hotel description;info272@hotel.com;Ukraine;Kyiv;Shevchenka;19;Single;2;267;140;2024-07-22;2024-07-27;confirmed;3;Good hotel;2024-07-22
273;Radisson;Radisson Grand Hotel;Grand Hotel description;info273@hotel.com;Ukraine;Lviv;Shevchenka;65;Double;1;81;443;2024-01-13;2024-01-20;checked-in;3;Good hotel;2024-01-13
274;Hilton;Hilton Grand Hotel;Grand Hotel description;info274@hotel.com;Ukraine;Lviv;Shevchenka;98;Suite;2;256;60;2024-10-22;2024-10-28;pending;5;Good hotel;2024-10-22
275;Accor;Accor Mountain Resort;Mountain Resort description;info275@hotel.com;Ukraine;Odesa;Shevchenka;83;Double;4;89;216;2024-04-03;2024-04-04;pending;3;Good hotel;2024-04-03
276;Accor;Accor Grand Hotel;Grand Hotel description;info276@hotel.com;Ukraine;Lviv;Shevchenka;22;Double;3;180;4;2024-01-02;2024-01-05;pending;3;Good hotel;2024-01-02
277;Radisson;Radisson Grand Hotel;Grand Hotel description;info277@hotel.com;Ukraine;Odesa;Shevchenka;32;Suite;4;133;157;2024-02-17;2024-02-22;confirmed;1;Good hotel;2024-02-17
278;Hilton;Hilton City Inn;City Inn description;info278@hotel.com;Ukraine;Odesa;Shevchenka;35;Suite;2;134;381;2024-12-08;2024-12-09;pending;3;Good hotel;2024-12-08
279;Hilton;Hilton Grand Hotel;Grand Hotel description;info279@hotel.com;Ukraine;Kyiv;Shevchenka;95;Single;3;112;162;2024-07-12;2024-07-17;checked-in;2;Good hotel;2024-07-12
280;Accor;Accor Grand Hotel;Grand Hotel description;info280@hotel.com;Ukraine;Kyiv;Shevchenka;85;Single;1;90;38;2024-11-15;2024-11-18;checked-in;4;Good hotel;2024-11-15
281;Radisson;Radisson City Inn;City Inn description;info281@hotel.com;Ukraine;Lviv;Shevchenka;43;Double;1;128;269;2024-10-26;2024-10-27;pending;3;Good hotel;2024-10-26
282;Marriott;Marriott Mountain Resort;Mountain Resort description;info282@hotel.com;Ukraine;Kyiv;Shevchenka;16;Single;2;228;381;2024-09-29;2024-09-30;pending;4;Good hotel;2024-09-29
283;Marriott;Marriott Grand Hotel;Grand Hotel description;info283@hotel.com;Ukraine;Odesa;Shevchenka;99;Double;3;147;390;2024-02-05;2024-02-12;pending;3;Good hotel;2024-02-05
284;Accor;Accor City Inn;City Inn description;info284@hotel.com;Ukraine;Dnipro;Shevchenka;26;Single;3;99;11;2024-08-16;2024-08-21;pending;1;Good hotel;2024-08-16
285;Accor;Accor City Inn;City Inn description;info285@hotel.com;Ukraine;Odesa;Shevchenka;66;Double;4;106;312;2024-05-21;2024-05-27;pending;1;Good hotel;2024-05-21
286;Hyatt;Hyatt Grand Hotel;Grand Hotel description;info286@hotel.com;Ukraine;Odesa;Shevchenka;23;Double;1;280;476;2024-06-06;2024-06-11;checked-out;3;Good hotel;2024-06-06
287;Hyatt;Hyatt Mountain Resort;Mountain Resort description;info287@hotel.com;Ukraine;Dnipro;Shevchenka;40;Single;4;138;261;2024-11-19;2024-11-25;checked-in;1;Good hotel;2024-11-19
288;Radisson;Radisson Sea View;Sea View description;info288@hotel.com;Ukraine;Lviv;Shevchenka;29;Double;3;259;277;2024-06-21;2024-06-28;checked-out;4;Good hotel;2024-06-21
289;Radisson;Radisson Mountain Resort;Mountain Resort description;info289@hotel.com;Ukraine;Lviv;Shevchenka;14;Double;3;93;128;2024-05-09;2024-05-16;checked-out;4;Good hotel;2024-05-09
290;Hyatt;Hyatt Sea View;Sea View description;info290@hotel.com;Ukraine;Lviv;Shevchenka;78;Single;3;246;419;2024-08-14;2024-08-16;confirmed;4;Good hotel;2024-08-14
291;Hyatt;Hyatt City Inn;City Inn description;info291@hotel.com;Ukraine;Lviv;Shevchenka;23;Single;4;160;333;2024-12-22;2024-12-29;pending;3;Good hotel;2024-12-22
292;Marriott;Marriott Mountain Resort;Mountain Resort description;info292@hotel.com;Ukraine;Dnipro;Shevchenka;79;Single;3;165;265;2024-01-21;2024-01-23;pending;1;Good hotel;2024-01-21
293;Marriott;Marriott Mountain Resort;Mountain Resort description;info293@hotel.com;Ukraine;Kyiv;Shevchenka;80;Suite;2;57;222;2024-12-20;2024-12-25;confirmed;2;Good hotel;2024-12-20
294;Marriott;Marriott City Inn;City Inn description;info294@hotel.com;Ukraine;Dnipro;Shevchenka;91;Double;2;203;494;2024-09-08;2024-09-14;pending;3;Good hotel;2024-09-08
295;Marriott;Marriott Sea View;Sea View description;info295@hotel.com;Ukraine;Kyiv;Shevchenka;6;Suite;4;229;82;2024-02-14;2024-02-16;confirmed;3;Good hotel;2024-02-14
296;Hilton;Hilton Mountain Resort;Mountain Resort description;info296@hotel.com;Ukraine;Lviv;Shevchenka;50;Single;3;114;121;2024-03-30;2024-04-01;checked-in;4;Good hotel;2024-03-30
297;Hyatt;Hyatt Grand Hotel;Grand Hotel description;info297@hotel.com;Ukraine;Dnipro;Shevchenka;56;Single;3;208;29;2024-02-16;2024-02-18;checked-out;3;Good hotel;2024-02-16
298;Marriott;Marriott Grand Hotel;Grand Hotel description;info298@hotel.com;Ukraine;Odesa;Shevchenka;37;Double;4;253;393;2024-02-06;2024-02-12;checked-out;4;Good hotel;2024-02-06
299;Accor;Accor Mountain Resort;Mountain Resort description;info299@hotel.com;Ukraine;Lviv;Shevchenka;99;Single;4;205;170;2024-02-20;2024-02-22;confirmed;1;Good hotel;2024-02-20
300;Marriott;Marriott Sea View;Sea View description;info300@hotel.com;Ukraine;Dnipro;Shevchenka;98;Suite;1;96;428;2024-10-20;2024-10-27;pending;1;Good hotel;2024-10-20
301;Marriott;Marriott Sea View;Sea View description;info301@hotel.com;Ukraine;Lviv;Shevchenka;43;Suite;1;102;374;2024-03-12;2024-03-15;checked-out;3;Good hotel;2024-03-12
302;Radisson;Radisson Mountain Resort;Mountain Resort description;info302@hotel.com;Ukraine;Dnipro;Shevchenka;94;Suite;1;205;3;2024-04-03;2024-04-09;pending;1;Good hotel;2024-04-03
303;Radisson;Radisson Grand Hotel;Grand Hotel description;info303@hotel.com;Ukraine;Dnipro;Shevchenka;93;Suite;4;282;229;2024-10-12;2024-10-15;pending;2;Good hotel;2024-10-12
304;Radisson;Radisson Sea View;Sea View description;info304@hotel.com;Ukraine;Kyiv;Shevchenka;81;Double;4;258;286;2024-02-12;2024-02-15;checked-out;3;Good hotel;2024-02-12
305;Hyatt;Hyatt Mountain Resort;Mountain Resort description;info305@hotel.com;Ukraine;Lviv;Shevchenka;33;Double;1;229;404;2024-10-28;2024-10-29;checked-out;5;Good hotel;2024-10-28
306;Marriott;Marriott Sea View;Sea View description;info306@hotel.com;Ukraine;Odesa;Shevchenka;8;Single;4;123;14;2024-11-29;2024-11-30;checked-out;2;Good hotel;2024-11-29
307;Hilton;Hilton Grand Hotel;Grand Hotel description;info307@hotel.com;Ukraine;Odesa;Shevchenka;67;Single;2;214;396;2024-07-31;2024-08-05;checked-out;5;Good hotel;2024-07-31
308;Accor;Accor Sea View;Sea View description;info308@hotel.com;Ukraine;Kyiv;Shevchenka;2;Suite;2;118;449;2024-06-12;2024-06-15;pending;1;Good hotel;2024-06-12
309;Hilton;Hilton Grand Hotel;Grand Hotel description;info309@hotel.com;Ukraine;Dnipro;Shevchenka;40;Double;4;142;244;2024-01-27;2024-02-01;pending;4;Good hotel;2024-01-27
310;Hyatt;Hyatt Mountain Resort;Mountain Resort description;info310@hotel.com;Ukraine;Odesa;Shevchenka;54;Suite;4;204;279;2024-12-20;2024-12-23;pending;3;Good hotel;2024-12-20
311;Hilton;Hilton Sea View;Sea View description;info311@hotel.com;Ukraine;Dnipro;Shevchenka;26;Suite;4;81;422;2024-12-11;2024-12-14;checked-in;3;Good hotel;2024-12-11
312;Accor;Accor Grand Hotel;Grand Hotel description;info312@hotel.com;Ukraine;Odesa;Shevchenka;74;Double;4;66;126;2024-01-09;2024-01-10;confirmed;3;Good hotel;2024-01-09
313;Hilton;Hilton Sea View;Sea View description;info313@hotel.com;Ukraine;Odesa;Shevchenka;69;Double;4;79;244;2024-07-31;2024-08-05;checked-in;5;Good hotel;2024-07-31
314;Marriott;Marriott Sea View;Sea View description;info314@hotel.com;Ukraine;Kyiv;Shevchenka;87;Suite;4;112;338;2024-02-12;2024-02-18;pending;5;Good hotel;2024-02-12
315;Hyatt;Hyatt Grand Hotel;Grand Hotel description;info315@hotel.com;Ukraine;Lviv;Shevchenka;37;Single;3;168;203;2024-05-04;2024-05-07;checked-out;2;Good hotel;2024-05-04
316;Radisson;Radisson Mountain Resort;Mountain Resort description;info316@hotel.com;Ukraine;Kyiv;Shevchenka;68;Single;1;103;244;2024-10-09;2024-10-16;checked-out;3;Good hotel;2024-10-09
317;Radisson;Radisson Grand Hotel;Grand Hotel description;info317@hotel.com;Ukraine;Kyiv;Shevchenka;26;Double;1;298;277;2024-01-11;2024-01-12;checked-in;2;Good hotel;2024-01-11
318;Accor;Accor City Inn;City Inn description;info318@hotel.com;Ukraine;Dnipro;Shevchenka;54;Single;3;189;200;2024-03-27;2024-03-31;confirmed;1;Good hotel;2024-03-27
319;Accor;Accor Sea View;Sea View description;info319@hotel.com;Ukraine;Lviv;Shevchenka;63;Single;1;117;336;2024-03-13;2024-03-19;checked-in;1;Good hotel;2024-03-13
320;Radisson;Radisson City Inn;City Inn description;info320@hotel.com;Ukraine;Odesa;Shevchenka;15;Double;3;81;104;2024-06-20;2024-06-22;pending;1;Good hotel;2024-06-20
321;Marriott;Marriott Grand Hotel;Grand Hotel description;info321@hotel.com;Ukraine;Dnipro;Shevchenka;49;Suite;2;149;101;2024-05-07;2024-05-14;pending;1;Good hotel;2024-05-07
322;Marriott;Marriott Grand Hotel;Grand Hotel description;info322@hotel.com;Ukraine;Odesa;Shevchenka;25;Single;4;93;23;2024-04-23;2024-04-26;checked-in;4;Good hotel;2024-04-23
323;Radisson;Radisson Grand Hotel;Grand Hotel description;info323@hotel.com;Ukraine;Lviv;Shevchenka;29;Single;1;254;254;2024-08-09;2024-08-14;checked-out;4;Good hotel;2024-08-09
324;Accor;Accor City Inn;City Inn description;info324@hotel.com;Ukraine;Dnipro;Shevchenka;31;Double;4;280;326;2024-09-26;2024-10-03;checked-out;1;Good hotel;2024-09-26
325;Hilton;Hilton Mountain Resort;Mountain Resort description;info325@hotel.com;Ukraine;Lviv;Shevchenka;32;Double;1;56;66;2024-05-18;2024-05-19;checked-in;3;Good hotel;2024-05-18
326;Radisson;Radisson Mountain Resort;Mountain Resort description;info326@hotel.com;Ukraine;Dnipro;Shevchenka;32;Double;2;57;126;2024-05-09;2024-05-13;confirmed;4;Good hotel;2024-05-09
327;Hilton;Hilton City Inn;City Inn description;info327@hotel.com;Ukraine;Kyiv;Shevchenka;38;Double;3;155;189;2024-03-01;2024-03-07;checked-in;5;Good hotel;2024-03-01
328;Hilton;Hilton Sea View;Sea View description;info328@hotel.com;Ukraine;Lviv;Shevchenka;94;Suite;4;162;65;2024-04-21;2024-04-28;checked-in;1;Good hotel;2024-04-21
329;Marriott;Marriott Grand Hotel;Grand Hotel description;info329@hotel.com;Ukraine;Kyiv;Shevchenka;23;Double;1;114;270;2024-09-02;2024-09-04;pending;3;Good hotel;2024-09-02
330;Radisson;Radisson Grand Hotel;Grand Hotel description;info330@hotel.com;Ukraine;Dnipro;Shevchenka;66;Single;2;262;232;2024-07-14;2024-07-17;checked-in;1;Good hotel;2024-07-14
331;Hilton;Hilton Sea View;Sea View description;info331@hotel.com;Ukraine;Kyiv;Shevchenka;86;Single;2;262;162;2024-10-03;2024-10-05;checked-out;2;Good hotel;2024-10-03
332;Accor;Accor City Inn;City Inn description;info332@hotel.com;Ukraine;Odesa;Shevchenka;59;Suite;3;256;226;2024-03-09;2024-03-15;pending;2;Good hotel;2024-03-09
333;Hyatt;Hyatt Mountain Resort;Mountain Resort description;info333@hotel.com;Ukraine;Lviv;Shevchenka;45;Double;3;173;311;2024-01-28;2024-01-29;confirmed;1;Good hotel;2024-01-28
334;Marriott;Marriott Sea View;Sea View description;info334@hotel.com;Ukraine;Odesa;Shevchenka;58;Suite;2;88;381;2024-06-12;2024-06-15;checked-out;2;Good hotel;2024-06-12
335;Radisson;Radisson Sea View;Sea View description;info335@hotel.com;Ukraine;Lviv;Shevchenka;73;Double;1;69;389;2024-07-23;2024-07-27;pending;1;Good hotel;2024-07-23
336;Radisson;Radisson Mountain Resort;Mountain Resort description;info336@hotel.com;Ukraine;Odesa;Shevchenka;50;Double;2;54;128;2024-04-19;2024-04-22;checked-out;5;Good hotel;2024-04-19
337;Hyatt;Hyatt Sea View;Sea View description;info337@hotel.com;Ukraine;Lviv;Shevchenka;12;Single;4;143;352;2024-06-14;2024-06-18;pending;5;Good hotel;2024-06-14
338;Accor;Accor Sea View;Sea View description;info338@hotel.com;Ukraine;Kyiv;Shevchenka;37;Suite;2;214;293;2024-08-30;2024-08-31;checked-in;1;Good hotel;2024-08-30
339;Hyatt;Hyatt Sea View;Sea View description;info339@hotel.com;Ukraine;Dnipro;Shevchenka;74;Single;3;233;166;2024-09-27;2024-10-04;confirmed;4;Good hotel;2024-09-27
340;Hilton;Hilton Grand Hotel;Grand Hotel description;info340@hotel.com;Ukraine;Lviv;Shevchenka;73;Suite;1;200;309;2024-05-29;2024-06-01;checked-out;2;Good hotel;2024-05-29
341;Hilton;Hilton Sea View;Sea View description;info341@hotel.com;Ukraine;Kyiv;Shevchenka;89;Double;2;234;280;2024-10-18;2024-10-22;checked-in;1;Good hotel;2024-10-18
342;Accor;Accor Mountain Resort;Mountain Resort description;info342@hotel.com;Ukraine;Kyiv;Shevchenka;14;Double;2;195;269;2024-07-27;2024-08-02;checked-out;5;Good hotel;2024-07-27
343;Hyatt;Hyatt City Inn;City Inn description;info343@hotel.com;Ukraine;Lviv;Shevchenka;68;Double;1;160;204;2024-08-22;2024-08-29;checked-in;1;Good hotel;2024-08-22
344;Radisson;Radisson Mountain Resort;Mountain Resort description;info344@hotel.com;Ukraine;Odesa;Shevchenka;37;Double;2;61;273;2024-09-21;2024-09-26;pending;1;Good hotel;2024-09-21
345;Hilton;Hilton Grand Hotel;Grand Hotel description;info345@hotel.com;Ukraine;Odesa;Shevchenka;62;Double;4;136;248;2024-07-18;2024-07-25;checked-out;5;Good hotel;2024-07-18
346;Marriott;Marriott Mountain Resort;Mountain Resort description;info346@hotel.com;Ukraine;Dnipro;Shevchenka;18;Suite;2;127;366;2024-01-29;2024-01-31;checked-out;2;Good hotel;2024-01-29
347;Hyatt;Hyatt City Inn;City Inn description;info347@hotel.com;Ukraine;Lviv;Shevchenka;79;Single;1;208;118;2024-12-19;2024-12-21;confirmed;4;Good hotel;2024-12-19
348;Hilton;Hilton City Inn;City Inn description;info348@hotel.com;Ukraine;Kyiv;Shevchenka;46;Suite;2;193;83;2024-11-06;2024-11-11;pending;4;Good hotel;2024-11-06
349;Marriott;Marriott Mountain Resort;Mountain Resort description;info349@hotel.com;Ukraine;Lviv;Shevchenka;94;Double;2;106;85;2024-11-08;2024-11-12;confirmed;2;Good hotel;2024-11-08
350;Accor;Accor Mountain Resort;Mountain Resort description;info350@hotel.com;Ukraine;Lviv;Shevchenka;15;Single;1;170;469;2024-04-12;2024-04-18;checked-out;4;Good hotel;2024-04-12
351;Hyatt;Hyatt Grand Hotel;Grand Hotel description;info351@hotel.com;Ukraine;Kyiv;Shevchenka;25;Double;3;273;395;2024-07-22;2024-07-23;pending;5;Good hotel;2024-07-22
352;Hyatt;Hyatt Sea View;Sea View description;info352@hotel.com;Ukraine;Odesa;Shevchenka;47;Suite;4;68;335;2024-08-27;2024-09-01;checked-out;2;Good hotel;2024-08-27
353;Hyatt;Hyatt Sea View;Sea View description;info353@hotel.com;Ukraine;Kyiv;Shevchenka;30;Single;4;175;218;2024-10-08;2024-10-14;pending;2;Good hotel;2024-10-08
354;Hyatt;Hyatt City Inn;City Inn description;info354@hotel.com;Ukraine;Dnipro;Shevchenka;95;Single;1;233;7;2024-11-17;2024-11-23;checked-out;5;Good hotel;2024-11-17
355;Radisson;Radisson Mountain Resort;Mountain Resort description;info355@hotel.com;Ukraine;Lviv;Shevchenka;24;Double;1;234;434;2024-08-06;2024-08-09;checked-out;2;Good hotel;2024-08-06
356;Marriott;Marriott City Inn;City Inn description;info356@hotel.com;Ukraine;Kyiv;Shevchenka;9;Double;1;158;155;2024-12-21;2024-12-28;checked-in;2;Good hotel;2024-12-21
357;Marriott;Marriott City Inn;City Inn description;info357@hotel.com;Ukraine;Kyiv;Shevchenka;57;Double;2;206;73;2024-09-05;2024-09-11;pending;4;Good hotel;2024-09-05
358;Hilton;Hilton Grand Hotel;Grand Hotel description;info358@hotel.com;Ukraine;Lviv;Shevchenka;63;Suite;3;99;480;2024-12-31;2025-01-04;checked-in;5;Good hotel;2024-12-31
359;Accor;Accor Grand Hotel;Grand Hotel description;info359@hotel.com;Ukraine;Dnipro;Shevchenka;51;Double;1;159;33;2024-06-17;2024-06-21;confirmed;2;Good hotel;2024-06-17
360;Radisson;Radisson Mountain Resort;Mountain Resort description;info360@hotel.com;Ukraine;Lviv;Shevchenka;22;Double;2;130;235;2024-01-09;2024-01-15;checked-in;2;Good hotel;2024-01-09
361;Accor;Accor City Inn;City Inn description;info361@hotel.com;Ukraine;Dnipro;Shevchenka;48;Double;3;98;479;2024-10-01;2024-10-06;checked-out;4;Good hotel;2024-10-01
362;Hilton;Hilton Mountain Resort;Mountain Resort description;info362@hotel.com;Ukraine;Dnipro;Shevchenka;49;Suite;1;158;449;2024-11-10;2024-11-15;confirmed;4;Good hotel;2024-11-10
363;Hyatt;Hyatt Sea View;Sea View description;info363@hotel.com;Ukraine;Lviv;Shevchenka;28;Single;2;76;417;2024-04-26;2024-04-29;checked-in;3;Good hotel;2024-04-26
364;Marriott;Marriott City Inn;City Inn description;info364@hotel.com;Ukraine;Odesa;Shevchenka;33;Suite;3;238;263;2024-07-15;2024-07-18;checked-in;2;Good hotel;2024-07-15
365;Marriott;Marriott Sea View;Sea View description;info365@hotel.com;Ukraine;Kyiv;Shevchenka;11;Single;4;157;184;2024-05-27;2024-06-03;checked-out;4;Good hotel;2024-05-27
366;Marriott;Marriott Sea View;Sea View description;info366@hotel.com;Ukraine;Odesa;Shevchenka;52;Double;3;207;145;2024-09-13;2024-09-17;pending;5;Good hotel;2024-09-13
367;Marriott;Marriott Sea View;Sea View description;info367@hotel.com;Ukraine;Lviv;Shevchenka;78;Single;1;147;380;2024-07-31;2024-08-01;confirmed;5;Good hotel;2024-07-31
368;Marriott;Marriott Grand Hotel;Grand Hotel description;info368@hotel.com;Ukraine;Lviv;Shevchenka;67;Single;3;135;307;2024-07-23;2024-07-28;confirmed;3;Good hotel;2024-07-23
369;Accor;Accor Sea View;Sea View description;info369@hotel.com;Ukraine;Kyiv;Shevchenka;52;Suite;3;56;132;2024-12-24;2024-12-28;pending;1;Good hotel;2024-12-24
370;Hilton;Hilton City Inn;City Inn description;info370@hotel.com;Ukraine;Odesa;Shevchenka;7;Double;2;298;195;2024-12-02;2024-12-07;pending;2;Good hotel;2024-12-02
371;Marriott;Marriott Mountain Resort;Mountain Resort description;info371@hotel.com;Ukraine;Dnipro;Shevchenka;98;Double;4;70;292;2024-04-03;2024-04-06;checked-in;1;Good hotel;2024-04-03
372;Hilton;Hilton Grand Hotel;Grand Hotel description;info372@hotel.com;Ukraine;Lviv;Shevchenka;23;Double;3;274;163;2024-07-05;2024-07-10;confirmed;3;Good hotel;2024-07-05
373;Radisson;Radisson Mountain Resort;Mountain Resort description;info373@hotel.com;Ukraine;Kyiv;Shevchenka;8;Suite;4;257;310;2024-04-10;2024-04-16;confirmed;1;Good hotel;2024-04-10
374;Marriott;Marriott Sea View;Sea View description;info374@hotel.com;Ukraine;Odesa;Shevchenka;93;Single;2;98;252;2024-01-31;2024-02-07;checked-out;3;Good hotel;2024-01-31
375;Radisson;Radisson Grand Hotel;Grand Hotel description;info375@hotel.com;Ukraine;Odesa;Shevchenka;88;Double;1;129;183;2024-05-10;2024-05-14;pending;5;Good hotel;2024-05-10
376;Radisson;Radisson Sea View;Sea View description;info376@hotel.com;Ukraine;Kyiv;Shevchenka;76;Double;4;237;60;2024-03-08;2024-03-12;pending;4;Good hotel;2024-03-08
377;Accor;Accor Sea View;Sea View description;info377@hotel.com;Ukraine;Odesa;Shevchenka;89;Double;2;159;181;2024-08-09;2024-08-15;checked-in;5;Good hotel;2024-08-09
378;Radisson;Radisson City Inn;City Inn description;info378@hotel.com;Ukraine;Odesa;Shevchenka;10;Double;2;255;175;2024-11-02;2024-11-05;checked-out;2;Good hotel;2024-11-02
379;Hyatt;Hyatt Grand Hotel;Grand Hotel description;info379@hotel.com;Ukraine;Kyiv;Shevchenka;28;Suite;1;256;207;2024-04-15;2024-04-17;checked-in;5;Good hotel;2024-04-15
380;Radisson;Radisson Grand Hotel;Grand Hotel description;info380@hotel.com;Ukraine;Dnipro;Shevchenka;20;Single;2;218;151;2024-03-24;2024-03-30;checked-out;5;Good hotel;2024-03-24
381;Accor;Accor Grand Hotel;Grand Hotel description;info381@hotel.com;Ukraine;Odesa;Shevchenka;84;Double;1;119;63;2024-09-16;2024-09-20;pending;3;Good hotel;2024-09-16
382;Hilton;Hilton City Inn;City Inn description;info382@hotel.com;Ukraine;Dnipro;Shevchenka;1;Suite;4;300;32;2024-07-25;2024-07-28;checked-out;2;Good hotel;2024-07-25
383;Accor;Accor Sea View;Sea View description;info383@hotel.com;Ukraine;Kyiv;Shevchenka;6;Single;2;221;80;2024-11-28;2024-12-02;pending;3;Good hotel;2024-11-28
384;Accor;Accor Sea View;Sea View description;info384@hotel.com;Ukraine;Lviv;Shevchenka;44;Double;1;236;470;2024-06-27;2024-07-04;confirmed;1;Good hotel;2024-06-27
385;Hilton;Hilton City Inn;City Inn description;info385@hotel.com;Ukraine;Dnipro;Shevchenka;86;Suite;2;163;311;2024-08-22;2024-08-24;confirmed;4;Good hotel;2024-08-22
386;Hilton;Hilton Grand Hotel;Grand Hotel description;info386@hotel.com;Ukraine;Kyiv;Shevchenka;57;Suite;4;161;480;2024-01-13;2024-01-14;checked-in;3;Good hotel;2024-01-13
387;Marriott;Marriott Mountain Resort;Mountain Resort description;info387@hotel.com;Ukraine;Kyiv;Shevchenka;24;Double;4;104;441;2024-05-07;2024-05-09;checked-in;1;Good hotel;2024-05-07
388;Marriott;Marriott Grand Hotel;Grand Hotel description;info388@hotel.com;Ukraine;Dnipro;Shevchenka;5;Double;4;62;313;2024-01-23;2024-01-29;confirmed;5;Good hotel;2024-01-23
389;Accor;Accor Grand Hotel;Grand Hotel description;info389@hotel.com;Ukraine;Dnipro;Shevchenka;52;Suite;3;294;288;2024-05-07;2024-05-09;checked-in;1;Good hotel;2024-05-07
390;Hyatt;Hyatt Mountain Resort;Mountain Resort description;info390@hotel.com;Ukraine;Lviv;Shevchenka;68;Single;4;264;44;2024-04-24;2024-04-26;pending;5;Good hotel;2024-04-24
391;Accor;Accor City Inn;City Inn description;info391@hotel.com;Ukraine;Kyiv;Shevchenka;53;Suite;2;219;437;2024-03-12;2024-03-17;confirmed;3;Good hotel;2024-03-12
392;Hilton;Hilton City Inn;City Inn description;info392@hotel.com;Ukraine;Odesa;Shevchenka;27;Suite;4;142;395;2024-01-04;2024-01-09;checked-in;2;Good hotel;2024-01-04
393;Hilton;Hilton City Inn;City Inn description;info393@hotel.com;Ukraine;Lviv;Shevchenka;77;Suite;2;106;102;2024-10-30;2024-11-04;checked-out;2;Good hotel;2024-10-30
394;Hyatt;Hyatt City Inn;City Inn description;info394@hotel.com;Ukraine;Lviv;Shevchenka;27;Suite;2;240;341;2024-12-04;2024-12-08;confirmed;2;Good hotel;2024-12-04
395;Radisson;Radisson City Inn;City Inn description;info395@hotel.com;Ukraine;Dnipro;Shevchenka;27;Double;1;104;118;2024-06-16;2024-06-23;checked-out;5;Good hotel;2024-06-16
396;Hyatt;Hyatt Grand Hotel;Grand Hotel description;info396@hotel.com;Ukraine;Odesa;Shevchenka;56;Single;1;295;67;2024-07-19;2024-07-21;pending;5;Good hotel;2024-07-19
397;Radisson;Radisson Sea View;Sea View description;info397@hotel.com;Ukraine;Kyiv;Shevchenka;51;Single;2;155;455;2024-08-17;2024-08-18;pending;3;Good hotel;2024-08-17
398;Hyatt;Hyatt Sea View;Sea View description;info398@hotel.com;Ukraine;Odesa;Shevchenka;69;Single;3;215;430;2024-07-13;2024-07-20;checked-in;5;Good hotel;2024-07-13
399;Radisson;Radisson Mountain Resort;Mountain Resort description;info399@hotel.com;Ukraine;Odesa;Shevchenka;18;Suite;4;286;389;2024-06-03;2024-06-05;checked-out;5;Good hotel;2024-06-03
400;Marriott;Marriott Mountain Resort;Mountain Resort description;info400@hotel.com;Ukraine;Odesa;Shevchenka;26;Double;3;270;311;2024-09-20;2024-09-25;checked-out;4;Good hotel;2024-09-20
401;Marriott;Marriott City Inn;City Inn description;info401@hotel.com;Ukraine;Lviv;Shevchenka;49;Single;1;266;146;2024-10-03;2024-10-08;checked-in;4;Good hotel;2024-10-03
402;Hyatt;Hyatt Mountain Resort;Mountain Resort description;info402@hotel.com;Ukraine;Lviv;Shevchenka;48;Double;3;221;308;2024-03-26;2024-03-27;pending;1;Good hotel;2024-03-26
403;Hilton;Hilton Grand Hotel;Grand Hotel description;info403@hotel.com;Ukraine;Dnipro;Shevchenka;91;Suite;1;106;91;2024-07-25;2024-07-30;confirmed;3;Good hotel;2024-07-25
404;Marriott;Marriott Sea View;Sea View description;info404@hotel.com;Ukraine;Kyiv;Shevchenka;79;Suite;1;145;197;2024-05-20;2024-05-22;checked-out;5;Good hotel;2024-05-20
405;Accor;Accor Sea View;Sea View description;info405@hotel.com;Ukraine;Lviv;Shevchenka;13;Double;2;214;390;2024-11-20;2024-11-23;pending;1;Good hotel;2024-11-20
406;Hyatt;Hyatt Grand Hotel;Grand Hotel description;info406@hotel.com;Ukraine;Lviv;Shevchenka;35;Double;3;91;456;2024-02-29;2024-03-03;checked-out;5;Good hotel;2024-02-29
407;Hilton;Hilton Grand Hotel;Grand Hotel description;info407@hotel.com;Ukraine;Odesa;Shevchenka;81;Suite;3;67;494;2024-08-03;2024-08-07;checked-out;5;Good hotel;2024-08-03
408;Accor;Accor City Inn;City Inn description;info408@hotel.com;Ukraine;Dnipro;Shevchenka;75;Double;3;185;376;2024-12-13;2024-12-18;pending;1;Good hotel;2024-12-13
409;Radisson;Radisson Mountain Resort;Mountain Resort description;info409@hotel.com;Ukraine;Dnipro;Shevchenka;52;Double;3;105;186;2024-01-31;2024-02-05;checked-in;2;Good hotel;2024-01-31
410;Hyatt;Hyatt Mountain Resort;Mountain Resort description;info410@hotel.com;Ukraine;Lviv;Shevchenka;7;Double;2;75;118;2024-05-08;2024-05-15;confirmed;3;Good hotel;2024-05-08
411;Hyatt;Hyatt Mountain Resort;Mountain Resort description;info411@hotel.com;Ukraine;Lviv;Shevchenka;24;Single;3;228;425;2024-02-15;2024-02-17;checked-in;2;Good hotel;2024-02-15
412;Accor;Accor Sea View;Sea View description;info412@hotel.com;Ukraine;Lviv;Shevchenka;63;Suite;3;287;135;2024-12-02;2024-12-07;checked-out;3;Good hotel;2024-12-02
413;Accor;Accor Grand Hotel;Grand Hotel description;info413@hotel.com;Ukraine;Odesa;Shevchenka;58;Suite;3;60;182;2024-08-15;2024-08-19;pending;1;Good hotel;2024-08-15
414;Marriott;Marriott Grand Hotel;Grand Hotel description;info414@hotel.com;Ukraine;Kyiv;Shevchenka;70;Double;3;114;202;2024-10-05;2024-10-10;pending;3;Good hotel;2024-10-05
415;Radisson;Radisson Sea View;Sea View description;info415@hotel.com;Ukraine;Odesa;Shevchenka;76;Single;4;233;452;2024-01-19;2024-01-22;confirmed;4;Good hotel;2024-01-19
416;Marriott;Marriott City Inn;City Inn description;info416@hotel.com;Ukraine;Lviv;Shevchenka;1;Suite;1;199;365;2024-04-28;2024-05-02;pending;3;Good hotel;2024-04-28
417;Radisson;Radisson Mountain Resort;Mountain Resort description;info417@hotel.com;Ukraine;Odesa;Shevchenka;32;Suite;3;189;95;2024-12-21;2024-12-26;checked-in;1;Good hotel;2024-12-21
418;Accor;Accor Sea View;Sea View description;info418@hotel.com;Ukraine;Lviv;Shevchenka;94;Suite;1;72;121;2024-07-15;2024-07-17;checked-in;5;Good hotel;2024-07-15
419;Radisson;Radisson Sea View;Sea View description;info419@hotel.com;Ukraine;Odesa;Shevchenka;7;Double;3;197;141;2024-08-21;2024-08-25;pending;4;Good hotel;2024-08-21
420;Hyatt;Hyatt Sea View;Sea View description;info420@hotel.com;Ukraine;Kyiv;Shevchenka;38;Single;3;119;321;2024-06-06;2024-06-13;confirmed;4;Good hotel;2024-06-06
421;Hyatt;Hyatt Sea View;Sea View description;info421@hotel.com;Ukraine;Dnipro;Shevchenka;28;Double;1;203;317;2024-02-28;2024-03-01;pending;5;Good hotel;2024-02-28
422;Marriott;Marriott Grand Hotel;Grand Hotel description;info422@hotel.com;Ukraine;Kyiv;Shevchenka;100;Double;1;259;81;2024-01-28;2024-02-03;pending;4;Good hotel;2024-01-28
423;Hilton;Hilton Sea View;Sea View description;info423@hotel.com;Ukraine;Lviv;Shevchenka;79;Single;4;88;50;2024-09-05;2024-09-06;pending;3;Good hotel;2024-09-05
424;Hilton;Hilton Mountain Resort;Mountain Resort description;info424@hotel.com;Ukraine;Kyiv;Shevchenka;67;Suite;2;276;414;2024-10-30;2024-11-03;checked-out;3;Good hotel;2024-10-30
425;Marriott;Marriott City Inn;City Inn description;info425@hotel.com;Ukraine;Odesa;Shevchenka;83;Double;2;114;466;2024-09-19;2024-09-24;checked-out;2;Good hotel;2024-09-19
426;Marriott;Marriott Sea View;Sea View description;info426@hotel.com;Ukraine;Odesa;Shevchenka;82;Single;1;160;132;2024-12-08;2024-12-13;pending;1;Good hotel;2024-12-08
427;Marriott;Marriott Mountain Resort;Mountain Resort description;info427@hotel.com;Ukraine;Lviv;Shevchenka;31;Suite;2;135;36;2024-02-25;2024-02-29;confirmed;2;Good hotel;2024-02-25
428;Hilton;Hilton Grand Hotel;Grand Hotel description;info428@hotel.com;Ukraine;Lviv;Shevchenka;99;Double;4;196;212;2024-04-16;2024-04-21;checked-out;1;Good hotel;2024-04-16
429;Hilton;Hilton Grand Hotel;Grand Hotel description;info429@hotel.com;Ukraine;Kyiv;Shevchenka;65;Suite;2;262;322;2024-01-10;2024-01-13;confirmed;5;Good hotel;2024-01-10
430;Hyatt;Hyatt Grand Hotel;Grand Hotel description;info430@hotel.com;Ukraine;Odesa;Shevchenka;49;Single;3;200;280;2024-07-21;2024-07-25;checked-out;3;Good hotel;2024-07-21
431;Hyatt;Hyatt Sea View;Sea View description;info431@hotel.com;Ukraine;Odesa;Shevchenka;100;Single;3;164;495;2024-07-08;2024-07-09;checked-in;3;Good hotel;2024-07-08
432;Marriott;Marriott Grand Hotel;Grand Hotel description;info432@hotel.com;Ukraine;Lviv;Shevchenka;26;Suite;2;115;90;2024-05-10;2024-05-12;confirmed;4;Good hotel;2024-05-10
433;Accor;Accor Sea View;Sea View description;info433@hotel.com;Ukraine;Lviv;Shevchenka;67;Suite;3;218;421;2024-07-16;2024-07-17;pending;1;Good hotel;2024-07-16
434;Marriott;Marriott Mountain Resort;Mountain Resort description;info434@hotel.com;Ukraine;Lviv;Shevchenka;55;Double;4;144;172;2024-04-29;2024-05-05;pending;2;Good hotel;2024-04-29
435;Marriott;Marriott Sea View;Sea View description;info435@hotel.com;Ukraine;Lviv;Shevchenka;31;Suite;4;209;212;2024-05-22;2024-05-25;pending;2;Good hotel;2024-05-22
436;Hyatt;Hyatt Sea View;Sea View description;info436@hotel.com;Ukraine;Lviv;Shevchenka;35;Suite;4;86;300;2024-05-27;2024-06-03;checked-in;5;Good hotel;2024-05-27
437;Hyatt;Hyatt City Inn;City Inn description;info437@hotel.com;Ukraine;Odesa;Shevchenka;42;Suite;3;79;92;2024-11-28;2024-12-02;checked-out;3;Good hotel;2024-11-28
438;Accor;Accor Sea View;Sea View description;info438@hotel.com;Ukraine;Kyiv;Shevchenka;38;Double;1;68;295;2024-10-29;2024-11-03;checked-out;2;Good hotel;2024-10-29
439;Marriott;Marriott Sea View;Sea View description;info439@hotel.com;Ukraine;Odesa;Shevchenka;23;Suite;1;231;140;2024-03-26;2024-03-27;confirmed;3;Good hotel;2024-03-26
440;Hilton;Hilton Sea View;Sea View description;info440@hotel.com;Ukraine;Dnipro;Shevchenka;44;Suite;3;133;168;2024-03-10;2024-03-17;checked-in;1;Good hotel;2024-03-10
441;Hyatt;Hyatt Sea View;Sea View description;info441@hotel.com;Ukraine;Dnipro;Shevchenka;62;Suite;3;253;69;2024-07-12;2024-07-16;checked-out;4;Good hotel;2024-07-12
442;Radisson;Radisson Mountain Resort;Mountain Resort description;info442@hotel.com;Ukraine;Dnipro;Shevchenka;53;Single;3;258;285;2024-08-11;2024-08-17;pending;5;Good hotel;2024-08-11
443;Accor;Accor Mountain Resort;Mountain Resort description;info443@hotel.com;Ukraine;Odesa;Shevchenka;32;Suite;2;129;272;2024-02-05;2024-02-12;pending;1;Good hotel;2024-02-05
444;Marriott;Marriott City Inn;City Inn description;info444@hotel.com;Ukraine;Lviv;Shevchenka;88;Suite;4;52;321;2024-06-27;2024-07-02;checked-out;3;Good hotel;2024-06-27
445;Accor;Accor Sea View;Sea View description;info445@hotel.com;Ukraine;Odesa;Shevchenka;45;Suite;4;264;365;2024-06-16;2024-06-19;pending;4;Good hotel;2024-06-16
446;Accor;Accor Mountain Resort;Mountain Resort description;info446@hotel.com;Ukraine;Odesa;Shevchenka;25;Suite;4;129;273;2024-07-03;2024-07-08;pending;3;Good hotel;2024-07-03
447;Accor;Accor City Inn;City Inn description;info447@hotel.com;Ukraine;Dnipro;Shevchenka;49;Suite;4;264;94;2024-01-05;2024-01-11;checked-in;1;Good hotel;2024-01-05
448;Accor;Accor City Inn;City Inn description;info448@hotel.com;Ukraine;Kyiv;Shevchenka;26;Suite;3;101;89;2024-12-08;2024-12-09;checked-in;2;Good hotel;2024-12-08
449;Accor;Accor Sea View;Sea View description;info449@hotel.com;Ukraine;Dnipro;Shevchenka;71;Single;4;91;267;2024-06-20;2024-06-24;pending;4;Good hotel;2024-06-20
450;Marriott;Marriott Grand Hotel;Grand Hotel description;info450@hotel.com;Ukraine;Kyiv;Shevchenka;15;Suite;1;109;318;2024-06-30;2024-07-07;checked-out;2;Good hotel;2024-06-30
451;Hilton;Hilton Mountain Resort;Mountain Resort description;info451@hotel.com;Ukraine;Kyiv;Shevchenka;90;Single;3;196;30;2024-12-04;2024-12-08;checked-out;5;Good hotel;2024-12-04
452;Marriott;Marriott Sea View;Sea View description;info452@hotel.com;Ukraine;Lviv;Shevchenka;93;Suite;1;84;361;2024-02-03;2024-02-09;checked-in;3;Good hotel;2024-02-03
453;Accor;Accor Sea View;Sea View description;info453@hotel.com;Ukraine;Kyiv;Shevchenka;7;Suite;2;89;40;2024-09-03;2024-09-04;checked-out;1;Good hotel;2024-09-03
454;Hilton;Hilton Mountain Resort;Mountain Resort description;info454@hotel.com;Ukraine;Kyiv;Shevchenka;73;Single;1;276;390;2024-11-16;2024-11-17;checked-in;1;Good hotel;2024-11-16
455;Radisson;Radisson City Inn;City Inn description;info455@hotel.com;Ukraine;Dnipro;Shevchenka;12;Suite;2;212;30;2024-12-23;2024-12-24;pending;1;Good hotel;2024-12-23
456;Marriott;Marriott Mountain Resort;Mountain Resort description;info456@hotel.com;Ukraine;Kyiv;Shevchenka;25;Suite;1;296;199;2024-09-22;2024-09-26;checked-in;1;Good hotel;2024-09-22
457;Accor;Accor Grand Hotel;Grand Hotel description;info457@hotel.com;Ukraine;Kyiv;Shevchenka;38;Double;3;57;48;2024-10-14;2024-10-15;checked-in;3;Good hotel;2024-10-14
458;Marriott;Marriott Grand Hotel;Grand Hotel description;info458@hotel.com;Ukraine;Lviv;Shevchenka;16;Single;3;158;247;2024-10-10;2024-10-11;checked-out;2;Good hotel;2024-10-10
459;Hilton;Hilton City Inn;City Inn description;info459@hotel.com;Ukraine;Odesa;Shevchenka;95;Single;2;230;323;2024-06-14;2024-06-21;pending;1;Good hotel;2024-06-14
460;Marriott;Marriott Mountain Resort;Mountain Resort description;info460@hotel.com;Ukraine;Kyiv;Shevchenka;51;Single;3;175;282;2024-09-01;2024-09-03;checked-out;4;Good hotel;2024-09-01
461;Hyatt;Hyatt Mountain Resort;Mountain Resort description;info461@hotel.com;Ukraine;Dnipro;Shevchenka;54;Suite;2;51;491;2024-09-07;2024-09-11;checked-out;4;Good hotel;2024-09-07
462;Accor;Accor City Inn;City Inn description;info462@hotel.com;Ukraine;Odesa;Shevchenka;73;Single;4;290;16;2024-10-26;2024-10-29;confirmed;1;Good hotel;2024-10-26
463;Hilton;Hilton City Inn;City Inn description;info463@hotel.com;Ukraine;Kyiv;Shevchenka;98;Single;2;277;157;2024-09-09;2024-09-12;pending;2;Good hotel;2024-09-09
464;Accor;Accor Grand Hotel;Grand Hotel description;info464@hotel.com;Ukraine;Lviv;Shevchenka;97;Suite;2;99;349;2024-05-14;2024-05-21;checked-out;5;Good hotel;2024-05-14
465;Accor;Accor Mountain Resort;Mountain Resort description;info465@hotel.com;Ukraine;Odesa;Shevchenka;93;Double;4;142;219;2024-02-04;2024-02-08;confirmed;4;Good hotel;2024-02-04
466;Accor;Accor Grand Hotel;Grand Hotel description;info466@hotel.com;Ukraine;Kyiv;Shevchenka;58;Double;1;285;45;2024-05-03;2024-05-08;pending;2;Good hotel;2024-05-03
467;Marriott;Marriott City Inn;City Inn description;info467@hotel.com;Ukraine;Odesa;Shevchenka;75;Double;3;119;178;2024-11-26;2024-12-03;checked-in;4;Good hotel;2024-11-26
468;Accor;Accor Sea View;Sea View description;info468@hotel.com;Ukraine;Lviv;Shevchenka;95;Single;4;125;391;2024-02-26;2024-03-01;pending;3;Good hotel;2024-02-26
469;Accor;Accor Sea View;Sea View description;info469@hotel.com;Ukraine;Dnipro;Shevchenka;46;Suite;1;84;164;2024-05-29;2024-05-31;pending;1;Good hotel;2024-05-29
470;Hilton;Hilton Mountain Resort;Mountain Resort description;info470@hotel.com;Ukraine;Lviv;Shevchenka;95;Suite;4;62;21;2024-07-13;2024-07-18;checked-in;2;Good hotel;2024-07-13
471;Hyatt;Hyatt City Inn;City Inn description;info471@hotel.com;Ukraine;Kyiv;Shevchenka;6;Single;4;111;54;2024-05-07;2024-05-12;confirmed;4;Good hotel;2024-05-07
472;Hyatt;Hyatt Mountain Resort;Mountain Resort description;info472@hotel.com;Ukraine;Odesa;Shevchenka;3;Single;1;210;377;2024-11-03;2024-11-04;confirmed;2;Good hotel;2024-11-03
473;Marriott;Marriott Grand Hotel;Grand Hotel description;info473@hotel.com;Ukraine;Odesa;Shevchenka;60;Single;3;296;418;2024-10-25;2024-11-01;checked-in;2;Good hotel;2024-10-25
474;Accor;Accor Sea View;Sea View description;info474@hotel.com;Ukraine;Odesa;Shevchenka;42;Double;4;134;396;2024-09-02;2024-09-06;checked-in;5;Good hotel;2024-09-02
475;Hyatt;Hyatt Sea View;Sea View description;info475@hotel.com;Ukraine;Kyiv;Shevchenka;77;Single;3;283;242;2024-11-12;2024-11-14;confirmed;4;Good hotel;2024-11-12
476;Accor;Accor Grand Hotel;Grand Hotel description;info476@hotel.com;Ukraine;Kyiv;Shevchenka;87;Single;2;258;441;2024-12-16;2024-12-18;checked-out;5;Good hotel;2024-12-16
477;Marriott;Marriott Sea View;Sea View description;info477@hotel.com;Ukraine;Lviv;Shevchenka;40;Double;3;56;315;2024-11-20;2024-11-21;checked-out;4;Good hotel;2024-11-20
478;Hilton;Hilton Mountain Resort;Mountain Resort description;info478@hotel.com;Ukraine;Dnipro;Shevchenka;56;Single;3;78;57;2024-03-11;2024-03-12;checked-in;3;Good hotel;2024-03-11
479;Hyatt;Hyatt Sea View;Sea View description;info479@hotel.com;Ukraine;Kyiv;Shevchenka;71;Single;2;77;163;2024-11-16;2024-11-21;pending;3;Good hotel;2024-11-16
480;Marriott;Marriott Grand Hotel;Grand Hotel description;info480@hotel.com;Ukraine;Odesa;Shevchenka;40;Suite;4;224;235;2024-01-06;2024-01-09;checked-in;5;Good hotel;2024-01-06
481;Hyatt;Hyatt Grand Hotel;Grand Hotel description;info481@hotel.com;Ukraine;Lviv;Shevchenka;24;Suite;1;141;135;2024-09-03;2024-09-06;checked-out;1;Good hotel;2024-09-03
482;Marriott;Marriott City Inn;City Inn description;info482@hotel.com;Ukraine;Odesa;Shevchenka;82;Single;4;243;137;2024-09-14;2024-09-21;checked-out;1;Good hotel;2024-09-14
483;Radisson;Radisson Grand Hotel;Grand Hotel description;info483@hotel.com;Ukraine;Kyiv;Shevchenka;20;Suite;3;91;354;2024-09-02;2024-09-05;checked-in;4;Good hotel;2024-09-02
484;Hyatt;Hyatt Sea View;Sea View description;info484@hotel.com;Ukraine;Kyiv;Shevchenka;20;Suite;4;201;268;2024-09-19;2024-09-25;pending;5;Good hotel;2024-09-19
485;Hyatt;Hyatt Grand Hotel;Grand Hotel description;info485@hotel.com;Ukraine;Dnipro;Shevchenka;19;Double;4;248;427;2024-04-15;2024-04-19;checked-in;4;Good hotel;2024-04-15
486;Hyatt;Hyatt City Inn;City Inn description;info486@hotel.com;Ukraine;Lviv;Shevchenka;80;Single;1;157;3;2024-12-13;2024-12-17;checked-in;3;Good hotel;2024-12-13
487;Marriott;Marriott City Inn;City Inn description;info487@hotel.com;Ukraine;Odesa;Shevchenka;8;Double;3;97;86;2024-07-11;2024-07-15;checked-out;2;Good hotel;2024-07-11
488;Accor;Accor Grand Hotel;Grand Hotel description;info488@hotel.com;Ukraine;Odesa;Shevchenka;75;Single;4;138;122;2024-04-03;2024-04-06;pending;1;Good hotel;2024-04-03
489;Hyatt;Hyatt City Inn;City Inn description;info489@hotel.com;Ukraine;Dnipro;Shevchenka;89;Suite;2;179;170;2024-01-27;2024-02-03;checked-out;2;Good hotel;2024-01-27
490;Hilton;Hilton Mountain Resort;Mountain Resort description;info490@hotel.com;Ukraine;Dnipro;Shevchenka;7;Single;4;136;186;2024-08-14;2024-08-20;pending;2;Good hotel;2024-08-14
491;Accor;Accor City Inn;City Inn description;info491@hotel.com;Ukraine;Odesa;Shevchenka;7;Double;4;113;217;2024-02-09;2024-02-15;pending;4;Good hotel;2024-02-09
492;Hilton;Hilton Sea View;Sea View description;info492@hotel.com;Ukraine;Lviv;Shevchenka;60;Suite;1;276;203;2024-10-27;2024-10-28;checked-out;1;Good hotel;2024-10-27
493;Hilton;Hilton Grand Hotel;Grand Hotel description;info493@hotel.com;Ukraine;Dnipro;Shevchenka;60;Suite;2;238;384;2024-09-02;2024-09-07;checked-out;4;Good hotel;2024-09-02
494;Marriott;Marriott Grand Hotel;Grand Hotel description;info494@hotel.com;Ukraine;Odesa;Shevchenka;55;Suite;1;157;229;2024-04-22;2024-04-26;checked-out;4;Good hotel;2024-04-22
495;Radisson;Radisson Sea View;Sea View description;info495@hotel.com;Ukraine;Odesa;Shevchenka;73;Suite;1;225;381;2024-05-18;2024-05-21;checked-in;4;Good hotel;2024-05-18
496;Hilton;Hilton Sea View;Sea View description;info496@hotel.com;Ukraine;Dnipro;Shevchenka;99;Double;3;240;137;2024-07-27;2024-07-28;checked-in;2;Good hotel;2024-07-27
497;Accor;Accor Grand Hotel;Grand Hotel description;info497@hotel.com;Ukraine;Lviv;Shevchenka;88;Single;3;262;140;2024-05-31;2024-06-06;checked-out;4;Good hotel;2024-05-31
498;Hyatt;Hyatt Mountain Resort;Mountain Resort description;info498@hotel.com;Ukraine;Kyiv;Shevchenka;4;Single;2;245;165;2024-03-23;2024-03-24;checked-in;1;Good hotel;2024-03-23
499;Radisson;Radisson Mountain Resort;Mountain Resort description;info499@hotel.com;Ukraine;Lviv;Shevchenka;75;Suite;4;286;147;2024-01-07;2024-01-08;confirmed;3;Good hotel;2024-01-07
500;Hilton;Hilton Sea View;Sea View description;info500@hotel.com;Ukraine;Odesa;Shevchenka;48;Single;1;65;11;2024-12-05;2024-12-08;checked-in;2;Good hotel;2024-12-05
501;Radisson;Radisson Grand Hotel;Grand Hotel description;info501@hotel.com;Ukraine;Lviv;Shevchenka;77;Double;4;118;23;2024-02-09;2024-02-12;pending;5;Good hotel;2024-02-09
502;Hilton;Hilton City Inn;City Inn description;info502@hotel.com;Ukraine;Kyiv;Shevchenka;22;Double;3;172;2;2024-10-19;2024-10-25;confirmed;1;Good hotel;2024-10-19
503;Radisson;Radisson Grand Hotel;Grand Hotel description;info503@hotel.com;Ukraine;Dnipro;Shevchenka;85;Double;4;205;361;2024-08-31;2024-09-07;checked-in;2;Good hotel;2024-08-31
504;Marriott;Marriott Sea View;Sea View description;info504@hotel.com;Ukraine;Lviv;Shevchenka;100;Double;2;83;235;2024-06-19;2024-06-21;confirmed;3;Good hotel;2024-06-19
505;Radisson;Radisson Mountain Resort;Mountain Resort description;info505@hotel.com;Ukraine;Dnipro;Shevchenka;93;Suite;1;251;79;2024-09-28;2024-09-30;pending;4;Good hotel;2024-09-28
506;Marriott;Marriott Mountain Resort;Mountain Resort description;info506@hotel.com;Ukraine;Odesa;Shevchenka;36;Suite;1;218;74;2024-03-22;2024-03-25;checked-in;2;Good hotel;2024-03-22
507;Marriott;Marriott Grand Hotel;Grand Hotel description;info507@hotel.com;Ukraine;Odesa;Shevchenka;30;Double;1;261;134;2024-06-13;2024-06-16;pending;3;Good hotel;2024-06-13
508;Hyatt;Hyatt Mountain Resort;Mountain Resort description;info508@hotel.com;Ukraine;Dnipro;Shevchenka;11;Suite;3;142;215;2024-02-26;2024-02-28;checked-out;5;Good hotel;2024-02-26
509;Hilton;Hilton City Inn;City Inn description;info509@hotel.com;Ukraine;Lviv;Shevchenka;76;Double;2;86;271;2024-04-11;2024-04-15;pending;1;Good hotel;2024-04-11
510;Accor;Accor Mountain Resort;Mountain Resort description;info510@hotel.com;Ukraine;Lviv;Shevchenka;49;Suite;3;56;259;2024-07-07;2024-07-12;checked-out;5;Good hotel;2024-07-07
511;Marriott;Marriott Grand Hotel;Grand Hotel description;info511@hotel.com;Ukraine;Kyiv;Shevchenka;5;Suite;4;163;192;2024-02-24;2024-03-02;checked-out;1;Good hotel;2024-02-24
512;Radisson;Radisson Sea View;Sea View description;info512@hotel.com;Ukraine;Kyiv;Shevchenka;48;Suite;2;80;213;2024-02-29;2024-03-03;pending;3;Good hotel;2024-02-29
513;Hilton;Hilton Mountain Resort;Mountain Resort description;info513@hotel.com;Ukraine;Dnipro;Shevchenka;70;Double;3;259;43;2024-03-11;2024-03-17;confirmed;4;Good hotel;2024-03-11
514;Marriott;Marriott Mountain Resort;Mountain Resort description;info514@hotel.com;Ukraine;Dnipro;Shevchenka;54;Double;2;265;278;2024-05-03;2024-05-05;checked-out;2;Good hotel;2024-05-03
515;Accor;Accor City Inn;City Inn description;info515@hotel.com;Ukraine;Dnipro;Shevchenka;89;Double;2;183;314;2024-05-27;2024-05-29;checked-in;2;Good hotel;2024-05-27
516;Marriott;Marriott Mountain Resort;Mountain Resort description;info516@hotel.com;Ukraine;Kyiv;Shevchenka;78;Double;2;88;311;2024-08-15;2024-08-19;pending;4;Good hotel;2024-08-15
517;Accor;Accor City Inn;City Inn description;info517@hotel.com;Ukraine;Lviv;Shevchenka;52;Suite;1;50;67;2024-06-23;2024-06-25;checked-out;1;Good hotel;2024-06-23
518;Accor;Accor City Inn;City Inn description;info518@hotel.com;Ukraine;Odesa;Shevchenka;34;Suite;3;164;279;2024-11-12;2024-11-16;pending;3;Good hotel;2024-11-12
519;Accor;Accor Grand Hotel;Grand Hotel description;info519@hotel.com;Ukraine;Kyiv;Shevchenka;74;Suite;2;100;255;2024-04-21;2024-04-24;checked-in;3;Good hotel;2024-04-21
520;Hyatt;Hyatt Sea View;Sea View description;info520@hotel.com;Ukraine;Odesa;Shevchenka;26;Single;3;258;377;2024-11-02;2024-11-05;confirmed;3;Good hotel;2024-11-02
521;Marriott;Marriott Mountain Resort;Mountain Resort description;info521@hotel.com;Ukraine;Lviv;Shevchenka;37;Single;1;255;151;2024-02-28;2024-03-01;pending;3;Good hotel;2024-02-28
522;Accor;Accor Grand Hotel;Grand Hotel description;info522@hotel.com;Ukraine;Kyiv;Shevchenka;26;Single;1;176;220;2024-09-25;2024-09-29;pending;1;Good hotel;2024-09-25
523;Hyatt;Hyatt City Inn;City Inn description;info523@hotel.com;Ukraine;Lviv;Shevchenka;59;Suite;1;158;105;2024-04-14;2024-04-19;checked-out;1;Good hotel;2024-04-14
524;Hyatt;Hyatt Grand Hotel;Grand Hotel description;info524@hotel.com;Ukraine;Lviv;Shevchenka;52;Suite;2;199;70;2024-02-25;2024-03-02;checked-in;1;Good hotel;2024-02-25
525;Accor;Accor Mountain Resort;Mountain Resort description;info525@hotel.com;Ukraine;Lviv;Shevchenka;11;Suite;3;290;472;2024-01-05;2024-01-07;checked-in;5;Good hotel;2024-01-05
526;Accor;Accor Grand Hotel;Grand Hotel description;info526@hotel.com;Ukraine;Kyiv;Shevchenka;61;Single;2;161;21;2024-06-22;2024-06-29;pending;1;Good hotel;2024-06-22
527;Hyatt;Hyatt City Inn;City Inn description;info527@hotel.com;Ukraine;Dnipro;Shevchenka;39;Double;2;85;274;2024-08-26;2024-08-28;checked-in;5;Good hotel;2024-08-26
528;Radisson;Radisson Mountain Resort;Mountain Resort description;info528@hotel.com;Ukraine;Odesa;Shevchenka;6;Single;2;203;187;2024-09-17;2024-09-20;checked-in;2;Good hotel;2024-09-17
529;Hyatt;Hyatt City Inn;City Inn description;info529@hotel.com;Ukraine;Odesa;Shevchenka;13;Single;3;214;369;2024-11-28;2024-12-03;confirmed;1;Good hotel;2024-11-28
530;Accor;Accor Mountain Resort;Mountain Resort description;info530@hotel.com;Ukraine;Lviv;Shevchenka;3;Suite;4;155;271;2024-11-04;2024-11-06;checked-in;1;Good hotel;2024-11-04
531;Marriott;Marriott City Inn;City Inn description;info531@hotel.com;Ukraine;Kyiv;Shevchenka;87;Double;3;95;111;2024-05-16;2024-05-21;pending;3;Good hotel;2024-05-16
532;Marriott;Marriott City Inn;City Inn description;info532@hotel.com;Ukraine;Dnipro;Shevchenka;29;Suite;4;278;467;2024-07-09;2024-07-12;pending;3;Good hotel;2024-07-09
533;Radisson;Radisson City Inn;City Inn description;info533@hotel.com;Ukraine;Odesa;Shevchenka;31;Suite;2;126;162;2024-11-30;2024-12-01;checked-out;4;Good hotel;2024-11-30
534;Accor;Accor City Inn;City Inn description;info534@hotel.com;Ukraine;Odesa;Shevchenka;59;Suite;1;159;124;2024-10-18;2024-10-20;checked-out;5;Good hotel;2024-10-18
535;Accor;Accor City Inn;City Inn description;info535@hotel.com;Ukraine;Kyiv;Shevchenka;75;Single;4;118;229;2024-03-28;2024-03-31;checked-in;5;Good hotel;2024-03-28
536;Hilton;Hilton City Inn;City Inn description;info536@hotel.com;Ukraine;Odesa;Shevchenka;31;Single;4;140;28;2024-09-06;2024-09-09;pending;4;Good hotel;2024-09-06
537;Accor;Accor Mountain Resort;Mountain Resort description;info537@hotel.com;Ukraine;Dnipro;Shevchenka;20;Suite;2;240;310;2024-01-27;2024-01-31;confirmed;3;Good hotel;2024-01-27
538;Hyatt;Hyatt Mountain Resort;Mountain Resort description;info538@hotel.com;Ukraine;Kyiv;Shevchenka;26;Suite;4;110;307;2024-08-15;2024-08-19;pending;2;Good hotel;2024-08-15
539;Hilton;Hilton Grand Hotel;Grand Hotel description;info539@hotel.com;Ukraine;Odesa;Shevchenka;32;Double;1;135;407;2024-11-25;2024-11-26;checked-out;1;Good hotel;2024-11-25
540;Accor;Accor Mountain Resort;Mountain Resort description;info540@hotel.com;Ukraine;Lviv;Shevchenka;28;Single;4;264;92;2024-03-31;2024-04-07;checked-in;3;Good hotel;2024-03-31
541;Marriott;Marriott Mountain Resort;Mountain Resort description;info541@hotel.com;Ukraine;Odesa;Shevchenka;30;Double;2;227;303;2024-09-11;2024-09-14;pending;5;Good hotel;2024-09-11
542;Hilton;Hilton Sea View;Sea View description;info542@hotel.com;Ukraine;Lviv;Shevchenka;70;Double;4;217;445;2024-01-29;2024-02-05;pending;4;Good hotel;2024-01-29
543;Marriott;Marriott City Inn;City Inn description;info543@hotel.com;Ukraine;Kyiv;Shevchenka;46;Suite;2;282;459;2024-08-22;2024-08-23;checked-in;4;Good hotel;2024-08-22
544;Hilton;Hilton Mountain Resort;Mountain Resort description;info544@hotel.com;Ukraine;Dnipro;Shevchenka;35;Single;4;298;373;2024-09-18;2024-09-23;confirmed;3;Good hotel;2024-09-18
545;Radisson;Radisson Grand Hotel;Grand Hotel description;info545@hotel.com;Ukraine;Kyiv;Shevchenka;88;Single;1;80;305;2024-10-04;2024-10-10;pending;1;Good hotel;2024-10-04
546;Accor;Accor Mountain Resort;Mountain Resort description;info546@hotel.com;Ukraine;Lviv;Shevchenka;71;Single;4;150;323;2024-03-18;2024-03-20;checked-out;3;Good hotel;2024-03-18
547;Accor;Accor Grand Hotel;Grand Hotel description;info547@hotel.com;Ukraine;Kyiv;Shevchenka;76;Double;3;152;261;2024-07-22;2024-07-28;pending;1;Good hotel;2024-07-22
548;Accor;Accor Grand Hotel;Grand Hotel description;info548@hotel.com;Ukraine;Kyiv;Shevchenka;52;Double;3;263;114;2024-04-06;2024-04-10;pending;2;Good hotel;2024-04-06
549;Hyatt;Hyatt Mountain Resort;Mountain Resort description;info549@hotel.com;Ukraine;Lviv;Shevchenka;97;Suite;3;103;292;2024-04-04;2024-04-11;confirmed;2;Good hotel;2024-04-04
550;Hyatt;Hyatt Sea View;Sea View description;info550@hotel.com;Ukraine;Lviv;Shevchenka;25;Single;3;68;464;2024-06-05;2024-06-12;checked-in;5;Good hotel;2024-06-05
551;Hilton;Hilton Grand Hotel;Grand Hotel description;info551@hotel.com;Ukraine;Odesa;Shevchenka;94;Double;3;99;484;2024-02-03;2024-02-08;checked-out;5;Good hotel;2024-02-03
552;Marriott;Marriott City Inn;City Inn description;info552@hotel.com;Ukraine;Kyiv;Shevchenka;10;Double;1;217;182;2024-06-25;2024-06-29;pending;3;Good hotel;2024-06-25
553;Hyatt;Hyatt Grand Hotel;Grand Hotel description;info553@hotel.com;Ukraine;Kyiv;Shevchenka;38;Double;2;70;86;2024-03-27;2024-03-31;checked-in;1;Good hotel;2024-03-27
554;Hyatt;Hyatt Grand Hotel;Grand Hotel description;info554@hotel.com;Ukraine;Odesa;Shevchenka;58;Suite;4;266;30;2024-07-17;2024-07-19;checked-out;2;Good hotel;2024-07-17
555;Accor;Accor Sea View;Sea View description;info555@hotel.com;Ukraine;Lviv;Shevchenka;97;Single;4;81;479;2024-07-24;2024-07-29;pending;1;Good hotel;2024-07-24
556;Accor;Accor City Inn;City Inn description;info556@hotel.com;Ukraine;Odesa;Shevchenka;47;Suite;2;288;122;2024-11-12;2024-11-15;checked-in;1;Good hotel;2024-11-12
557;Marriott;Marriott Grand Hotel;Grand Hotel description;info557@hotel.com;Ukraine;Kyiv;Shevchenka;96;Suite;2;216;224;2024-12-10;2024-12-16;confirmed;3;Good hotel;2024-12-10
558;Radisson;Radisson Mountain Resort;Mountain Resort description;info558@hotel.com;Ukraine;Dnipro;Shevchenka;20;Double;1;108;100;2024-11-03;2024-11-08;checked-in;4;Good hotel;2024-11-03
559;Hyatt;Hyatt City Inn;City Inn description;info559@hotel.com;Ukraine;Dnipro;Shevchenka;12;Suite;1;176;276;2024-08-22;2024-08-24;pending;3;Good hotel;2024-08-22
560;Hilton;Hilton Grand Hotel;Grand Hotel description;info560@hotel.com;Ukraine;Kyiv;Shevchenka;34;Single;3;128;1;2024-04-03;2024-04-04;confirmed;1;Good hotel;2024-04-03
561;Marriott;Marriott Mountain Resort;Mountain Resort description;info561@hotel.com;Ukraine;Odesa;Shevchenka;23;Single;3;172;389;2024-12-02;2024-12-03;checked-in;4;Good hotel;2024-12-02
562;Accor;Accor City Inn;City Inn description;info562@hotel.com;Ukraine;Dnipro;Shevchenka;62;Double;3;298;22;2024-12-03;2024-12-09;checked-out;3;Good hotel;2024-12-03
563;Hyatt;Hyatt City Inn;City Inn description;info563@hotel.com;Ukraine;Dnipro;Shevchenka;87;Single;4;179;499;2024-12-27;2025-01-02;checked-out;5;Good hotel;2024-12-27
564;Marriott;Marriott Grand Hotel;Grand Hotel description;info564@hotel.com;Ukraine;Odesa;Shevchenka;69;Double;3;277;50;2024-03-28;2024-03-31;checked-in;2;Good hotel;2024-03-28
565;Marriott;Marriott Mountain Resort;Mountain Resort description;info565@hotel.com;Ukraine;Lviv;Shevchenka;40;Suite;1;62;401;2024-11-14;2024-11-17;pending;5;Good hotel;2024-11-14
566;Marriott;Marriott Grand Hotel;Grand Hotel description;info566@hotel.com;Ukraine;Kyiv;Shevchenka;2;Single;3;143;107;2024-06-02;2024-06-04;checked-in;5;Good hotel;2024-06-02
567;Marriott;Marriott Sea View;Sea View description;info567@hotel.com;Ukraine;Lviv;Shevchenka;1;Double;3;223;303;2024-01-23;2024-01-24;checked-in;4;Good hotel;2024-01-23
568;Hilton;Hilton Sea View;Sea View description;info568@hotel.com;Ukraine;Odesa;Shevchenka;24;Suite;1;264;145;2024-09-18;2024-09-20;confirmed;2;Good hotel;2024-09-18
569;Marriott;Marriott Grand Hotel;Grand Hotel description;info569@hotel.com;Ukraine;Lviv;Shevchenka;42;Suite;1;252;234;2024-03-29;2024-03-30;confirmed;3;Good hotel;2024-03-29
570;Accor;Accor City Inn;City Inn description;info570@hotel.com;Ukraine;Odesa;Shevchenka;35;Suite;1;171;375;2024-11-21;2024-11-25;checked-out;4;Good hotel;2024-11-21
571;Hyatt;Hyatt Sea View;Sea View description;info571@hotel.com;Ukraine;Odesa;Shevchenka;98;Single;3;265;269;2024-03-07;2024-03-11;checked-out;5;Good hotel;2024-03-07
572;Hyatt;Hyatt Mountain Resort;Mountain Resort description;info572@hotel.com;Ukraine;Lviv;Shevchenka;72;Suite;3;250;497;2024-03-19;2024-03-23;pending;5;Good hotel;2024-03-19
573;Accor;Accor Sea View;Sea View description;info573@hotel.com;Ukraine;Lviv;Shevchenka;30;Single;1;242;420;2024-07-13;2024-07-14;pending;5;Good hotel;2024-07-13
574;Accor;Accor City Inn;City Inn description;info574@hotel.com;Ukraine;Dnipro;Shevchenka;16;Double;3;178;223;2024-09-27;2024-09-28;checked-out;5;Good hotel;2024-09-27
575;Radisson;Radisson City Inn;City Inn description;info575@hotel.com;Ukraine;Odesa;Shevchenka;91;Single;4;78;381;2024-12-18;2024-12-21;checked-in;1;Good hotel;2024-12-18
576;Radisson;Radisson Mountain Resort;Mountain Resort description;info576@hotel.com;Ukraine;Lviv;Shevchenka;64;Double;2;72;311;2024-10-12;2024-10-13;checked-out;5;Good hotel;2024-10-12
577;Radisson;Radisson City Inn;City Inn description;info577@hotel.com;Ukraine;Odesa;Shevchenka;25;Suite;3;192;108;2024-01-28;2024-02-03;confirmed;5;Good hotel;2024-01-28
578;Hilton;Hilton City Inn;City Inn description;info578@hotel.com;Ukraine;Lviv;Shevchenka;39;Double;1;299;214;2024-10-13;2024-10-15;pending;1;Good hotel;2024-10-13
579;Accor;Accor Sea View;Sea View description;info579@hotel.com;Ukraine;Odesa;Shevchenka;78;Double;1;243;262;2024-05-11;2024-05-17;pending;1;Good hotel;2024-05-11
580;Hyatt;Hyatt Grand Hotel;Grand Hotel description;info580@hotel.com;Ukraine;Kyiv;Shevchenka;29;Double;2;218;21;2024-03-18;2024-03-20;checked-in;2;Good hotel;2024-03-18
581;Marriott;Marriott Sea View;Sea View description;info581@hotel.com;Ukraine;Lviv;Shevchenka;54;Single;2;260;169;2024-07-28;2024-08-01;pending;3;Good hotel;2024-07-28
582;Radisson;Radisson Mountain Resort;Mountain Resort description;info582@hotel.com;Ukraine;Lviv;Shevchenka;48;Double;1;107;389;2024-12-13;2024-12-20;confirmed;1;Good hotel;2024-12-13
583;Hyatt;Hyatt City Inn;City Inn description;info583@hotel.com;Ukraine;Kyiv;Shevchenka;43;Single;1;80;262;2024-01-30;2024-02-05;pending;1;Good hotel;2024-01-30
584;Accor;Accor City Inn;City Inn description;info584@hotel.com;Ukraine;Dnipro;Shevchenka;81;Double;2;66;281;2024-02-14;2024-02-17;checked-in;3;Good hotel;2024-02-14
585;Hilton;Hilton Sea View;Sea View description;info585@hotel.com;Ukraine;Kyiv;Shevchenka;54;Single;3;294;310;2024-04-17;2024-04-21;confirmed;3;Good hotel;2024-04-17
586;Accor;Accor City Inn;City Inn description;info586@hotel.com;Ukraine;Odesa;Shevchenka;75;Double;2;291;131;2024-08-28;2024-08-30;checked-in;3;Good hotel;2024-08-28
587;Hilton;Hilton City Inn;City Inn description;info587@hotel.com;Ukraine;Odesa;Shevchenka;24;Single;2;222;19;2024-04-25;2024-05-01;checked-in;3;Good hotel;2024-04-25
588;Hyatt;Hyatt Grand Hotel;Grand Hotel description;info588@hotel.com;Ukraine;Dnipro;Shevchenka;22;Suite;1;86;56;2024-04-11;2024-04-14;pending;3;Good hotel;2024-04-11
589;Radisson;Radisson Mountain Resort;Mountain Resort description;info589@hotel.com;Ukraine;Dnipro;Shevchenka;17;Single;3;247;427;2024-12-06;2024-12-07;checked-out;3;Good hotel;2024-12-06
590;Hyatt;Hyatt Grand Hotel;Grand Hotel description;info590@hotel.com;Ukraine;Kyiv;Shevchenka;21;Suite;4;214;59;2024-06-05;2024-06-11;confirmed;3;Good hotel;2024-06-05
591;Marriott;Marriott City Inn;City Inn description;info591@hotel.com;Ukraine;Kyiv;Shevchenka;86;Single;1;220;476;2024-10-12;2024-10-18;confirmed;1;Good hotel;2024-10-12
592;Marriott;Marriott Grand Hotel;Grand Hotel description;info592@hotel.com;Ukraine;Odesa;Shevchenka;57;Double;1;284;107;2024-12-31;2025-01-03;checked-in;2;Good hotel;2024-12-31
593;Accor;Accor Sea View;Sea View description;info593@hotel.com;Ukraine;Lviv;Shevchenka;21;Single;3;163;51;2024-08-10;2024-08-17;checked-in;5;Good hotel;2024-08-10
594;Marriott;Marriott Mountain Resort;Mountain Resort description;info594@hotel.com;Ukraine;Lviv;Shevchenka;18;Suite;3;99;382;2024-09-30;2024-10-02;checked-out;4;Good hotel;2024-09-30
595;Marriott;Marriott City Inn;City Inn description;info595@hotel.com;Ukraine;Dnipro;Shevchenka;68;Double;2;214;345;2024-07-13;2024-07-18;confirmed;2;Good hotel;2024-07-13
596;Marriott;Marriott City Inn;City Inn description;info596@hotel.com;Ukraine;Odesa;Shevchenka;53;Suite;3;239;381;2024-06-06;2024-06-12;confirmed;5;Good hotel;2024-06-06
597;Accor;Accor Grand Hotel;Grand Hotel description;info597@hotel.com;Ukraine;Kyiv;Shevchenka;98;Suite;4;52;176;2024-05-05;2024-05-07;checked-out;1;Good hotel;2024-05-05
598;Hyatt;Hyatt Grand Hotel;Grand Hotel description;info598@hotel.com;Ukraine;Lviv;Shevchenka;82;Suite;1;57;419;2024-02-14;2024-02-21;checked-out;2;Good hotel;2024-02-14
599;Marriott;Marriott Grand Hotel;Grand Hotel description;info599@hotel.com;Ukraine;Kyiv;Shevchenka;51;Suite;4;53;473;2024-06-08;2024-06-11;pending;5;Good hotel;2024-06-08
600;Hilton;Hilton Mountain Resort;Mountain Resort description;info600@hotel.com;Ukraine;Odesa;Shevchenka;34;Suite;2;94;485;2024-02-05;2024-02-10;checked-in;3;Good hotel;2024-02-05
601;Marriott;Marriott Sea View;Sea View description;info601@hotel.com;Ukraine;Kyiv;Shevchenka;65;Single;3;66;73;2024-08-14;2024-08-15;checked-out;4;Good hotel;2024-08-14
602;Accor;Accor Sea View;Sea View description;info602@hotel.com;Ukraine;Lviv;Shevchenka;47;Single;1;212;42;2024-03-15;2024-03-16;confirmed;2;Good hotel;2024-03-15
603;Hilton;Hilton Sea View;Sea View description;info603@hotel.com;Ukraine;Dnipro;Shevchenka;22;Double;2;190;240;2024-01-10;2024-01-11;pending;5;Good hotel;2024-01-10
604;Accor;Accor Mountain Resort;Mountain Resort description;info604@hotel.com;Ukraine;Dnipro;Shevchenka;37;Suite;3;96;9;2024-09-22;2024-09-24;checked-in;5;Good hotel;2024-09-22
605;Accor;Accor Mountain Resort;Mountain Resort description;info605@hotel.com;Ukraine;Dnipro;Shevchenka;24;Double;3;171;11;2024-09-18;2024-09-22;confirmed;2;Good hotel;2024-09-18
606;Radisson;Radisson Mountain Resort;Mountain Resort description;info606@hotel.com;Ukraine;Dnipro;Shevchenka;28;Suite;2;87;493;2024-07-18;2024-07-23;confirmed;4;Good hotel;2024-07-18
607;Hilton;Hilton Mountain Resort;Mountain Resort description;info607@hotel.com;Ukraine;Kyiv;Shevchenka;1;Suite;2;99;333;2024-04-16;2024-04-19;pending;1;Good hotel;2024-04-16
608;Hyatt;Hyatt Mountain Resort;Mountain Resort description;info608@hotel.com;Ukraine;Kyiv;Shevchenka;68;Single;2;91;204;2024-11-28;2024-11-29;pending;1;Good hotel;2024-11-28
609;Hyatt;Hyatt Grand Hotel;Grand Hotel description;info609@hotel.com;Ukraine;Lviv;Shevchenka;87;Double;1;290;298;2024-02-21;2024-02-24;checked-in;1;Good hotel;2024-02-21
610;Radisson;Radisson Sea View;Sea View description;info610@hotel.com;Ukraine;Lviv;Shevchenka;84;Double;3;252;283;2024-05-15;2024-05-20;pending;2;Good hotel;2024-05-15
611;Marriott;Marriott Mountain Resort;Mountain Resort description;info611@hotel.com;Ukraine;Dnipro;Shevchenka;34;Suite;1;214;249;2024-10-06;2024-10-11;pending;4;Good hotel;2024-10-06
612;Marriott;Marriott Mountain Resort;Mountain Resort description;info612@hotel.com;Ukraine;Odesa;Shevchenka;71;Single;2;250;393;2024-06-23;2024-06-24;checked-in;2;Good hotel;2024-06-23
613;Radisson;Radisson Mountain Resort;Mountain Resort description;info613@hotel.com;Ukraine;Dnipro;Shevchenka;74;Single;1;170;66;2024-01-23;2024-01-26;checked-in;5;Good hotel;2024-01-23
614;Hyatt;Hyatt City Inn;City Inn description;info614@hotel.com;Ukraine;Odesa;Shevchenka;38;Double;2;198;481;2024-12-06;2024-12-08;checked-out;4;Good hotel;2024-12-06
615;Radisson;Radisson City Inn;City Inn description;info615@hotel.com;Ukraine;Kyiv;Shevchenka;94;Suite;4;67;136;2024-09-07;2024-09-08;pending;4;Good hotel;2024-09-07
616;Hilton;Hilton Mountain Resort;Mountain Resort description;info616@hotel.com;Ukraine;Dnipro;Shevchenka;9;Single;3;92;230;2024-11-24;2024-11-26;pending;4;Good hotel;2024-11-24
617;Hilton;Hilton Mountain Resort;Mountain Resort description;info617@hotel.com;Ukraine;Odesa;Shevchenka;2;Suite;2;158;256;2024-02-27;2024-03-05;checked-out;2;Good hotel;2024-02-27
618;Accor;Accor City Inn;City Inn description;info618@hotel.com;Ukraine;Dnipro;Shevchenka;59;Double;2;119;113;2024-05-03;2024-05-05;confirmed;2;Good hotel;2024-05-03
619;Marriott;Marriott Grand Hotel;Grand Hotel description;info619@hotel.com;Ukraine;Lviv;Shevchenka;10;Double;1;241;119;2024-09-25;2024-09-30;checked-in;2;Good hotel;2024-09-25
620;Radisson;Radisson Sea View;Sea View description;info620@hotel.com;Ukraine;Lviv;Shevchenka;74;Single;2;266;172;2024-12-07;2024-12-10;confirmed;4;Good hotel;2024-12-07
621;Radisson;Radisson Grand Hotel;Grand Hotel description;info621@hotel.com;Ukraine;Dnipro;Shevchenka;60;Suite;1;199;308;2024-10-28;2024-11-01;confirmed;4;Good hotel;2024-10-28
622;Hilton;Hilton Grand Hotel;Grand Hotel description;info622@hotel.com;Ukraine;Kyiv;Shevchenka;63;Suite;2;167;367;2024-05-03;2024-05-08;confirmed;4;Good hotel;2024-05-03
623;Accor;Accor City Inn;City Inn description;info623@hotel.com;Ukraine;Lviv;Shevchenka;3;Single;2;75;64;2024-02-24;2024-02-29;checked-out;4;Good hotel;2024-02-24
624;Marriott;Marriott Grand Hotel;Grand Hotel description;info624@hotel.com;Ukraine;Dnipro;Shevchenka;52;Single;4;183;72;2024-03-08;2024-03-11;pending;3;Good hotel;2024-03-08
625;Accor;Accor Mountain Resort;Mountain Resort description;info625@hotel.com;Ukraine;Lviv;Shevchenka;9;Suite;4;226;403;2024-10-22;2024-10-27;pending;5;Good hotel;2024-10-22
626;Radisson;Radisson Mountain Resort;Mountain Resort description;info626@hotel.com;Ukraine;Odesa;Shevchenka;98;Suite;3;137;79;2024-10-19;2024-10-25;confirmed;1;Good hotel;2024-10-19
627;Marriott;Marriott Sea View;Sea View description;info627@hotel.com;Ukraine;Odesa;Shevchenka;58;Suite;1;79;30;2024-10-30;2024-11-04;checked-out;5;Good hotel;2024-10-30
628;Accor;Accor Grand Hotel;Grand Hotel description;info628@hotel.com;Ukraine;Dnipro;Shevchenka;91;Double;3;137;147;2024-03-31;2024-04-02;checked-in;1;Good hotel;2024-03-31
629;Hilton;Hilton City Inn;City Inn description;info629@hotel.com;Ukraine;Dnipro;Shevchenka;30;Double;3;68;426;2024-03-19;2024-03-24;checked-out;5;Good hotel;2024-03-19
630;Marriott;Marriott Mountain Resort;Mountain Resort description;info630@hotel.com;Ukraine;Dnipro;Shevchenka;67;Single;1;103;196;2024-01-11;2024-01-17;confirmed;3;Good hotel;2024-01-11
631;Hilton;Hilton Grand Hotel;Grand Hotel description;info631@hotel.com;Ukraine;Lviv;Shevchenka;3;Single;1;278;72;2024-09-26;2024-09-28;checked-in;3;Good hotel;2024-09-26
632;Marriott;Marriott Grand Hotel;Grand Hotel description;info632@hotel.com;Ukraine;Dnipro;Shevchenka;1;Double;4;160;466;2024-08-31;2024-09-01;pending;5;Good hotel;2024-08-31
633;Accor;Accor City Inn;City Inn description;info633@hotel.com;Ukraine;Odesa;Shevchenka;58;Single;4;143;46;2024-06-18;2024-06-24;confirmed;1;Good hotel;2024-06-18
634;Marriott;Marriott Grand Hotel;Grand Hotel description;info634@hotel.com;Ukraine;Odesa;Shevchenka;45;Suite;4;236;286;2024-07-10;2024-07-11;pending;3;Good hotel;2024-07-10
635;Hyatt;Hyatt Mountain Resort;Mountain Resort description;info635@hotel.com;Ukraine;Dnipro;Shevchenka;70;Double;3;202;261;2024-11-22;2024-11-25;pending;3;Good hotel;2024-11-22
636;Radisson;Radisson Grand Hotel;Grand Hotel description;info636@hotel.com;Ukraine;Kyiv;Shevchenka;19;Suite;3;253;250;2024-12-17;2024-12-21;checked-out;2;Good hotel;2024-12-17
637;Radisson;Radisson Grand Hotel;Grand Hotel description;info637@hotel.com;Ukraine;Lviv;Shevchenka;29;Double;1;268;353;2024-09-18;2024-09-24;checked-in;1;Good hotel;2024-09-18
638;Marriott;Marriott City Inn;City Inn description;info638@hotel.com;Ukraine;Kyiv;Shevchenka;45;Suite;3;213;391;2024-05-21;2024-05-25;confirmed;2;Good hotel;2024-05-21
639;Hyatt;Hyatt City Inn;City Inn description;info639@hotel.com;Ukraine;Kyiv;Shevchenka;10;Single;1;94;325;2024-04-14;2024-04-17;checked-in;2;Good hotel;2024-04-14
640;Hilton;Hilton Sea View;Sea View description;info640@hotel.com;Ukraine;Lviv;Shevchenka;83;Suite;3;87;272;2024-03-09;2024-03-15;checked-out;3;Good hotel;2024-03-09
641;Marriott;Marriott Grand Hotel;Grand Hotel description;info641@hotel.com;Ukraine;Odesa;Shevchenka;98;Double;2;260;171;2024-05-09;2024-05-12;confirmed;3;Good hotel;2024-05-09
642;Hilton;Hilton Grand Hotel;Grand Hotel description;info642@hotel.com;Ukraine;Dnipro;Shevchenka;71;Single;3;198;185;2024-07-25;2024-07-28;checked-out;1;Good hotel;2024-07-25
643;Hilton;Hilton Mountain Resort;Mountain Resort description;info643@hotel.com;Ukraine;Dnipro;Shevchenka;90;Suite;1;213;110;2024-04-06;2024-04-13;confirmed;3;Good hotel;2024-04-06
644;Radisson;Radisson Sea View;Sea View description;info644@hotel.com;Ukraine;Dnipro;Shevchenka;32;Double;2;55;126;2024-09-01;2024-09-02;checked-in;4;Good hotel;2024-09-01
645;Radisson;Radisson City Inn;City Inn description;info645@hotel.com;Ukraine;Lviv;Shevchenka;82;Double;3;190;14;2024-03-24;2024-03-25;checked-in;2;Good hotel;2024-03-24
646;Radisson;Radisson Grand Hotel;Grand Hotel description;info646@hotel.com;Ukraine;Lviv;Shevchenka;61;Single;1;113;495;2024-02-10;2024-02-13;confirmed;4;Good hotel;2024-02-10
647;Hilton;Hilton Grand Hotel;Grand Hotel description;info647@hotel.com;Ukraine;Lviv;Shevchenka;2;Single;2;69;337;2024-11-26;2024-12-01;checked-out;2;Good hotel;2024-11-26
648;Marriott;Marriott Sea View;Sea View description;info648@hotel.com;Ukraine;Odesa;Shevchenka;66;Suite;2;51;316;2024-07-23;2024-07-26;confirmed;1;Good hotel;2024-07-23
649;Accor;Accor Sea View;Sea View description;info649@hotel.com;Ukraine;Dnipro;Shevchenka;73;Double;3;73;87;2024-08-16;2024-08-20;checked-in;5;Good hotel;2024-08-16
650;Radisson;Radisson Grand Hotel;Grand Hotel description;info650@hotel.com;Ukraine;Lviv;Shevchenka;95;Double;2;297;48;2024-12-04;2024-12-09;confirmed;3;Good hotel;2024-12-04
651;Marriott;Marriott Mountain Resort;Mountain Resort description;info651@hotel.com;Ukraine;Dnipro;Shevchenka;28;Suite;3;155;308;2024-06-25;2024-06-30;checked-in;2;Good hotel;2024-06-25
652;Hilton;Hilton City Inn;City Inn description;info652@hotel.com;Ukraine;Lviv;Shevchenka;22;Single;2;254;399;2024-11-24;2024-11-30;pending;5;Good hotel;2024-11-24
653;Accor;Accor City Inn;City Inn description;info653@hotel.com;Ukraine;Odesa;Shevchenka;66;Suite;1;131;315;2024-08-23;2024-08-24;checked-in;1;Good hotel;2024-08-23
654;Marriott;Marriott Sea View;Sea View description;info654@hotel.com;Ukraine;Dnipro;Shevchenka;53;Double;4;71;229;2024-07-25;2024-07-27;checked-out;5;Good hotel;2024-07-25
655;Hilton;Hilton City Inn;City Inn description;info655@hotel.com;Ukraine;Odesa;Shevchenka;94;Double;4;80;185;2024-03-27;2024-03-31;checked-out;2;Good hotel;2024-03-27
656;Hilton;Hilton Sea View;Sea View description;info656@hotel.com;Ukraine;Kyiv;Shevchenka;30;Double;3;91;140;2024-07-27;2024-07-30;pending;3;Good hotel;2024-07-27
657;Marriott;Marriott Sea View;Sea View description;info657@hotel.com;Ukraine;Dnipro;Shevchenka;19;Double;3;61;257;2024-11-20;2024-11-22;checked-out;5;Good hotel;2024-11-20
658;Marriott;Marriott Mountain Resort;Mountain Resort description;info658@hotel.com;Ukraine;Odesa;Shevchenka;78;Single;4;51;438;2024-01-08;2024-01-13;pending;4;Good hotel;2024-01-08
659;Marriott;Marriott Grand Hotel;Grand Hotel description;info659@hotel.com;Ukraine;Dnipro;Shevchenka;40;Double;1;139;91;2024-08-23;2024-08-29;confirmed;5;Good hotel;2024-08-23
660;Marriott;Marriott Mountain Resort;Mountain Resort description;info660@hotel.com;Ukraine;Lviv;Shevchenka;29;Double;1;131;115;2024-04-03;2024-04-04;pending;5;Good hotel;2024-04-03
661;Hilton;Hilton Grand Hotel;Grand Hotel description;info661@hotel.com;Ukraine;Kyiv;Shevchenka;70;Suite;2;207;273;2024-06-11;2024-06-16;pending;3;Good hotel;2024-06-11
662;Hilton;Hilton Sea View;Sea View description;info662@hotel.com;Ukraine;Dnipro;Shevchenka;17;Suite;2;82;326;2024-07-01;2024-07-08;confirmed;3;Good hotel;2024-07-01
663;Marriott;Marriott Grand Hotel;Grand Hotel description;info663@hotel.com;Ukraine;Odesa;Shevchenka;46;Single;2;286;471;2024-11-14;2024-11-17;checked-in;4;Good hotel;2024-11-14
664;Marriott;Marriott City Inn;City Inn description;info664@hotel.com;Ukraine;Dnipro;Shevchenka;17;Double;4;57;421;2024-07-13;2024-07-16;confirmed;3;Good hotel;2024-07-13
665;Marriott;Marriott Mountain Resort;Mountain Resort description;info665@hotel.com;Ukraine;Dnipro;Shevchenka;55;Suite;3;287;400;2024-12-29;2025-01-01;checked-out;3;Good hotel;2024-12-29
666;Hilton;Hilton Grand Hotel;Grand Hotel description;info666@hotel.com;Ukraine;Dnipro;Shevchenka;89;Suite;1;142;330;2024-05-13;2024-05-20;pending;4;Good hotel;2024-05-13
667;Hyatt;Hyatt City Inn;City Inn description;info667@hotel.com;Ukraine;Lviv;Shevchenka;71;Suite;3;193;354;2024-10-17;2024-10-23;pending;1;Good hotel;2024-10-17
668;Hyatt;Hyatt Grand Hotel;Grand Hotel description;info668@hotel.com;Ukraine;Odesa;Shevchenka;98;Double;1;178;216;2024-05-09;2024-05-15;checked-in;3;Good hotel;2024-05-09
669;Marriott;Marriott City Inn;City Inn description;info669@hotel.com;Ukraine;Odesa;Shevchenka;76;Single;4;156;276;2024-12-18;2024-12-21;checked-in;2;Good hotel;2024-12-18
670;Accor;Accor Grand Hotel;Grand Hotel description;info670@hotel.com;Ukraine;Kyiv;Shevchenka;42;Single;3;92;9;2024-05-08;2024-05-11;checked-out;4;Good hotel;2024-05-08
671;Hyatt;Hyatt Mountain Resort;Mountain Resort description;info671@hotel.com;Ukraine;Dnipro;Shevchenka;83;Single;3;229;120;2024-04-17;2024-04-21;pending;2;Good hotel;2024-04-17
672;Hyatt;Hyatt Sea View;Sea View description;info672@hotel.com;Ukraine;Lviv;Shevchenka;37;Single;2;232;318;2024-09-25;2024-09-28;confirmed;3;Good hotel;2024-09-25
673;Hyatt;Hyatt Sea View;Sea View description;info673@hotel.com;Ukraine;Dnipro;Shevchenka;11;Suite;4;195;467;2024-02-09;2024-02-12;checked-in;3;Good hotel;2024-02-09
674;Radisson;Radisson Mountain Resort;Mountain Resort description;info674@hotel.com;Ukraine;Odesa;Shevchenka;77;Suite;4;199;240;2024-12-06;2024-12-09;confirmed;1;Good hotel;2024-12-06
675;Accor;Accor City Inn;City Inn description;info675@hotel.com;Ukraine;Odesa;Shevchenka;33;Double;4;128;325;2024-06-16;2024-06-22;confirmed;2;Good hotel;2024-06-16
676;Radisson;Radisson Mountain Resort;Mountain Resort description;info676@hotel.com;Ukraine;Lviv;Shevchenka;46;Double;4;165;276;2024-01-16;2024-01-19;checked-out;3;Good hotel;2024-01-16
677;Marriott;Marriott Sea View;Sea View description;info677@hotel.com;Ukraine;Dnipro;Shevchenka;78;Double;2;93;125;2024-06-11;2024-06-18;pending;1;Good hotel;2024-06-11
678;Hilton;Hilton City Inn;City Inn description;info678@hotel.com;Ukraine;Dnipro;Shevchenka;49;Suite;2;144;499;2024-07-10;2024-07-14;pending;5;Good hotel;2024-07-10
679;Hilton;Hilton Grand Hotel;Grand Hotel description;info679@hotel.com;Ukraine;Lviv;Shevchenka;38;Single;1;164;407;2024-12-01;2024-12-08;checked-out;4;Good hotel;2024-12-01
680;Hilton;Hilton Mountain Resort;Mountain Resort description;info680@hotel.com;Ukraine;Kyiv;Shevchenka;60;Double;3;93;473;2024-03-13;2024-03-17;pending;1;Good hotel;2024-03-13
681;Hilton;Hilton Sea View;Sea View description;info681@hotel.com;Ukraine;Lviv;Shevchenka;67;Single;1;140;233;2024-04-26;2024-05-02;confirmed;3;Good hotel;2024-04-26
682;Radisson;Radisson City Inn;City Inn description;info682@hotel.com;Ukraine;Lviv;Shevchenka;35;Suite;2;184;485;2024-07-10;2024-07-17;checked-out;3;Good hotel;2024-07-10
683;Accor;Accor Mountain Resort;Mountain Resort description;info683@hotel.com;Ukraine;Kyiv;Shevchenka;90;Single;3;240;53;2024-08-01;2024-08-05;confirmed;1;Good hotel;2024-08-01
684;Marriott;Marriott Sea View;Sea View description;info684@hotel.com;Ukraine;Kyiv;Shevchenka;39;Suite;4;204;128;2024-06-06;2024-06-09;checked-out;1;Good hotel;2024-06-06
685;Accor;Accor Sea View;Sea View description;info685@hotel.com;Ukraine;Dnipro;Shevchenka;58;Double;3;210;300;2024-02-20;2024-02-26;checked-in;2;Good hotel;2024-02-20
686;Accor;Accor City Inn;City Inn description;info686@hotel.com;Ukraine;Dnipro;Shevchenka;100;Suite;4;100;417;2024-07-28;2024-07-29;confirmed;3;Good hotel;2024-07-28
687;Marriott;Marriott City Inn;City Inn description;info687@hotel.com;Ukraine;Odesa;Shevchenka;29;Single;2;223;19;2024-03-20;2024-03-27;checked-in;5;Good hotel;2024-03-20
688;Radisson;Radisson City Inn;City Inn description;info688@hotel.com;Ukraine;Lviv;Shevchenka;33;Double;2;129;384;2024-02-05;2024-02-06;checked-out;2;Good hotel;2024-02-05
689;Hilton;Hilton Mountain Resort;Mountain Resort description;info689@hotel.com;Ukraine;Odesa;Shevchenka;85;Single;3;146;386;2024-01-03;2024-01-09;checked-in;2;Good hotel;2024-01-03
690;Accor;Accor City Inn;City Inn description;info690@hotel.com;Ukraine;Kyiv;Shevchenka;63;Suite;1;219;447;2024-05-02;2024-05-09;confirmed;4;Good hotel;2024-05-02
691;Hyatt;Hyatt City Inn;City Inn description;info691@hotel.com;Ukraine;Dnipro;Shevchenka;40;Double;2;222;255;2024-10-22;2024-10-26;checked-in;1;Good hotel;2024-10-22
692;Hilton;Hilton Sea View;Sea View description;info692@hotel.com;Ukraine;Lviv;Shevchenka;97;Double;4;124;7;2024-12-21;2024-12-24;confirmed;2;Good hotel;2024-12-21
693;Accor;Accor Grand Hotel;Grand Hotel description;info693@hotel.com;Ukraine;Dnipro;Shevchenka;30;Suite;3;222;185;2024-07-05;2024-07-11;pending;5;Good hotel;2024-07-05
694;Radisson;Radisson City Inn;City Inn description;info694@hotel.com;Ukraine;Odesa;Shevchenka;79;Single;2;115;217;2024-10-30;2024-11-02;checked-out;1;Good hotel;2024-10-30
695;Hyatt;Hyatt Mountain Resort;Mountain Resort description;info695@hotel.com;Ukraine;Dnipro;Shevchenka;48;Single;2;273;132;2024-05-11;2024-05-12;confirmed;5;Good hotel;2024-05-11
696;Accor;Accor City Inn;City Inn description;info696@hotel.com;Ukraine;Kyiv;Shevchenka;9;Double;1;123;198;2024-11-22;2024-11-28;pending;3;Good hotel;2024-11-22
697;Radisson;Radisson Grand Hotel;Grand Hotel description;info697@hotel.com;Ukraine;Lviv;Shevchenka;19;Suite;4;59;271;2024-01-31;2024-02-05;pending;2;Good hotel;2024-01-31
698;Hilton;Hilton Grand Hotel;Grand Hotel description;info698@hotel.com;Ukraine;Lviv;Shevchenka;8;Double;4;267;485;2024-01-07;2024-01-13;pending;2;Good hotel;2024-01-07
699;Marriott;Marriott Mountain Resort;Mountain Resort description;info699@hotel.com;Ukraine;Kyiv;Shevchenka;2;Single;3;184;352;2024-06-12;2024-06-16;pending;4;Good hotel;2024-06-12
700;Accor;Accor Grand Hotel;Grand Hotel description;info700@hotel.com;Ukraine;Odesa;Shevchenka;64;Suite;4;267;55;2024-10-20;2024-10-21;confirmed;2;Good hotel;2024-10-20
701;Hilton;Hilton City Inn;City Inn description;info701@hotel.com;Ukraine;Lviv;Shevchenka;95;Suite;1;210;187;2024-05-16;2024-05-22;confirmed;1;Good hotel;2024-05-16
702;Hilton;Hilton Sea View;Sea View description;info702@hotel.com;Ukraine;Kyiv;Shevchenka;56;Double;4;64;35;2024-01-04;2024-01-09;checked-out;5;Good hotel;2024-01-04
703;Accor;Accor Sea View;Sea View description;info703@hotel.com;Ukraine;Odesa;Shevchenka;33;Single;2;156;76;2024-03-23;2024-03-28;checked-in;5;Good hotel;2024-03-23
704;Radisson;Radisson City Inn;City Inn description;info704@hotel.com;Ukraine;Dnipro;Shevchenka;53;Double;4;140;67;2024-02-11;2024-02-12;confirmed;2;Good hotel;2024-02-11
705;Radisson;Radisson Mountain Resort;Mountain Resort description;info705@hotel.com;Ukraine;Lviv;Shevchenka;86;Single;3;103;28;2024-06-17;2024-06-19;checked-out;3;Good hotel;2024-06-17
706;Hyatt;Hyatt City Inn;City Inn description;info706@hotel.com;Ukraine;Odesa;Shevchenka;50;Double;2;105;185;2024-04-03;2024-04-07;pending;4;Good hotel;2024-04-03
707;Accor;Accor Sea View;Sea View description;info707@hotel.com;Ukraine;Kyiv;Shevchenka;14;Single;3;166;68;2024-12-25;2024-12-28;checked-in;1;Good hotel;2024-12-25
708;Radisson;Radisson City Inn;City Inn description;info708@hotel.com;Ukraine;Dnipro;Shevchenka;7;Double;4;106;137;2024-08-04;2024-08-09;checked-in;1;Good hotel;2024-08-04
709;Radisson;Radisson Grand Hotel;Grand Hotel description;info709@hotel.com;Ukraine;Lviv;Shevchenka;65;Suite;3;126;393;2024-06-28;2024-07-04;checked-out;1;Good hotel;2024-06-28
710;Hyatt;Hyatt Grand Hotel;Grand Hotel description;info710@hotel.com;Ukraine;Lviv;Shevchenka;70;Double;4;300;309;2024-04-28;2024-05-03;checked-in;5;Good hotel;2024-04-28
711;Marriott;Marriott Grand Hotel;Grand Hotel description;info711@hotel.com;Ukraine;Dnipro;Shevchenka;24;Suite;3;177;246;2024-08-20;2024-08-22;confirmed;4;Good hotel;2024-08-20
712;Hyatt;Hyatt Mountain Resort;Mountain Resort description;info712@hotel.com;Ukraine;Dnipro;Shevchenka;16;Suite;2;251;361;2024-10-25;2024-10-30;checked-in;4;Good hotel;2024-10-25
713;Hyatt;Hyatt Mountain Resort;Mountain Resort description;info713@hotel.com;Ukraine;Lviv;Shevchenka;25;Suite;4;81;81;2024-05-25;2024-05-31;confirmed;1;Good hotel;2024-05-25
714;Hilton;Hilton Sea View;Sea View description;info714@hotel.com;Ukraine;Dnipro;Shevchenka;100;Single;4;117;214;2024-08-24;2024-08-28;confirmed;2;Good hotel;2024-08-24
715;Radisson;Radisson Grand Hotel;Grand Hotel description;info715@hotel.com;Ukraine;Dnipro;Shevchenka;81;Single;1;246;76;2024-10-09;2024-10-15;checked-in;1;Good hotel;2024-10-09
716;Accor;Accor Mountain Resort;Mountain Resort description;info716@hotel.com;Ukraine;Lviv;Shevchenka;29;Single;2;255;148;2024-10-26;2024-10-29;checked-out;5;Good hotel;2024-10-26
717;Marriott;Marriott City Inn;City Inn description;info717@hotel.com;Ukraine;Odesa;Shevchenka;74;Single;4;84;196;2024-07-28;2024-08-04;confirmed;3;Good hotel;2024-07-28
718;Hilton;Hilton City Inn;City Inn description;info718@hotel.com;Ukraine;Kyiv;Shevchenka;65;Double;4;232;297;2024-02-24;2024-02-26;checked-out;4;Good hotel;2024-02-24
719;Radisson;Radisson City Inn;City Inn description;info719@hotel.com;Ukraine;Dnipro;Shevchenka;28;Suite;4;254;216;2024-10-01;2024-10-06;confirmed;3;Good hotel;2024-10-01
720;Hyatt;Hyatt Sea View;Sea View description;info720@hotel.com;Ukraine;Dnipro;Shevchenka;13;Suite;4;175;205;2024-04-15;2024-04-22;confirmed;1;Good hotel;2024-04-15
721;Hilton;Hilton Mountain Resort;Mountain Resort description;info721@hotel.com;Ukraine;Odesa;Shevchenka;51;Double;2;231;224;2024-04-28;2024-05-04;checked-out;5;Good hotel;2024-04-28
722;Marriott;Marriott City Inn;City Inn description;info722@hotel.com;Ukraine;Odesa;Shevchenka;55;Suite;1;278;239;2024-03-07;2024-03-12;checked-in;1;Good hotel;2024-03-07
723;Hilton;Hilton City Inn;City Inn description;info723@hotel.com;Ukraine;Dnipro;Shevchenka;46;Single;4;176;492;2024-05-06;2024-05-11;checked-out;2;Good hotel;2024-05-06
724;Hilton;Hilton Mountain Resort;Mountain Resort description;info724@hotel.com;Ukraine;Lviv;Shevchenka;97;Suite;4;100;130;2024-11-06;2024-11-11;checked-out;4;Good hotel;2024-11-06
725;Hyatt;Hyatt Grand Hotel;Grand Hotel description;info725@hotel.com;Ukraine;Dnipro;Shevchenka;48;Single;3;119;483;2024-01-09;2024-01-10;checked-out;5;Good hotel;2024-01-09
726;Accor;Accor Sea View;Sea View description;info726@hotel.com;Ukraine;Odesa;Shevchenka;88;Single;4;212;238;2024-11-21;2024-11-27;confirmed;2;Good hotel;2024-11-21
727;Hyatt;Hyatt Grand Hotel;Grand Hotel description;info727@hotel.com;Ukraine;Odesa;Shevchenka;1;Single;4;281;340;2024-08-12;2024-08-15;pending;1;Good hotel;2024-08-12
728;Hyatt;Hyatt Sea View;Sea View description;info728@hotel.com;Ukraine;Lviv;Shevchenka;42;Single;4;227;71;2024-08-04;2024-08-06;checked-out;1;Good hotel;2024-08-04
729;Hilton;Hilton Grand Hotel;Grand Hotel description;info729@hotel.com;Ukraine;Dnipro;Shevchenka;51;Suite;2;141;361;2024-07-05;2024-07-10;checked-out;4;Good hotel;2024-07-05
730;Hyatt;Hyatt City Inn;City Inn description;info730@hotel.com;Ukraine;Kyiv;Shevchenka;42;Suite;4;270;459;2024-12-07;2024-12-08;checked-in;2;Good hotel;2024-12-07
731;Hyatt;Hyatt City Inn;City Inn description;info731@hotel.com;Ukraine;Odesa;Shevchenka;26;Double;2;98;147;2024-08-03;2024-08-04;confirmed;3;Good hotel;2024-08-03
732;Hyatt;Hyatt City Inn;City Inn description;info732@hotel.com;Ukraine;Lviv;Shevchenka;15;Suite;3;84;119;2024-06-20;2024-06-24;checked-out;5;Good hotel;2024-06-20
733;Accor;Accor Mountain Resort;Mountain Resort description;info733@hotel.com;Ukraine;Dnipro;Shevchenka;37;Double;3;224;373;2024-08-03;2024-08-10;checked-out;5;Good hotel;2024-08-03
734;Hilton;Hilton City Inn;City Inn description;info734@hotel.com;Ukraine;Odesa;Shevchenka;20;Single;2;121;291;2024-05-02;2024-05-09;pending;1;Good hotel;2024-05-02
735;Marriott;Marriott Sea View;Sea View description;info735@hotel.com;Ukraine;Kyiv;Shevchenka;61;Suite;4;246;6;2024-06-02;2024-06-05;checked-out;2;Good hotel;2024-06-02
736;Hyatt;Hyatt City Inn;City Inn description;info736@hotel.com;Ukraine;Lviv;Shevchenka;47;Suite;1;185;314;2024-04-17;2024-04-18;checked-in;5;Good hotel;2024-04-17
737;Marriott;Marriott Sea View;Sea View description;info737@hotel.com;Ukraine;Dnipro;Shevchenka;37;Double;2;255;213;2024-07-04;2024-07-05;pending;5;Good hotel;2024-07-04
738;Hilton;Hilton City Inn;City Inn description;info738@hotel.com;Ukraine;Lviv;Shevchenka;19;Single;4;156;374;2024-01-12;2024-01-17;checked-out;4;Good hotel;2024-01-12
739;Hilton;Hilton Mountain Resort;Mountain Resort description;info739@hotel.com;Ukraine;Dnipro;Shevchenka;34;Single;3;96;82;2024-04-10;2024-04-17;checked-in;5;Good hotel;2024-04-10
740;Radisson;Radisson Mountain Resort;Mountain Resort description;info740@hotel.com;Ukraine;Dnipro;Shevchenka;22;Single;3;88;404;2024-12-24;2024-12-25;checked-in;3;Good hotel;2024-12-24
741;Marriott;Marriott Sea View;Sea View description;info741@hotel.com;Ukraine;Odesa;Shevchenka;78;Suite;3;68;32;2024-12-08;2024-12-12;confirmed;4;Good hotel;2024-12-08
742;Hyatt;Hyatt Mountain Resort;Mountain Resort description;info742@hotel.com;Ukraine;Kyiv;Shevchenka;52;Double;3;117;56;2024-10-08;2024-10-10;pending;3;Good hotel;2024-10-08
743;Accor;Accor City Inn;City Inn description;info743@hotel.com;Ukraine;Dnipro;Shevchenka;87;Single;3;218;218;2024-07-31;2024-08-03;checked-out;3;Good hotel;2024-07-31
744;Hilton;Hilton Sea View;Sea View description;info744@hotel.com;Ukraine;Odesa;Shevchenka;16;Double;1;80;423;2024-09-15;2024-09-18;pending;5;Good hotel;2024-09-15
745;Accor;Accor Mountain Resort;Mountain Resort description;info745@hotel.com;Ukraine;Odesa;Shevchenka;75;Suite;1;144;46;2024-12-15;2024-12-22;pending;2;Good hotel;2024-12-15
746;Hilton;Hilton Mountain Resort;Mountain Resort description;info746@hotel.com;Ukraine;Dnipro;Shevchenka;40;Suite;2;215;36;2024-12-28;2025-01-02;checked-in;3;Good hotel;2024-12-28
747;Hilton;Hilton Sea View;Sea View description;info747@hotel.com;Ukraine;Dnipro;Shevchenka;16;Suite;2;263;253;2024-10-18;2024-10-24;pending;1;Good hotel;2024-10-18
748;Radisson;Radisson Grand Hotel;Grand Hotel description;info748@hotel.com;Ukraine;Lviv;Shevchenka;86;Suite;3;220;456;2024-04-17;2024-04-24;checked-in;4;Good hotel;2024-04-17
749;Hyatt;Hyatt City Inn;City Inn description;info749@hotel.com;Ukraine;Lviv;Shevchenka;93;Suite;4;179;439;2024-03-25;2024-03-26;confirmed;3;Good hotel;2024-03-25
750;Marriott;Marriott Grand Hotel;Grand Hotel description;info750@hotel.com;Ukraine;Kyiv;Shevchenka;59;Double;1;143;399;2024-08-31;2024-09-01;confirmed;4;Good hotel;2024-08-31
751;Marriott;Marriott Sea View;Sea View description;info751@hotel.com;Ukraine;Kyiv;Shevchenka;66;Suite;1;242;157;2024-06-19;2024-06-26;pending;2;Good hotel;2024-06-19
752;Radisson;Radisson Mountain Resort;Mountain Resort description;info752@hotel.com;Ukraine;Odesa;Shevchenka;65;Single;1;232;360;2024-10-16;2024-10-18;checked-out;2;Good hotel;2024-10-16
753;Hyatt;Hyatt Sea View;Sea View description;info753@hotel.com;Ukraine;Odesa;Shevchenka;8;Double;3;236;185;2024-12-05;2024-12-06;checked-out;5;Good hotel;2024-12-05
754;Hyatt;Hyatt Grand Hotel;Grand Hotel description;info754@hotel.com;Ukraine;Lviv;Shevchenka;73;Suite;1;189;485;2024-09-14;2024-09-21;checked-in;4;Good hotel;2024-09-14
755;Hilton;Hilton Mountain Resort;Mountain Resort description;info755@hotel.com;Ukraine;Dnipro;Shevchenka;62;Double;4;50;383;2024-04-23;2024-04-29;checked-out;4;Good hotel;2024-04-23
756;Hilton;Hilton Mountain Resort;Mountain Resort description;info756@hotel.com;Ukraine;Odesa;Shevchenka;3;Double;4;280;173;2024-01-06;2024-01-07;checked-in;2;Good hotel;2024-01-06
757;Accor;Accor Sea View;Sea View description;info757@hotel.com;Ukraine;Lviv;Shevchenka;47;Double;2;176;197;2024-05-11;2024-05-17;checked-out;1;Good hotel;2024-05-11
758;Hyatt;Hyatt Mountain Resort;Mountain Resort description;info758@hotel.com;Ukraine;Kyiv;Shevchenka;47;Suite;2;50;255;2024-04-20;2024-04-27;pending;5;Good hotel;2024-04-20
759;Hilton;Hilton Sea View;Sea View description;info759@hotel.com;Ukraine;Lviv;Shevchenka;61;Double;4;213;173;2024-06-18;2024-06-20;checked-out;3;Good hotel;2024-06-18
760;Radisson;Radisson City Inn;City Inn description;info760@hotel.com;Ukraine;Dnipro;Shevchenka;84;Single;1;106;59;2024-08-12;2024-08-14;checked-out;1;Good hotel;2024-08-12
761;Hilton;Hilton Grand Hotel;Grand Hotel description;info761@hotel.com;Ukraine;Odesa;Shevchenka;51;Single;1;223;245;2024-01-16;2024-01-23;checked-in;1;Good hotel;2024-01-16
762;Radisson;Radisson City Inn;City Inn description;info762@hotel.com;Ukraine;Lviv;Shevchenka;52;Double;2;294;351;2024-02-25;2024-03-03;checked-out;5;Good hotel;2024-02-25
763;Accor;Accor City Inn;City Inn description;info763@hotel.com;Ukraine;Odesa;Shevchenka;28;Single;4;185;275;2024-03-14;2024-03-21;checked-in;3;Good hotel;2024-03-14
764;Accor;Accor City Inn;City Inn description;info764@hotel.com;Ukraine;Dnipro;Shevchenka;99;Single;2;88;13;2024-09-02;2024-09-05;checked-out;4;Good hotel;2024-09-02
765;Hyatt;Hyatt Grand Hotel;Grand Hotel description;info765@hotel.com;Ukraine;Lviv;Shevchenka;33;Double;4;156;292;2024-08-29;2024-08-30;confirmed;5;Good hotel;2024-08-29
766;Accor;Accor Mountain Resort;Mountain Resort description;info766@hotel.com;Ukraine;Odesa;Shevchenka;1;Double;1;241;170;2024-03-01;2024-03-03;checked-out;2;Good hotel;2024-03-01
767;Radisson;Radisson City Inn;City Inn description;info767@hotel.com;Ukraine;Lviv;Shevchenka;24;Double;1;55;246;2024-09-29;2024-10-04;checked-in;4;Good hotel;2024-09-29
768;Hyatt;Hyatt City Inn;City Inn description;info768@hotel.com;Ukraine;Odesa;Shevchenka;94;Single;1;252;457;2024-03-21;2024-03-26;confirmed;3;Good hotel;2024-03-21
769;Accor;Accor Sea View;Sea View description;info769@hotel.com;Ukraine;Dnipro;Shevchenka;30;Suite;2;82;261;2024-12-13;2024-12-16;checked-in;3;Good hotel;2024-12-13
770;Radisson;Radisson Mountain Resort;Mountain Resort description;info770@hotel.com;Ukraine;Kyiv;Shevchenka;81;Single;3;201;397;2024-10-21;2024-10-27;checked-out;1;Good hotel;2024-10-21
771;Accor;Accor City Inn;City Inn description;info771@hotel.com;Ukraine;Lviv;Shevchenka;29;Single;1;64;371;2024-01-29;2024-01-30;confirmed;1;Good hotel;2024-01-29
772;Hilton;Hilton Grand Hotel;Grand Hotel description;info772@hotel.com;Ukraine;Odesa;Shevchenka;94;Double;2;130;446;2024-02-27;2024-03-03;pending;5;Good hotel;2024-02-27
773;Radisson;Radisson City Inn;City Inn description;info773@hotel.com;Ukraine;Kyiv;Shevchenka;8;Double;2;144;380;2024-06-02;2024-06-07;confirmed;1;Good hotel;2024-06-02
774;Hyatt;Hyatt City Inn;City Inn description;info774@hotel.com;Ukraine;Odesa;Shevchenka;22;Single;3;293;289;2024-12-11;2024-12-16;confirmed;5;Good hotel;2024-12-11
775;Hyatt;Hyatt Grand Hotel;Grand Hotel description;info775@hotel.com;Ukraine;Odesa;Shevchenka;34;Single;1;94;55;2024-11-21;2024-11-24;checked-in;3;Good hotel;2024-11-21
776;Hilton;Hilton Grand Hotel;Grand Hotel description;info776@hotel.com;Ukraine;Lviv;Shevchenka;84;Single;4;218;9;2024-01-23;2024-01-30;checked-out;3;Good hotel;2024-01-23
777;Accor;Accor Grand Hotel;Grand Hotel description;info777@hotel.com;Ukraine;Dnipro;Shevchenka;61;Double;4;278;177;2024-11-01;2024-11-04;checked-out;2;Good hotel;2024-11-01
778;Radisson;Radisson Grand Hotel;Grand Hotel description;info778@hotel.com;Ukraine;Kyiv;Shevchenka;31;Single;1;199;72;2024-06-15;2024-06-16;checked-out;4;Good hotel;2024-06-15
779;Hilton;Hilton Mountain Resort;Mountain Resort description;info779@hotel.com;Ukraine;Dnipro;Shevchenka;2;Suite;1;202;395;2024-11-01;2024-11-06;checked-in;5;Good hotel;2024-11-01
780;Accor;Accor Grand Hotel;Grand Hotel description;info780@hotel.com;Ukraine;Kyiv;Shevchenka;25;Single;3;289;162;2024-08-19;2024-08-26;checked-in;4;Good hotel;2024-08-19
781;Marriott;Marriott Sea View;Sea View description;info781@hotel.com;Ukraine;Dnipro;Shevchenka;61;Single;2;219;75;2024-07-01;2024-07-02;checked-in;2;Good hotel;2024-07-01
782;Hilton;Hilton Mountain Resort;Mountain Resort description;info782@hotel.com;Ukraine;Kyiv;Shevchenka;74;Suite;1;147;460;2024-01-06;2024-01-07;confirmed;2;Good hotel;2024-01-06
783;Accor;Accor Sea View;Sea View description;info783@hotel.com;Ukraine;Lviv;Shevchenka;47;Double;3;285;63;2024-04-05;2024-04-11;checked-out;4;Good hotel;2024-04-05
784;Marriott;Marriott City Inn;City Inn description;info784@hotel.com;Ukraine;Lviv;Shevchenka;65;Single;3;146;206;2024-01-14;2024-01-19;checked-out;5;Good hotel;2024-01-14
785;Marriott;Marriott City Inn;City Inn description;info785@hotel.com;Ukraine;Kyiv;Shevchenka;27;Suite;1;53;57;2024-04-25;2024-05-01;pending;1;Good hotel;2024-04-25
786;Marriott;Marriott City Inn;City Inn description;info786@hotel.com;Ukraine;Kyiv;Shevchenka;38;Suite;4;273;139;2024-12-14;2024-12-16;confirmed;5;Good hotel;2024-12-14
787;Hilton;Hilton Mountain Resort;Mountain Resort description;info787@hotel.com;Ukraine;Odesa;Shevchenka;36;Single;1;188;17;2024-03-07;2024-03-13;checked-out;3;Good hotel;2024-03-07
788;Radisson;Radisson Sea View;Sea View description;info788@hotel.com;Ukraine;Odesa;Shevchenka;5;Suite;1;247;226;2024-10-20;2024-10-26;checked-out;3;Good hotel;2024-10-20
789;Hyatt;Hyatt Mountain Resort;Mountain Resort description;info789@hotel.com;Ukraine;Kyiv;Shevchenka;70;Single;3;140;278;2024-12-28;2025-01-04;pending;1;Good hotel;2024-12-28
790;Radisson;Radisson City Inn;City Inn description;info790@hotel.com;Ukraine;Dnipro;Shevchenka;60;Double;1;113;276;2024-06-15;2024-06-21;checked-in;3;Good hotel;2024-06-15
791;Marriott;Marriott City Inn;City Inn description;info791@hotel.com;Ukraine;Kyiv;Shevchenka;74;Double;1;161;325;2024-09-15;2024-09-21;pending;1;Good hotel;2024-09-15
792;Radisson;Radisson Sea View;Sea View description;info792@hotel.com;Ukraine;Kyiv;Shevchenka;21;Single;2;157;361;2024-11-15;2024-11-20;checked-in;2;Good hotel;2024-11-15
793;Marriott;Marriott Grand Hotel;Grand Hotel description;info793@hotel.com;Ukraine;Lviv;Shevchenka;84;Single;3;96;47;2024-10-30;2024-11-05;checked-in;3;Good hotel;2024-10-30
794;Hyatt;Hyatt City Inn;City Inn description;info794@hotel.com;Ukraine;Dnipro;Shevchenka;68;Double;1;170;124;2024-06-24;2024-06-27;checked-in;2;Good hotel;2024-06-24
795;Accor;Accor Sea View;Sea View description;info795@hotel.com;Ukraine;Odesa;Shevchenka;2;Single;2;136;302;2024-03-27;2024-04-03;checked-in;2;Good hotel;2024-03-27
796;Hilton;Hilton City Inn;City Inn description;info796@hotel.com;Ukraine;Lviv;Shevchenka;3;Double;1;230;185;2024-04-10;2024-04-11;confirmed;1;Good hotel;2024-04-10
797;Radisson;Radisson Sea View;Sea View description;info797@hotel.com;Ukraine;Lviv;Shevchenka;12;Suite;2;242;353;2024-12-26;2025-01-02;checked-in;3;Good hotel;2024-12-26
798;Marriott;Marriott Grand Hotel;Grand Hotel description;info798@hotel.com;Ukraine;Dnipro;Shevchenka;88;Suite;3;189;99;2024-07-01;2024-07-08;checked-out;3;Good hotel;2024-07-01
799;Hyatt;Hyatt Grand Hotel;Grand Hotel description;info799@hotel.com;Ukraine;Odesa;Shevchenka;9;Double;3;97;105;2024-06-02;2024-06-08;checked-out;1;Good hotel;2024-06-02
800;Marriott;Marriott Mountain Resort;Mountain Resort description;info800@hotel.com;Ukraine;Odesa;Shevchenka;40;Suite;2;251;237;2024-08-07;2024-08-09;checked-in;4;Good hotel;2024-08-07
801;Radisson;Radisson Grand Hotel;Grand Hotel description;info801@hotel.com;Ukraine;Kyiv;Shevchenka;80;Suite;4;95;413;2024-11-24;2024-12-01;pending;4;Good hotel;2024-11-24
802;Accor;Accor City Inn;City Inn description;info802@hotel.com;Ukraine;Odesa;Shevchenka;78;Single;4;102;422;2024-06-06;2024-06-13;confirmed;4;Good hotel;2024-06-06
803;Radisson;Radisson Mountain Resort;Mountain Resort description;info803@hotel.com;Ukraine;Lviv;Shevchenka;56;Single;4;61;476;2024-01-01;2024-01-03;pending;3;Good hotel;2024-01-01
804;Hilton;Hilton Sea View;Sea View description;info804@hotel.com;Ukraine;Lviv;Shevchenka;41;Single;1;143;392;2024-11-24;2024-11-29;checked-out;3;Good hotel;2024-11-24
805;Hilton;Hilton Mountain Resort;Mountain Resort description;info805@hotel.com;Ukraine;Odesa;Shevchenka;59;Suite;3;162;371;2024-09-19;2024-09-24;checked-out;5;Good hotel;2024-09-19
806;Radisson;Radisson Mountain Resort;Mountain Resort description;info806@hotel.com;Ukraine;Odesa;Shevchenka;22;Double;2;127;440;2024-06-10;2024-06-14;pending;4;Good hotel;2024-06-10
807;Hilton;Hilton Sea View;Sea View description;info807@hotel.com;Ukraine;Dnipro;Shevchenka;47;Suite;4;237;362;2024-09-26;2024-10-03;confirmed;3;Good hotel;2024-09-26
808;Marriott;Marriott City Inn;City Inn description;info808@hotel.com;Ukraine;Lviv;Shevchenka;86;Suite;2;181;204;2024-02-04;2024-02-11;confirmed;1;Good hotel;2024-02-04
809;Marriott;Marriott Sea View;Sea View description;info809@hotel.com;Ukraine;Odesa;Shevchenka;97;Double;2;141;209;2024-04-15;2024-04-16;checked-out;2;Good hotel;2024-04-15
810;Radisson;Radisson City Inn;City Inn description;info810@hotel.com;Ukraine;Dnipro;Shevchenka;54;Single;1;77;165;2024-03-25;2024-03-27;pending;3;Good hotel;2024-03-25
811;Marriott;Marriott Mountain Resort;Mountain Resort description;info811@hotel.com;Ukraine;Lviv;Shevchenka;2;Single;1;242;456;2024-06-30;2024-07-05;confirmed;4;Good hotel;2024-06-30
812;Radisson;Radisson Grand Hotel;Grand Hotel description;info812@hotel.com;Ukraine;Odesa;Shevchenka;28;Single;2;113;433;2024-10-28;2024-10-29;pending;4;Good hotel;2024-10-28
813;Radisson;Radisson Sea View;Sea View description;info813@hotel.com;Ukraine;Lviv;Shevchenka;88;Suite;2;248;31;2024-01-18;2024-01-24;pending;4;Good hotel;2024-01-18
814;Marriott;Marriott Grand Hotel;Grand Hotel description;info814@hotel.com;Ukraine;Odesa;Shevchenka;43;Single;4;57;180;2024-02-18;2024-02-24;checked-out;1;Good hotel;2024-02-18
815;Accor;Accor City Inn;City Inn description;info815@hotel.com;Ukraine;Odesa;Shevchenka;56;Double;1;179;355;2024-03-22;2024-03-29;confirmed;4;Good hotel;2024-03-22
816;Hyatt;Hyatt City Inn;City Inn description;info816@hotel.com;Ukraine;Dnipro;Shevchenka;72;Single;1;191;141;2024-06-27;2024-06-28;checked-in;3;Good hotel;2024-06-27
817;Radisson;Radisson Sea View;Sea View description;info817@hotel.com;Ukraine;Lviv;Shevchenka;81;Suite;2;229;147;2024-05-29;2024-05-30;pending;5;Good hotel;2024-05-29
818;Radisson;Radisson Mountain Resort;Mountain Resort description;info818@hotel.com;Ukraine;Dnipro;Shevchenka;25;Suite;4;146;200;2024-06-12;2024-06-16;checked-in;1;Good hotel;2024-06-12
819;Radisson;Radisson Mountain Resort;Mountain Resort description;info819@hotel.com;Ukraine;Kyiv;Shevchenka;20;Suite;4;181;151;2024-04-27;2024-05-02;checked-out;4;Good hotel;2024-04-27
820;Accor;Accor City Inn;City Inn description;info820@hotel.com;Ukraine;Odesa;Shevchenka;45;Single;2;278;260;2024-10-07;2024-10-12;pending;5;Good hotel;2024-10-07
821;Accor;Accor Grand Hotel;Grand Hotel description;info821@hotel.com;Ukraine;Lviv;Shevchenka;94;Suite;2;70;182;2024-11-09;2024-11-10;pending;1;Good hotel;2024-11-09
822;Radisson;Radisson Grand Hotel;Grand Hotel description;info822@hotel.com;Ukraine;Kyiv;Shevchenka;30;Double;1;277;148;2024-03-27;2024-04-01;confirmed;1;Good hotel;2024-03-27
823;Marriott;Marriott Grand Hotel;Grand Hotel description;info823@hotel.com;Ukraine;Odesa;Shevchenka;2;Suite;3;291;311;2024-02-23;2024-02-28;checked-in;1;Good hotel;2024-02-23
824;Hyatt;Hyatt Sea View;Sea View description;info824@hotel.com;Ukraine;Lviv;Shevchenka;32;Double;1;205;316;2024-09-06;2024-09-11;pending;1;Good hotel;2024-09-06
825;Hilton;Hilton Sea View;Sea View description;info825@hotel.com;Ukraine;Dnipro;Shevchenka;62;Double;1;113;489;2024-07-20;2024-07-27;checked-out;5;Good hotel;2024-07-20
826;Hilton;Hilton City Inn;City Inn description;info826@hotel.com;Ukraine;Dnipro;Shevchenka;63;Suite;3;190;451;2024-04-05;2024-04-11;pending;3;Good hotel;2024-04-05
827;Accor;Accor Sea View;Sea View description;info827@hotel.com;Ukraine;Dnipro;Shevchenka;32;Double;3;69;12;2024-07-05;2024-07-12;confirmed;1;Good hotel;2024-07-05
828;Hilton;Hilton Sea View;Sea View description;info828@hotel.com;Ukraine;Kyiv;Shevchenka;67;Suite;4;62;267;2024-07-30;2024-07-31;pending;2;Good hotel;2024-07-30
829;Hilton;Hilton Grand Hotel;Grand Hotel description;info829@hotel.com;Ukraine;Lviv;Shevchenka;43;Suite;1;54;157;2024-12-17;2024-12-18;confirmed;3;Good hotel;2024-12-17
830;Hyatt;Hyatt City Inn;City Inn description;info830@hotel.com;Ukraine;Lviv;Shevchenka;24;Single;3;185;244;2024-04-26;2024-04-28;pending;1;Good hotel;2024-04-26
831;Accor;Accor Sea View;Sea View description;info831@hotel.com;Ukraine;Dnipro;Shevchenka;71;Double;2;117;213;2024-12-01;2024-12-04;pending;5;Good hotel;2024-12-01
832;Accor;Accor City Inn;City Inn description;info832@hotel.com;Ukraine;Odesa;Shevchenka;61;Suite;2;147;245;2024-10-08;2024-10-14;checked-out;1;Good hotel;2024-10-08
833;Hilton;Hilton City Inn;City Inn description;info833@hotel.com;Ukraine;Dnipro;Shevchenka;33;Suite;4;101;85;2024-01-06;2024-01-08;checked-in;2;Good hotel;2024-01-06
834;Hyatt;Hyatt Grand Hotel;Grand Hotel description;info834@hotel.com;Ukraine;Lviv;Shevchenka;62;Single;2;81;178;2024-12-20;2024-12-26;confirmed;3;Good hotel;2024-12-20
835;Accor;Accor Sea View;Sea View description;info835@hotel.com;Ukraine;Kyiv;Shevchenka;50;Single;4;153;16;2024-07-09;2024-07-11;checked-in;1;Good hotel;2024-07-09
836;Marriott;Marriott Grand Hotel;Grand Hotel description;info836@hotel.com;Ukraine;Dnipro;Shevchenka;73;Double;2;228;301;2024-12-02;2024-12-08;checked-out;1;Good hotel;2024-12-02
837;Marriott;Marriott Grand Hotel;Grand Hotel description;info837@hotel.com;Ukraine;Dnipro;Shevchenka;23;Single;2;257;491;2024-11-11;2024-11-18;checked-in;3;Good hotel;2024-11-11
838;Marriott;Marriott City Inn;City Inn description;info838@hotel.com;Ukraine;Odesa;Shevchenka;64;Suite;2;54;230;2024-10-03;2024-10-06;checked-out;3;Good hotel;2024-10-03
839;Hilton;Hilton City Inn;City Inn description;info839@hotel.com;Ukraine;Dnipro;Shevchenka;93;Double;4;279;108;2024-01-04;2024-01-06;checked-in;3;Good hotel;2024-01-04
840;Hilton;Hilton Sea View;Sea View description;info840@hotel.com;Ukraine;Kyiv;Shevchenka;94;Single;4;87;479;2024-12-16;2024-12-23;checked-in;3;Good hotel;2024-12-16
841;Marriott;Marriott Sea View;Sea View description;info841@hotel.com;Ukraine;Lviv;Shevchenka;71;Double;2;85;260;2024-01-16;2024-01-20;checked-out;3;Good hotel;2024-01-16
842;Hilton;Hilton Sea View;Sea View description;info842@hotel.com;Ukraine;Odesa;Shevchenka;7;Single;1;125;64;2024-07-07;2024-07-14;confirmed;3;Good hotel;2024-07-07
843;Hyatt;Hyatt Grand Hotel;Grand Hotel description;info843@hotel.com;Ukraine;Odesa;Shevchenka;41;Single;2;68;141;2024-01-16;2024-01-18;pending;2;Good hotel;2024-01-16
844;Marriott;Marriott Sea View;Sea View description;info844@hotel.com;Ukraine;Odesa;Shevchenka;15;Double;1;124;499;2024-04-11;2024-04-14;checked-out;4;Good hotel;2024-04-11
845;Radisson;Radisson City Inn;City Inn description;info845@hotel.com;Ukraine;Odesa;Shevchenka;8;Single;3;81;145;2024-01-19;2024-01-21;checked-in;4;Good hotel;2024-01-19
846;Radisson;Radisson Mountain Resort;Mountain Resort description;info846@hotel.com;Ukraine;Lviv;Shevchenka;90;Single;1;156;43;2024-05-02;2024-05-03;checked-in;1;Good hotel;2024-05-02
847;Hilton;Hilton City Inn;City Inn description;info847@hotel.com;Ukraine;Lviv;Shevchenka;65;Suite;4;82;51;2024-11-24;2024-11-28;confirmed;1;Good hotel;2024-11-24
848;Hyatt;Hyatt Mountain Resort;Mountain Resort description;info848@hotel.com;Ukraine;Dnipro;Shevchenka;75;Double;2;151;62;2024-11-29;2024-12-03;confirmed;5;Good hotel;2024-11-29
849;Accor;Accor Grand Hotel;Grand Hotel description;info849@hotel.com;Ukraine;Odesa;Shevchenka;87;Double;3;265;220;2024-11-07;2024-11-12;confirmed;3;Good hotel;2024-11-07
850;Marriott;Marriott Mountain Resort;Mountain Resort description;info850@hotel.com;Ukraine;Dnipro;Shevchenka;42;Single;2;71;34;2024-09-23;2024-09-30;checked-in;3;Good hotel;2024-09-23
851;Hyatt;Hyatt City Inn;City Inn description;info851@hotel.com;Ukraine;Lviv;Shevchenka;28;Suite;1;145;9;2024-09-19;2024-09-22;checked-out;4;Good hotel;2024-09-19
852;Marriott;Marriott Grand Hotel;Grand Hotel description;info852@hotel.com;Ukraine;Lviv;Shevchenka;89;Suite;4;152;297;2024-10-15;2024-10-16;checked-in;1;Good hotel;2024-10-15
853;Marriott;Marriott Grand Hotel;Grand Hotel description;info853@hotel.com;Ukraine;Kyiv;Shevchenka;35;Single;4;220;393;2024-02-11;2024-02-18;checked-in;4;Good hotel;2024-02-11
854;Accor;Accor Mountain Resort;Mountain Resort description;info854@hotel.com;Ukraine;Dnipro;Shevchenka;1;Suite;2;126;471;2024-05-31;2024-06-07;confirmed;1;Good hotel;2024-05-31
855;Radisson;Radisson Sea View;Sea View description;info855@hotel.com;Ukraine;Kyiv;Shevchenka;29;Single;3;219;169;2024-12-12;2024-12-14;checked-in;2;Good hotel;2024-12-12
856;Hyatt;Hyatt Mountain Resort;Mountain Resort description;info856@hotel.com;Ukraine;Lviv;Shevchenka;3;Double;4;204;266;2024-01-15;2024-01-17;checked-out;3;Good hotel;2024-01-15
857;Hilton;Hilton Mountain Resort;Mountain Resort description;info857@hotel.com;Ukraine;Dnipro;Shevchenka;58;Suite;4;168;414;2024-08-05;2024-08-12;checked-in;3;Good hotel;2024-08-05
858;Radisson;Radisson Grand Hotel;Grand Hotel description;info858@hotel.com;Ukraine;Lviv;Shevchenka;66;Suite;2;290;378;2024-06-29;2024-07-01;confirmed;2;Good hotel;2024-06-29
859;Accor;Accor Mountain Resort;Mountain Resort description;info859@hotel.com;Ukraine;Dnipro;Shevchenka;20;Suite;2;240;122;2024-09-29;2024-10-03;checked-in;3;Good hotel;2024-09-29
860;Hilton;Hilton Sea View;Sea View description;info860@hotel.com;Ukraine;Kyiv;Shevchenka;61;Suite;4;160;22;2024-01-26;2024-01-31;checked-in;4;Good hotel;2024-01-26
861;Radisson;Radisson Grand Hotel;Grand Hotel description;info861@hotel.com;Ukraine;Kyiv;Shevchenka;78;Suite;2;201;284;2024-04-28;2024-05-05;pending;3;Good hotel;2024-04-28
862;Marriott;Marriott Grand Hotel;Grand Hotel description;info862@hotel.com;Ukraine;Odesa;Shevchenka;84;Suite;3;257;137;2024-01-09;2024-01-15;checked-out;4;Good hotel;2024-01-09
863;Radisson;Radisson City Inn;City Inn description;info863@hotel.com;Ukraine;Lviv;Shevchenka;20;Single;3;211;189;2024-04-16;2024-04-18;confirmed;3;Good hotel;2024-04-16
864;Marriott;Marriott Sea View;Sea View description;info864@hotel.com;Ukraine;Odesa;Shevchenka;72;Suite;2;145;13;2024-05-29;2024-05-30;checked-out;4;Good hotel;2024-05-29
865;Radisson;Radisson Sea View;Sea View description;info865@hotel.com;Ukraine;Dnipro;Shevchenka;8;Suite;3;248;103;2024-03-18;2024-03-24;checked-in;3;Good hotel;2024-03-18
866;Hilton;Hilton City Inn;City Inn description;info866@hotel.com;Ukraine;Odesa;Shevchenka;76;Suite;3;75;354;2024-04-01;2024-04-06;pending;4;Good hotel;2024-04-01
867;Radisson;Radisson Sea View;Sea View description;info867@hotel.com;Ukraine;Lviv;Shevchenka;75;Double;3;168;137;2024-11-10;2024-11-12;checked-in;4;Good hotel;2024-11-10
868;Marriott;Marriott Sea View;Sea View description;info868@hotel.com;Ukraine;Dnipro;Shevchenka;15;Double;4;186;340;2024-07-18;2024-07-21;checked-in;3;Good hotel;2024-07-18
869;Radisson;Radisson Mountain Resort;Mountain Resort description;info869@hotel.com;Ukraine;Lviv;Shevchenka;27;Single;4;271;82;2024-02-24;2024-02-27;confirmed;3;Good hotel;2024-02-24
870;Radisson;Radisson City Inn;City Inn description;info870@hotel.com;Ukraine;Dnipro;Shevchenka;88;Single;1;172;236;2024-11-29;2024-12-05;confirmed;5;Good hotel;2024-11-29
871;Accor;Accor Mountain Resort;Mountain Resort description;info871@hotel.com;Ukraine;Kyiv;Shevchenka;78;Suite;1;183;421;2024-02-11;2024-02-15;checked-in;5;Good hotel;2024-02-11
872;Marriott;Marriott City Inn;City Inn description;info872@hotel.com;Ukraine;Kyiv;Shevchenka;55;Single;2;205;209;2024-02-23;2024-02-26;checked-out;4;Good hotel;2024-02-23
873;Radisson;Radisson City Inn;City Inn description;info873@hotel.com;Ukraine;Odesa;Shevchenka;81;Suite;2;55;28;2024-03-13;2024-03-14;pending;2;Good hotel;2024-03-13
874;Marriott;Marriott Sea View;Sea View description;info874@hotel.com;Ukraine;Kyiv;Shevchenka;61;Single;4;300;264;2024-11-02;2024-11-04;checked-in;3;Good hotel;2024-11-02
875;Accor;Accor Mountain Resort;Mountain Resort description;info875@hotel.com;Ukraine;Lviv;Shevchenka;3;Single;2;80;195;2024-07-17;2024-07-23;checked-in;2;Good hotel;2024-07-17
876;Accor;Accor Mountain Resort;Mountain Resort description;info876@hotel.com;Ukraine;Dnipro;Shevchenka;61;Single;4;86;436;2024-01-01;2024-01-08;checked-in;5;Good hotel;2024-01-01
877;Marriott;Marriott Mountain Resort;Mountain Resort description;info877@hotel.com;Ukraine;Dnipro;Shevchenka;19;Suite;2;50;486;2024-11-27;2024-12-02;checked-in;2;Good hotel;2024-11-27
878;Radisson;Radisson Mountain Resort;Mountain Resort description;info878@hotel.com;Ukraine;Dnipro;Shevchenka;58;Suite;3;274;171;2024-10-04;2024-10-11;pending;5;Good hotel;2024-10-04
879;Accor;Accor Sea View;Sea View description;info879@hotel.com;Ukraine;Kyiv;Shevchenka;8;Single;2;128;43;2024-09-09;2024-09-14;checked-in;4;Good hotel;2024-09-09
880;Hyatt;Hyatt City Inn;City Inn description;info880@hotel.com;Ukraine;Dnipro;Shevchenka;23;Single;4;219;421;2024-10-03;2024-10-10;checked-out;5;Good hotel;2024-10-03
881;Marriott;Marriott Mountain Resort;Mountain Resort description;info881@hotel.com;Ukraine;Dnipro;Shevchenka;30;Suite;3;256;277;2024-07-19;2024-07-24;confirmed;3;Good hotel;2024-07-19
882;Hilton;Hilton City Inn;City Inn description;info882@hotel.com;Ukraine;Lviv;Shevchenka;18;Single;1;132;142;2024-08-14;2024-08-18;confirmed;4;Good hotel;2024-08-14
883;Marriott;Marriott Grand Hotel;Grand Hotel description;info883@hotel.com;Ukraine;Lviv;Shevchenka;64;Single;4;231;12;2024-03-07;2024-03-11;pending;3;Good hotel;2024-03-07
884;Radisson;Radisson Sea View;Sea View description;info884@hotel.com;Ukraine;Dnipro;Shevchenka;13;Double;3;205;218;2024-12-02;2024-12-07;pending;4;Good hotel;2024-12-02
885;Hyatt;Hyatt Sea View;Sea View description;info885@hotel.com;Ukraine;Lviv;Shevchenka;59;Suite;1;170;167;2024-12-08;2024-12-12;pending;5;Good hotel;2024-12-08
886;Marriott;Marriott Mountain Resort;Mountain Resort description;info886@hotel.com;Ukraine;Odesa;Shevchenka;41;Suite;3;60;184;2024-04-07;2024-04-11;checked-out;3;Good hotel;2024-04-07
887;Marriott;Marriott Mountain Resort;Mountain Resort description;info887@hotel.com;Ukraine;Lviv;Shevchenka;29;Double;1;51;194;2024-06-08;2024-06-15;confirmed;2;Good hotel;2024-06-08
888;Accor;Accor Mountain Resort;Mountain Resort description;info888@hotel.com;Ukraine;Kyiv;Shevchenka;11;Single;2;277;440;2024-01-31;2024-02-03;checked-in;1;Good hotel;2024-01-31
889;Marriott;Marriott City Inn;City Inn description;info889@hotel.com;Ukraine;Odesa;Shevchenka;46;Double;3;247;376;2024-08-20;2024-08-26;checked-in;4;Good hotel;2024-08-20
890;Hilton;Hilton Mountain Resort;Mountain Resort description;info890@hotel.com;Ukraine;Dnipro;Shevchenka;33;Single;4;89;199;2024-02-01;2024-02-05;confirmed;5;Good hotel;2024-02-01
891;Radisson;Radisson Sea View;Sea View description;info891@hotel.com;Ukraine;Dnipro;Shevchenka;28;Single;1;261;2;2024-08-17;2024-08-23;confirmed;1;Good hotel;2024-08-17
892;Marriott;Marriott Mountain Resort;Mountain Resort description;info892@hotel.com;Ukraine;Dnipro;Shevchenka;22;Double;1;140;372;2024-04-01;2024-04-07;pending;2;Good hotel;2024-04-01
893;Accor;Accor Grand Hotel;Grand Hotel description;info893@hotel.com;Ukraine;Odesa;Shevchenka;50;Single;3;275;72;2024-06-11;2024-06-17;checked-out;2;Good hotel;2024-06-11
894;Hilton;Hilton City Inn;City Inn description;info894@hotel.com;Ukraine;Odesa;Shevchenka;63;Double;4;150;438;2024-02-06;2024-02-10;checked-out;4;Good hotel;2024-02-06
895;Radisson;Radisson Mountain Resort;Mountain Resort description;info895@hotel.com;Ukraine;Kyiv;Shevchenka;32;Single;3;191;219;2024-12-23;2024-12-29;checked-out;4;Good hotel;2024-12-23
896;Radisson;Radisson Grand Hotel;Grand Hotel description;info896@hotel.com;Ukraine;Odesa;Shevchenka;31;Suite;3;300;357;2024-08-06;2024-08-07;pending;2;Good hotel;2024-08-06
897;Hyatt;Hyatt Grand Hotel;Grand Hotel description;info897@hotel.com;Ukraine;Odesa;Shevchenka;12;Suite;1;212;38;2024-05-15;2024-05-18;checked-in;1;Good hotel;2024-05-15
898;Marriott;Marriott Mountain Resort;Mountain Resort description;info898@hotel.com;Ukraine;Kyiv;Shevchenka;3;Double;2;226;450;2024-06-13;2024-06-15;confirmed;1;Good hotel;2024-06-13
899;Hyatt;Hyatt Grand Hotel;Grand Hotel description;info899@hotel.com;Ukraine;Dnipro;Shevchenka;84;Single;3;118;378;2024-04-09;2024-04-14;pending;1;Good hotel;2024-04-09
900;Marriott;Marriott City Inn;City Inn description;info900@hotel.com;Ukraine;Lviv;Shevchenka;58;Suite;3;288;123;2024-05-18;2024-05-25;pending;1;Good hotel;2024-05-18
901;Hilton;Hilton City Inn;City Inn description;info901@hotel.com;Ukraine;Dnipro;Shevchenka;43;Single;4;168;232;2024-10-05;2024-10-12;checked-in;2;Good hotel;2024-10-05
902;Accor;Accor Mountain Resort;Mountain Resort description;info902@hotel.com;Ukraine;Dnipro;Shevchenka;37;Double;1;239;481;2024-12-06;2024-12-07;checked-in;2;Good hotel;2024-12-06
903;Marriott;Marriott Grand Hotel;Grand Hotel description;info903@hotel.com;Ukraine;Kyiv;Shevchenka;38;Single;4;260;431;2024-02-11;2024-02-14;checked-in;1;Good hotel;2024-02-11
904;Marriott;Marriott City Inn;City Inn description;info904@hotel.com;Ukraine;Dnipro;Shevchenka;70;Single;4;296;166;2024-07-29;2024-08-01;checked-in;2;Good hotel;2024-07-29
905;Radisson;Radisson Grand Hotel;Grand Hotel description;info905@hotel.com;Ukraine;Odesa;Shevchenka;53;Single;2;221;429;2024-04-08;2024-04-15;checked-in;4;Good hotel;2024-04-08
906;Accor;Accor City Inn;City Inn description;info906@hotel.com;Ukraine;Dnipro;Shevchenka;30;Single;1;137;134;2024-06-11;2024-06-17;checked-out;4;Good hotel;2024-06-11
907;Marriott;Marriott Sea View;Sea View description;info907@hotel.com;Ukraine;Lviv;Shevchenka;16;Single;2;108;388;2024-01-28;2024-01-31;checked-in;1;Good hotel;2024-01-28
908;Hilton;Hilton Mountain Resort;Mountain Resort description;info908@hotel.com;Ukraine;Lviv;Shevchenka;53;Double;3;89;362;2024-10-13;2024-10-19;confirmed;1;Good hotel;2024-10-13
909;Hilton;Hilton Sea View;Sea View description;info909@hotel.com;Ukraine;Odesa;Shevchenka;48;Double;4;214;141;2024-06-10;2024-06-14;checked-in;5;Good hotel;2024-06-10
910;Hyatt;Hyatt City Inn;City Inn description;info910@hotel.com;Ukraine;Lviv;Shevchenka;65;Single;1;104;402;2024-08-09;2024-08-12;confirmed;4;Good hotel;2024-08-09
911;Hyatt;Hyatt Mountain Resort;Mountain Resort description;info911@hotel.com;Ukraine;Odesa;Shevchenka;37;Single;4;153;402;2024-01-11;2024-01-13;checked-in;2;Good hotel;2024-01-11
912;Radisson;Radisson City Inn;City Inn description;info912@hotel.com;Ukraine;Lviv;Shevchenka;14;Single;2;52;176;2024-02-17;2024-02-20;confirmed;3;Good hotel;2024-02-17
913;Radisson;Radisson Mountain Resort;Mountain Resort description;info913@hotel.com;Ukraine;Kyiv;Shevchenka;14;Double;4;222;428;2024-03-22;2024-03-25;checked-in;1;Good hotel;2024-03-22
914;Hilton;Hilton Mountain Resort;Mountain Resort description;info914@hotel.com;Ukraine;Odesa;Shevchenka;30;Single;4;214;479;2024-12-25;2024-12-28;pending;3;Good hotel;2024-12-25
915;Hilton;Hilton City Inn;City Inn description;info915@hotel.com;Ukraine;Lviv;Shevchenka;72;Single;2;171;12;2024-04-05;2024-04-12;checked-in;1;Good hotel;2024-04-05
916;Hilton;Hilton Mountain Resort;Mountain Resort description;info916@hotel.com;Ukraine;Odesa;Shevchenka;88;Double;3;179;245;2024-09-01;2024-09-05;pending;4;Good hotel;2024-09-01
917;Hilton;Hilton City Inn;City Inn description;info917@hotel.com;Ukraine;Odesa;Shevchenka;22;Single;2;92;61;2024-11-30;2024-12-03;checked-in;3;Good hotel;2024-11-30
918;Radisson;Radisson Sea View;Sea View description;info918@hotel.com;Ukraine;Odesa;Shevchenka;100;Suite;2;255;69;2024-01-29;2024-02-01;checked-in;4;Good hotel;2024-01-29
919;Marriott;Marriott Grand Hotel;Grand Hotel description;info919@hotel.com;Ukraine;Odesa;Shevchenka;33;Single;2;177;415;2024-10-19;2024-10-22;pending;1;Good hotel;2024-10-19
920;Marriott;Marriott Grand Hotel;Grand Hotel description;info920@hotel.com;Ukraine;Dnipro;Shevchenka;39;Double;3;185;313;2024-03-21;2024-03-28;checked-in;3;Good hotel;2024-03-21
921;Hyatt;Hyatt Mountain Resort;Mountain Resort description;info921@hotel.com;Ukraine;Lviv;Shevchenka;52;Single;2;71;151;2024-01-15;2024-01-20;confirmed;3;Good hotel;2024-01-15
922;Marriott;Marriott Grand Hotel;Grand Hotel description;info922@hotel.com;Ukraine;Kyiv;Shevchenka;71;Single;4;111;364;2024-11-24;2024-11-26;pending;5;Good hotel;2024-11-24
923;Hilton;Hilton City Inn;City Inn description;info923@hotel.com;Ukraine;Odesa;Shevchenka;72;Double;3;61;138;2024-09-29;2024-10-04;pending;4;Good hotel;2024-09-29
924;Accor;Accor Mountain Resort;Mountain Resort description;info924@hotel.com;Ukraine;Lviv;Shevchenka;12;Double;1;170;468;2024-05-30;2024-06-02;checked-out;1;Good hotel;2024-05-30
925;Hilton;Hilton Grand Hotel;Grand Hotel description;info925@hotel.com;Ukraine;Dnipro;Shevchenka;44;Suite;1;279;229;2024-10-25;2024-10-27;pending;1;Good hotel;2024-10-25
926;Radisson;Radisson Sea View;Sea View description;info926@hotel.com;Ukraine;Dnipro;Shevchenka;80;Single;3;151;81;2024-12-02;2024-12-03;pending;3;Good hotel;2024-12-02
927;Marriott;Marriott Mountain Resort;Mountain Resort description;info927@hotel.com;Ukraine;Odesa;Shevchenka;20;Suite;3;150;181;2024-04-29;2024-05-06;checked-in;2;Good hotel;2024-04-29
928;Marriott;Marriott Sea View;Sea View description;info928@hotel.com;Ukraine;Lviv;Shevchenka;84;Single;3;236;203;2024-09-18;2024-09-22;checked-out;5;Good hotel;2024-09-18
929;Marriott;Marriott Mountain Resort;Mountain Resort description;info929@hotel.com;Ukraine;Kyiv;Shevchenka;51;Double;1;125;233;2024-01-16;2024-01-21;pending;3;Good hotel;2024-01-16
930;Radisson;Radisson Grand Hotel;Grand Hotel description;info930@hotel.com;Ukraine;Dnipro;Shevchenka;94;Double;3;164;288;2024-12-28;2025-01-03;confirmed;5;Good hotel;2024-12-28
931;Accor;Accor Sea View;Sea View description;info931@hotel.com;Ukraine;Lviv;Shevchenka;40;Double;1;183;353;2024-11-07;2024-11-12;checked-in;3;Good hotel;2024-11-07
932;Radisson;Radisson City Inn;City Inn description;info932@hotel.com;Ukraine;Kyiv;Shevchenka;75;Single;3;119;75;2024-06-16;2024-06-17;confirmed;3;Good hotel;2024-06-16
933;Radisson;Radisson Sea View;Sea View description;info933@hotel.com;Ukraine;Kyiv;Shevchenka;96;Double;1;115;150;2024-06-15;2024-06-18;checked-in;5;Good hotel;2024-06-15
934;Accor;Accor Sea View;Sea View description;info934@hotel.com;Ukraine;Lviv;Shevchenka;32;Suite;4;299;141;2024-09-27;2024-10-03;confirmed;4;Good hotel;2024-09-27
935;Accor;Accor City Inn;City Inn description;info935@hotel.com;Ukraine;Kyiv;Shevchenka;94;Double;4;69;211;2024-04-10;2024-04-11;checked-out;5;Good hotel;2024-04-10
936;Hyatt;Hyatt Sea View;Sea View description;info936@hotel.com;Ukraine;Odesa;Shevchenka;70;Single;3;270;144;2024-05-12;2024-05-16;pending;5;Good hotel;2024-05-12
937;Radisson;Radisson Sea View;Sea View description;info937@hotel.com;Ukraine;Dnipro;Shevchenka;16;Single;2;177;223;2024-02-08;2024-02-10;checked-out;4;Good hotel;2024-02-08
938;Hilton;Hilton Sea View;Sea View description;info938@hotel.com;Ukraine;Lviv;Shevchenka;9;Single;1;146;250;2024-09-10;2024-09-13;checked-out;4;Good hotel;2024-09-10
939;Radisson;Radisson Grand Hotel;Grand Hotel description;info939@hotel.com;Ukraine;Lviv;Shevchenka;18;Suite;2;56;154;2024-08-16;2024-08-17;pending;2;Good hotel;2024-08-16
940;Accor;Accor City Inn;City Inn description;info940@hotel.com;Ukraine;Lviv;Shevchenka;30;Double;2;229;496;2024-06-16;2024-06-21;checked-out;2;Good hotel;2024-06-16
941;Marriott;Marriott Sea View;Sea View description;info941@hotel.com;Ukraine;Lviv;Shevchenka;1;Suite;1;233;55;2024-04-18;2024-04-22;checked-out;4;Good hotel;2024-04-18
942;Accor;Accor Mountain Resort;Mountain Resort description;info942@hotel.com;Ukraine;Lviv;Shevchenka;88;Suite;2;82;199;2024-06-02;2024-06-09;pending;5;Good hotel;2024-06-02
943;Accor;Accor Grand Hotel;Grand Hotel description;info943@hotel.com;Ukraine;Lviv;Shevchenka;24;Suite;1;275;197;2024-01-20;2024-01-24;checked-in;4;Good hotel;2024-01-20
944;Accor;Accor Sea View;Sea View description;info944@hotel.com;Ukraine;Dnipro;Shevchenka;100;Single;2;223;138;2024-12-26;2024-12-29;checked-out;1;Good hotel;2024-12-26
945;Hilton;Hilton Sea View;Sea View description;info945@hotel.com;Ukraine;Odesa;Shevchenka;53;Single;2;84;381;2024-02-27;2024-03-01;checked-out;1;Good hotel;2024-02-27
946;Hilton;Hilton Mountain Resort;Mountain Resort description;info946@hotel.com;Ukraine;Dnipro;Shevchenka;16;Suite;4;240;487;2024-11-18;2024-11-19;checked-out;4;Good hotel;2024-11-18
947;Hilton;Hilton Sea View;Sea View description;info947@hotel.com;Ukraine;Odesa;Shevchenka;42;Suite;2;262;220;2024-08-16;2024-08-23;confirmed;1;Good hotel;2024-08-16
948;Radisson;Radisson Grand Hotel;Grand Hotel description;info948@hotel.com;Ukraine;Dnipro;Shevchenka;99;Single;2;93;423;2024-05-13;2024-05-14;checked-out;5;Good hotel;2024-05-13
949;Hilton;Hilton Grand Hotel;Grand Hotel description;info949@hotel.com;Ukraine;Lviv;Shevchenka;23;Single;4;86;232;2024-09-14;2024-09-15;confirmed;4;Good hotel;2024-09-14
950;Hyatt;Hyatt Grand Hotel;Grand Hotel description;info950@hotel.com;Ukraine;Lviv;Shevchenka;80;Double;2;50;299;2024-08-16;2024-08-18;checked-in;1;Good hotel;2024-08-16
951;Hyatt;Hyatt Mountain Resort;Mountain Resort description;info951@hotel.com;Ukraine;Lviv;Shevchenka;6;Suite;4;52;18;2024-09-03;2024-09-09;confirmed;3;Good hotel;2024-09-03
952;Radisson;Radisson Sea View;Sea View description;info952@hotel.com;Ukraine;Lviv;Shevchenka;48;Single;4;72;234;2024-05-01;2024-05-04;checked-out;1;Good hotel;2024-05-01
953;Radisson;Radisson Grand Hotel;Grand Hotel description;info953@hotel.com;Ukraine;Odesa;Shevchenka;52;Double;3;287;499;2024-10-13;2024-10-17;confirmed;5;Good hotel;2024-10-13
954;Hilton;Hilton Mountain Resort;Mountain Resort description;info954@hotel.com;Ukraine;Odesa;Shevchenka;40;Suite;1;182;289;2024-04-07;2024-04-14;checked-out;5;Good hotel;2024-04-07
955;Marriott;Marriott Sea View;Sea View description;info955@hotel.com;Ukraine;Kyiv;Shevchenka;95;Double;3;160;399;2024-12-02;2024-12-05;checked-out;2;Good hotel;2024-12-02
956;Hyatt;Hyatt City Inn;City Inn description;info956@hotel.com;Ukraine;Dnipro;Shevchenka;67;Suite;2;93;184;2024-01-26;2024-01-31;confirmed;1;Good hotel;2024-01-26
957;Hyatt;Hyatt City Inn;City Inn description;info957@hotel.com;Ukraine;Lviv;Shevchenka;57;Single;4;152;301;2024-06-05;2024-06-10;checked-in;3;Good hotel;2024-06-05
958;Marriott;Marriott Sea View;Sea View description;info958@hotel.com;Ukraine;Dnipro;Shevchenka;70;Double;3;238;479;2024-10-05;2024-10-09;confirmed;2;Good hotel;2024-10-05
959;Radisson;Radisson Mountain Resort;Mountain Resort description;info959@hotel.com;Ukraine;Kyiv;Shevchenka;38;Single;1;117;358;2024-12-12;2024-12-18;pending;2;Good hotel;2024-12-12
960;Radisson;Radisson Sea View;Sea View description;info960@hotel.com;Ukraine;Lviv;Shevchenka;89;Double;1;87;108;2024-01-08;2024-01-12;pending;2;Good hotel;2024-01-08
961;Radisson;Radisson City Inn;City Inn description;info961@hotel.com;Ukraine;Odesa;Shevchenka;45;Double;2;292;467;2024-09-08;2024-09-11;pending;3;Good hotel;2024-09-08
962;Radisson;Radisson Sea View;Sea View description;info962@hotel.com;Ukraine;Kyiv;Shevchenka;8;Suite;2;76;410;2024-12-13;2024-12-17;checked-in;2;Good hotel;2024-12-13
963;Hyatt;Hyatt Grand Hotel;Grand Hotel description;info963@hotel.com;Ukraine;Lviv;Shevchenka;98;Double;2;94;412;2024-03-27;2024-03-29;pending;3;Good hotel;2024-03-27
964;Hyatt;Hyatt Mountain Resort;Mountain Resort description;info964@hotel.com;Ukraine;Kyiv;Shevchenka;54;Single;4;112;182;2024-03-05;2024-03-10;pending;1;Good hotel;2024-03-05
965;Hilton;Hilton Mountain Resort;Mountain Resort description;info965@hotel.com;Ukraine;Kyiv;Shevchenka;71;Double;1;57;64;2024-09-07;2024-09-13;checked-out;5;Good hotel;2024-09-07
966;Accor;Accor Sea View;Sea View description;info966@hotel.com;Ukraine;Lviv;Shevchenka;30;Double;2;112;349;2024-05-30;2024-06-03;pending;3;Good hotel;2024-05-30
967;Hyatt;Hyatt Mountain Resort;Mountain Resort description;info967@hotel.com;Ukraine;Kyiv;Shevchenka;96;Single;2;230;424;2024-01-02;2024-01-04;checked-in;2;Good hotel;2024-01-02
968;Accor;Accor Mountain Resort;Mountain Resort description;info968@hotel.com;Ukraine;Dnipro;Shevchenka;99;Suite;1;138;125;2024-06-01;2024-06-04;pending;2;Good hotel;2024-06-01
969;Hilton;Hilton Sea View;Sea View description;info969@hotel.com;Ukraine;Odesa;Shevchenka;37;Double;4;134;335;2024-09-28;2024-09-30;pending;3;Good hotel;2024-09-28
970;Hilton;Hilton City Inn;City Inn description;info970@hotel.com;Ukraine;Kyiv;Shevchenka;98;Single;1;50;96;2024-05-12;2024-05-15;checked-out;3;Good hotel;2024-05-12
971;Accor;Accor Mountain Resort;Mountain Resort description;info971@hotel.com;Ukraine;Kyiv;Shevchenka;30;Single;4;194;293;2024-06-23;2024-06-27;checked-out;4;Good hotel;2024-06-23
972;Radisson;Radisson City Inn;City Inn description;info972@hotel.com;Ukraine;Dnipro;Shevchenka;43;Double;3;252;25;2024-11-26;2024-11-28;confirmed;3;Good hotel;2024-11-26
973;Hyatt;Hyatt Mountain Resort;Mountain Resort description;info973@hotel.com;Ukraine;Odesa;Shevchenka;95;Single;2;195;443;2024-09-04;2024-09-10;confirmed;3;Good hotel;2024-09-04
974;Marriott;Marriott Grand Hotel;Grand Hotel description;info974@hotel.com;Ukraine;Odesa;Shevchenka;91;Suite;2;174;321;2024-03-28;2024-04-02;pending;2;Good hotel;2024-03-28
975;Marriott;Marriott Grand Hotel;Grand Hotel description;info975@hotel.com;Ukraine;Dnipro;Shevchenka;53;Suite;1;120;30;2024-02-23;2024-02-24;checked-out;4;Good hotel;2024-02-23
976;Hyatt;Hyatt Mountain Resort;Mountain Resort description;info976@hotel.com;Ukraine;Lviv;Shevchenka;44;Double;4;186;155;2024-08-23;2024-08-27;confirmed;3;Good hotel;2024-08-23
977;Hyatt;Hyatt Grand Hotel;Grand Hotel description;info977@hotel.com;Ukraine;Odesa;Shevchenka;2;Single;3;253;224;2024-05-31;2024-06-05;confirmed;2;Good hotel;2024-05-31
978;Hyatt;Hyatt Mountain Resort;Mountain Resort description;info978@hotel.com;Ukraine;Odesa;Shevchenka;95;Double;3;126;156;2024-04-30;2024-05-07;pending;2;Good hotel;2024-04-30
979;Marriott;Marriott Sea View;Sea View description;info979@hotel.com;Ukraine;Dnipro;Shevchenka;16;Single;2;258;219;2024-11-29;2024-12-06;checked-out;1;Good hotel;2024-11-29
980;Accor;Accor Mountain Resort;Mountain Resort description;info980@hotel.com;Ukraine;Odesa;Shevchenka;30;Suite;1;224;201;2024-11-13;2024-11-15;checked-in;5;Good hotel;2024-11-13
981;Hilton;Hilton Sea View;Sea View description;info981@hotel.com;Ukraine;Odesa;Shevchenka;49;Single;1;264;45;2024-03-06;2024-03-13;checked-in;5;Good hotel;2024-03-06
982;Radisson;Radisson Grand Hotel;Grand Hotel description;info982@hotel.com;Ukraine;Odesa;Shevchenka;25;Double;4;145;486;2024-08-24;2024-08-28;checked-out;1;Good hotel;2024-08-24
983;Hilton;Hilton City Inn;City Inn description;info983@hotel.com;Ukraine;Kyiv;Shevchenka;94;Double;1;236;463;2024-07-07;2024-07-09;pending;5;Good hotel;2024-07-07
984;Marriott;Marriott City Inn;City Inn description;info984@hotel.com;Ukraine;Odesa;Shevchenka;48;Single;4;93;107;2024-06-24;2024-06-30;checked-in;1;Good hotel;2024-06-24
985;Radisson;Radisson City Inn;City Inn description;info985@hotel.com;Ukraine;Kyiv;Shevchenka;44;Suite;2;256;438;2024-12-31;2025-01-06;checked-out;2;Good hotel;2024-12-31
986;Marriott;Marriott Sea View;Sea View description;info986@hotel.com;Ukraine;Kyiv;Shevchenka;94;Single;1;277;415;2024-04-11;2024-04-16;checked-out;2;Good hotel;2024-04-11
987;Marriott;Marriott City Inn;City Inn description;info987@hotel.com;Ukraine;Odesa;Shevchenka;59;Single;3;75;32;2024-02-03;2024-02-04;pending;3;Good hotel;2024-02-03
988;Radisson;Radisson Mountain Resort;Mountain Resort description;info988@hotel.com;Ukraine;Odesa;Shevchenka;18;Suite;4;235;150;2024-01-26;2024-01-28;pending;1;Good hotel;2024-01-26
989;Radisson;Radisson Grand Hotel;Grand Hotel description;info989@hotel.com;Ukraine;Odesa;Shevchenka;55;Suite;1;228;121;2024-03-09;2024-03-12;confirmed;1;Good hotel;2024-03-09
990;Hilton;Hilton City Inn;City Inn description;info990@hotel.com;Ukraine;Odesa;Shevchenka;30;Double;3;98;304;2024-08-18;2024-08-23;checked-in;4;Good hotel;2024-08-18
991;Marriott;Marriott Sea View;Sea View description;info991@hotel.com;Ukraine;Odesa;Shevchenka;24;Single;2;227;288;2024-06-01;2024-06-08;checked-in;2;Good hotel;2024-06-01
992;Hyatt;Hyatt Mountain Resort;Mountain Resort description;info992@hotel.com;Ukraine;Kyiv;Shevchenka;77;Double;2;133;219;2024-12-04;2024-12-06;checked-out;4;Good hotel;2024-12-04
993;Radisson;Radisson Grand Hotel;Grand Hotel description;info993@hotel.com;Ukraine;Odesa;Shevchenka;100;Suite;2;300;465;2024-05-28;2024-06-01;confirmed;1;Good hotel;2024-05-28
994;Accor;Accor Grand Hotel;Grand Hotel description;info994@hotel.com;Ukraine;Kyiv;Shevchenka;48;Single;2;67;201;2024-03-16;2024-03-20;checked-out;1;Good hotel;2024-03-16
995;Hilton;Hilton Mountain Resort;Mountain Resort description;info995@hotel.com;Ukraine;Kyiv;Shevchenka;12;Double;4;107;71;2024-12-23;2024-12-30;pending;3;Good hotel;2024-12-23
996;Accor;Accor Grand Hotel;Grand Hotel description;info996@hotel.com;Ukraine;Odesa;Shevchenka;24;Single;2;165;123;2024-02-27;2024-03-05;checked-out;2;Good hotel;2024-02-27
997;Hilton;Hilton Mountain Resort;Mountain Resort description;info997@hotel.com;Ukraine;Kyiv;Shevchenka;47;Double;1;101;303;2024-04-26;2024-05-03;confirmed;1;Good hotel;2024-04-26
998;Hilton;Hilton Grand Hotel;Grand Hotel description;info998@hotel.com;Ukraine;Odesa;Shevchenka;39;Single;3;108;123;2024-12-03;2024-12-06;confirmed;2;Good hotel;2024-12-03
999;Hyatt;Hyatt Grand Hotel;Grand Hotel description;info999@hotel.com;Ukraine;Dnipro;Shevchenka;29;Double;2;283;175;2024-08-28;2024-09-03;checked-out;5;Good hotel;2024-08-28
